f_id,title,stream,surface,observed_at,evidence_class,evidence,severity,category,spec_ids,status,routed_to,operator_priority
NEW-1,"F-22 refinement: the deleted GATE DECISIONS rows were the sole or authoritative record for decisions HEAD still cites — GL-GATE-06 (58 sources.toml lines, 21 rights packets, the P26.2 contract) and the P21.3/P21.5/P21.7 gate answers; 0 of 53 rows survive verbatim",B,docs/build/LEDGER.md @ c2055d96^ (eb9a23d0) lines 114-166; connectors/src/connectors/data/sources.toml; docs/build/reports/rights/,2026-09-30T17:10:13Z,code,"git show eb9a23d0:docs/build/LEDGER.md | sed -n 166p = the GL-GATE-06 row (the operator question, the answer and the scope limit: resolved-clear licences only; UNRESOLVED/not_contacted stay false). HEAD GATE DECISIONS (LEDGER:112-188) mentions GL-GATE-0[1-6] 0 times; HEAD LEDGER cites GL-GATE-06 only in 4 PHASE LOG lines (402, 406, 407, 409). git grep -c GL-GATE-06 sources.toml = 58; 21 rights packets cite it; P26.2 contract:12 cites 'GL-GATE-06 (LEDGER GATE DECISIONS, 2026-09-16)'. The P21.3, P21.5 and P21.7 contracts say gate answers 'may arrive via the build ledger's GATE DECISIONS table instead of an edit to this file', so rows R17/R18/R24/R25/R27/R28 were the only decision record. Survival scan of the 53 rows over HEAD docs/: 0 verbatim; 32 paraphrased; 14 partial; 6 with no record; 1 orphaned (B2 research §4).",S1,memory-integrity/append-only,SIG-MEM-002; GL-GATE-06,proposed,B2; B3; E4,
NEW-2,"events.jsonl: P33.1 (7a2ff9fa) changed the from/to status of 8 existing e0 events in place (OPEN/PARTIAL → DONE, interpretation preserved → reconciled) instead of appending transitions; each regeneration also rewrote source_commit on every event",B,docs/build/reports/obligations/events.jsonl,2026-09-30T17:10:13Z,code,"Field-level diff of the versions at 6bade66e→b132bbbb→30d401dc→7a2ff9fa: 0 event ids removed. Changed fields: b132bbbb source_commit 89, recorded_at 89 (2026-10-14→2026-09-27), observed_at 82, anchor 5; 30d401dc source_commit 90, anchor 1; 7a2ff9fa source_commit 90, recorded_at 90 (→2026-10-21), observed_at 80, from_status/to_status/owner/landing/reason/evidence_refs 8 (D-P30.1-2, D-P30.2a-1, D-P30.2a-2, D-P30.3-1, D-P30.3-2, D-P30.3-3, D-P31.1-2, D-P31.3-1). Every version has seq=0 only and 0 events with from_status≠to_status. The pre-mutation OPEN/PARTIAL anchors exist only in git (30d401dc). Refines F-26; the date side is B1 NEW-7.",S2,memory-integrity/append-only,SIG-MEM-002,proposed,B3; B4,
NEW-3,5 DEFERRALS status transitions have no valid justification: their only dated note postdates the commit and no obligation event exists; 11 more carry a future-dated reconciliation stamp over a valid earlier note; none of the 74 transitions is event-backed,B,docs/tickets/DEFERRALS.md,2026-09-30T17:10:13Z,code,"The B2 scan (per-commit id-matched row diff over history) found 74 primary-row leading-token rewrites: 50 OPEN→DONE, 13 OPEN→PARTIAL, 9 PARTIAL→DONE, 4 OPEN→WONTFIX. 58 have a dated note on or before the commit's UTC date. 11 (6bade66e ×3, 7a2ff9fa ×8) carry reconciliation stamps dated 2026-10-14 or 2026-10-21 over an earlier valid dated DONE. 5 have no valid date: D-P30.2b-3 'DONE 2026-10-02' (4e0dd070, 2026-09-25T23:21Z); D-P27.5-1 'DONE 2026-10-03' (be7bab69, 2026-09-26); D-P31.1-1, D-P31.1-3, D-P31.5-2 'DONE 2026-10-14' (6bade66e, 2026-09-27), whose cited 'dated DONE 2026-10-11/09-28/10-12' is also on or after the commit. events.jsonl has 0 transition events (NEW-2). Overlaps F-21 and B1 (dates); the B2 angle is that these transitions are unjustified.",S2,memory-integrity/append-only,SIG-MEM-002,proposed,B1; B3,
NEW-4,"DEFERRALS dated snapshot table 'P30.4 sweep — every OPEN / PARTIAL row … (2026-09-24)' was edited after its date, so it no longer shows the state as of 2026-09-24",B,docs/tickets/DEFERRALS.md § '### P30.4 sweep',2026-09-30T17:10:13Z,code,"4e0dd070 (2026-09-25T23:21Z) changed D-P30.2b-3 OPEN to 'DONE — duplicate-target lineage landed P31.11/ADR-116' and rewrote D-P30.2b-1's item cell, dropping '11,625 proposals, 0 decisions'. be7bab69 (2026-09-26) changed D-P27.5-1 OPEN to 'DONE P31.14/ADR-117' and replaced its item text. 90264c8a (2026-09-26) annotated D-P30.3-2 with strike-through. Originals are recoverable from each <sha>^.",S2,memory-integrity/append-only,SIG-MEM-002,proposed,B3; B4,
NEW-5,"Executed ticket contracts are rewritten in place, and no contract in docs/tickets has a '> Amended <date>' note (BM-TICKET-04 never used); after execution P25.5's AC was weakened and ticked, and P29.3's ACs were rewritten by its own implementation commit",B,"docs/tickets/P25.4__*.md, P25.5__*.md, P25.1__*.md, P29.3__*.md, P21.x, P22.3",2026-09-30T17:10:13Z,code,"grep -l '^> Amended' docs/tickets/*.md → 0 files. b87c279c (2026-09-16T00:14Z; P25.5 first implementation 7c9ab116 at 2026-09-15T23:05Z; P25.4 BUILD_INDEX row 91 landed 2026-09-15) replaced the Gate status and Live stage, rewrote the deliverables, and changed P25.5's AC 'fetched live … with typed/evidenced claims' to '[x] … provenance rows (document capture) OR gate recorded', moving the stronger clause to a new unticked AC (the F-16 shape). b4bd0068 (the P29.3 implementation) rewrote AC 'ingestion_permitted=false until HG-03' to 'flipped under GL-GATE-07' and ticked [x]/[~]. 03450cb8 rewrote P25.1 deliverable 1 mid-execution. a583df05 (7 P21.x contracts) and d8bcd3ab (P22.3) made path-only edits with no note.",S2,memory-integrity/frozen-contracts,BM-TICKET-04,proposed,B3; B4,
NEW-6,"F-29 extension: the ACCEPT-R8 signing commit also deleted the 'no agent signs it' guard text, and the GATE-G1 readout's criterion 'records the outcome here as PASSED' was later reworded to 'cleared'",B,docs/build/readouts/ACCEPT-R8.md; docs/build/readouts/GATE-G1.md,2026-09-30T17:10:13Z,code,"0a715fcc (2026-09-24T17:52Z) removed '(pending; the signature is the operator's, and no agent signs it)' and the blank disposition template and wrote the signature in place; the operator instruction 'ok please sign …' is in LEDGER GATE DECISIONS. 3259ca81 (2026-09-13) reworded the GATE-G1 criterion from 'PASSED' to 'cleared' with no dated note. F-29 covers GATE-G3 (95c8a73f) and ACCEPT-R10 (4127dbf3).",S3,memory-integrity/append-only,BM-INDEX-03,proposed,B4,
NEW-7,"Closed records were overwritten in place as hosted work progressed: the P26.16 PHASE LOG entry, BUILD_INDEX row 113 and D-SOURCES.12-1 were each rewritten up to 5 times on 2026-09-19, and the closed P26.16 run ledger lost its 'Hosted execution — NOT run' failure record",B,docs/build/LEDGER.md PHASE LOG; docs/build/BUILD_INDEX.md row 113; docs/build/runs/P26.16.md; docs/build/runs/P31.16.md,2026-09-30T17:10:13Z,code,"7671b511, f52bc7ac, 99a7794b, cba41b2b and 99517730 (2026-09-19) each rewrote the same PHASE LOG line and BUILD_INDEX row 113. Interim readings '@12Z 644,487', '@13:30Z 782,583' and '@15:30Z 993,503' no longer appear in HEAD. 7671b511 deleted runs/P26.16.md '### Hosted execution — NOT run (infrastructure, recorded not claimed)' with the verbatim ADC error (the ticket closed at 376f65ae, 06:33Z). git grep 'not a valid json file' docs → 0. 3fd71041 deleted P31.16's pre-gate 'Stop line: … Nothing public was touched' paragraph after the HG-11 grant.",S3,memory-integrity/append-only,SIG-MEM-002,proposed,B3; B4,
NEW-8,"b542f236 replaced whole DEFERRALS status cells on 6 rows, erasing their dated history; the GATE DECISIONS row that justified these WONTFIX/DONE states (2026-09-16, including the HG-11 'waived, not satisfied' disposition) was then deleted by c2055d96",B,"docs/tickets/DEFERRALS.md rows D-P21.1-2, D-P21.4-2, D-P21.7-2, D-LEGAL.1-1, D-JURIS.2-2, D-CCOPS.1-2",2026-09-30T17:10:13Z,code,"b542f236 (2026-09-16T19:49Z, 'record operator gate dispositions'). Word diffs show removed text such as D-P21.7-2 (368 chars: 're-confirmed 2026-09-10 … DEFERRED past go-public 2026-09-16 (operator decision) … P25.9 sweep 2026-09-16') and D-P21.4-2 ('PARTIAL 2026-09-15 … interim first reviewer'). The justifying rows R51/R52 (eb9a23d0:164-165) were removed by c2055d96 (2026-09-18T20:14Z), so these states now rest on the agent's paraphrase in the cells. Related: E1 NEW-11 (go-public never reconciled into GATE-G2).",S2,memory-integrity/append-only,SIG-MEM-002; SIG-PUB-008,proposed,B2; B3; E1,
NEW-9,"Append-only manifest 'Plan extensions' lines were edited in place twice, and ticket ids P23.1–P23.7 were reused on 2026-09-09 for different tickets (so a pre-32bea406 'P23.1' means CAP.1, not GATE-G1)",B,docs/tickets/00_MANIFEST.md § Plan extensions; docs/tickets/P23.*,2026-09-30T17:10:13Z,code,"d8bcd3ab rewrote the 2026-09-09 ROUND 3+4 seed line's spec path from '~/MetaHarness/sig-golive-spec.md' to 'docs/3_sig_golive_spec.md'. b132bbbb rewrote the 2026-09-27 INSERT line (written by 42bb286a 23 min earlier) from 'row 170.5 … fractional stable index' to 'sequence cell 170a'. cbe5fd48 deleted the unexecuted Round-2 contracts P23.1–P23.7 (CAP.1…REC.3; recorded as 'REMOVE (P23.x tail)'), and 32bea406 then renamed the go-live contracts into the same ids.",S3,memory-integrity/append-only,BM-MANIFEST-01; BM-COMPAT-05,proposed,B3,
