f_id,title,stream,surface,observed_at,evidence_class,evidence,severity,category,spec_ids,status,routed_to,operator_priority
NEW-1,"The renewal watch has no producer: no EXPORT_QUERIES key (or any other code) fills raw['contract_watch'], so web/watch.json, the decision point, every per-jurisdiction iCal/RSS feed and the citation list are structurally empty regardless of spine content; the only writers of contract_watch are test fixtures",K,"https://surveillancegraph.org/watch/ (+ /watch/<j>.ics|.xml, /watch/citations.txt); exports/src/exports/spine_export.py; exports/src/exports/analytics.py",2026-09-30T21:38:25Z,code; live-read,"EXPORT_QUERIES (spine_export.py:128-233) holds source_names, entity_labels, research_tasks, evidence_artifacts, corrections, claim_weights, evidence_bindings and no contract_watch. _watch() (spine_export.py:1154-1160) and _decision_point() (analytics.py:420-467, read at :434) consume raw.get('contract_watch'). `grep -rn contract_watch --include='*.py' --include='*.ts' .` finds only those two reads plus tests/exports/test_export_analytics.py:365,395,409. Live: GET /watch/ 200 8,631 B, four empty states (text sha256 e5b65fe8…; body 0d384e78…); web/watch.json = [] (sha256 37517e5f…, equals the manifest for release sig-2026-09-27-ce480ab1 re-read 21:39:38Z); decision_point.json decision_point null, denominator '0 contracts on the renewal watch' (28874e76…); GET /watch/tx.ics, /watch/tx.xml, /watch/texas.ics → 404 (146 B nginx page); citations.txt 87 B gap line. Evidence: docs/build/logs/next-phase/K7K8K11/fetch_log.tsv, curl/watch.*. Consequence: the design-centre task P1-T2 (when does it renew, what is the real deadline) cannot pass from any data; C2 P7-T3 passed only on honest copy.",S1,pipeline/missing-producer,SIG-UI-026; SIG-UI-027; SIG-UI-027a; SIG-UI-027c; SIG-UI-014b,proposed,"K7 (WX-01, WX-07); S",
NEW-2,"SIG already ingests dated, decision-relevant records the watch cannot represent: SAM.gov notices with posted_date/response_deadline, council agenda items with surveillance content terms and document links, OpenStates bills, TED/DECP notices and grants, all typed `deployment` with no jurisdiction; the watch model needs an auto-renewal flag and notice window that no predicate carries, agenda meeting dates are kept only in raw rows (not claims), and every jurisdiction dossier hard-codes termination as unknown",K,https://sig-api-e5ctyx36jq-uc.a.run.app/v1/entity/deployment/01a0ada4-4bc2-7fa9-8787-ccffa7594d7c (+ …/01a0afef-58b2-7c10-a3d5-266364536a72); web/src/lib/watch.ts; connectors/src/connectors/procurement.py; ontology/vocab/predicates.yaml,2026-09-30T21:42:52Z,live-read; code; inference,"Live API: procurement_notice:sam_gov:3a91b64b… carries notice_type 'Combined Synopsis/Solicitation', posted_date 2026-08-18, response_deadline 2026-08-25T17:00:00-06:00, buyer CBP, document=sam.gov URL; agenda_item:legistar:seattle_wa:CB 121279 carries content_term=contract_notice and document=https://webapi.legistar.com/v1/seattle/matters/17425 but no date claim; both entity_type 'deployment', jurisdiction_id null (docs/build/logs/next-phase/K7K8K11/curl/api_entity_*.body). /v1/search?q=procurement_notice also returns procportal_austin_tx notices. Code: ContractWatchItem.termination = {expiry_date, auto_renews, notice_window_days} (watch.ts:40-56); predicates.yaml has contract_end_date/end_date and free-text renewal_options only; the agenda normaliser keeps the meeting/intro date in the raw row field 'introduced' (procurement.py:2864) and builds Contract with lifecycle proposed/awarded only (:2889-2905); jurisdiction dossiers emit _UNKNOWN_TERMINATION (spine_export.py:1536-1542,1561). I1 source_coverage.csv: legistar Σ142,740, primegov Σ462,932, civicclerk Σ19,447, escribe Σ160,267, sam_gov Σ650, openstates Σ13,690 claims added. Inference: the count of upcoming items is unknown (spine not queried).",S2,data-model/scope,SIG-UI-026; SIG-UI-027a; SIG-UI-014b; SIG-UI-014a,proposed,"K7 (WX-01, WX-02); K4; I8",
NEW-3,"Agenda sources that would feed an upcoming-meeting watch are scheduled monthly (legistar, primegov, civicclerk, escribe) and only 3 Legistar tenants are verified, while agendas typically post days before a meeting, so a monthly scrape cannot alert before most meetings",K,ops/cadence.toml,2026-09-30T21:50:00Z,code; inference,"ops/cadence.toml:266-296: legistar cron '0 5 20 * *', primegov '0 5 21 * *', civicclerk '0 5 22 * *', escribe '0 5 23 * *', all cadence 'monthly'; :272 'Verified InSite tenants (seattle/mesa/sanantonio)'; :288 CivicClerk v1 anonymous reads 404. sam_gov is weekly (:315-316). The G3 release cadence is monthly (G3 §7.2). Inference (not measured here): council agendas are commonly published days, not weeks, before the meeting, so a monthly ingest plus a monthly release misses most upcoming items.",S2,freshness/cadence,SIG-UI-027; SIG-METRIC-006,proposed,K7 (WX-03); G3 (publish class); I rows,
NEW-4,"Latent watch-feed defects: once feeds exist, .ics files would be served as application/octet-stream (the pinned nginx:1.27.5-alpine mime.types has no ics type), iCal UIDs use the placeholder domain @sig.example, DTSTAMP comes from the fixture as-of 2026-08-20 in export builds, events carry no URL, RSS items all link to /watch/ with no atom:self or lastBuildDate and a future pubDate, and a zero-event calendar violates RFC 5545 §3.4",K,web/src/lib/watch.ts; web/src/pages/watch/[jurisdiction].ics.ts; web/src/pages/watch/[jurisdiction].xml.ts; ops/web/nginx.conf; ops/web/Dockerfile,2026-09-30T21:39:00Z,code; recorded-execution,"watch.ts:186 UID `sig-watch-…@sig.example`; watch.ts:200 DTSTAMP from the stamp argument, which [jurisdiction].ics.ts:13,27 fills with AS_OF.as_of_world from lib/fixtures (2026-08-20) in every build mode; toICal emits no URL property; toRss (watch.ts:258-295) uses channelLink for every item and pubDate=rssDate(next_decision_date). nginx.conf:30-37 includes stock mime.types plus pmtiles/geojson only; `docker run --rm nginx:1.27.5-alpine grep -E '\bics\b|calendar' /etc/nginx/mime.types` → no match (Dockerfile:68 pins that image), so default_type application/octet-stream applies. Fixture feeds generated from chain-tip code (docs/build/logs/next-phase/K7K8K11/feeds/, tools/feedgen.ts) parse with icalendar and feedparser (bozo=False, rss20); the empty calendar parses but has 0 components (docs/build/logs/next-phase/K7K8K11/feeds/validation.txt). Latent: 0 feeds are deployed (watch.json []).",S2,feeds/interoperability,SIG-UI-027; SIG-UI-035,proposed,K7 (WX-04b),
NEW-5,"The evidence recommender would rank all 255 published artifacts nationally with NaN scores for any decision: evidence.json carries directness primary/secondary instead of D-codes, empty currency, capture_status 'captured', empty subject_id, and recommendEvidence does not scope to the decision's subject; the top-ranked items are hand-seeded OKC fixture sources",K,web/src/lib/recommender.ts; exports/src/exports/spine_export.py; web/evidence.json,2026-09-30T21:48:00Z,recorded-execution; code,"recommendEvidence(evidence.json.artifacts, {decision_type:'renewal', …}) over the release file (sha256 3df209d5…) returned n=255, NaN scores 255/255, top 3 = deflock news_article plus a news_article and an official_statement from a person-named seed source id (redacted here; see F-376) (docs/build/logs/next-phase/K7K8K11/json/recommender_probe.json). Cause: scoreBreakdown (recommender.ts:216-229) indexes DIRECTNESS_SCORE/CURRENCY_SCORE/CAPTURE_SCORE with values the export does not emit: _evidence() sets directness=primary_or_secondary, currency=published_at_edtf ('' for all 255), capture_status='captured', subject_id='' (spine_export.py:1163-1185); recommendEvidence (recommender.ts:252-271) filters only on neutrality and D6, never on subject. Latent: decision_point is null. Relates to F-376 (the OKC seed sources).",S2,ranking/correctness,SIG-UI-027a; SIG-UI-027b; SIG-UI-027c,proposed,K7 (WX-05); K8,
NEW-6,"The /watch/ and /evidence/ empty states attribute their emptiness to a 'research gap' and send readers to the research queue, when the cause is missing pipeline code (no watch producer; claim_views hard-coded []); the queue holds no task that could fill either surface",K,https://surveillancegraph.org/watch/; https://surveillancegraph.org/evidence/; web/src/lib/empty.ts,2026-09-30T21:43:27Z,live-read; code,"empty.ts:128-147 (watch, watchSubscriptions, recommender, citations) and :168-172 (evidenceIndex: 'Their absence is a research gap, not evidence that no claims exist.'), each with the CTA 'See the research queue'. Live /evidence/ text (docs/build/logs/next-phase/K7K8K11/text/scen_pages_evidence_desktop.txt) shows this block as the page's only content link. The research queue (243,761 tasks) holds coverage_hole, missing_contract, sharing_snapshot_stale and conflicting_retention tasks only: none about the watch or evidence publication (K11 §1). Likely origin of the operator's hypothesis 'stuck in the research queue' (inference).",S2,truthfulness/copy,SIG-UI-037; SIG-METRIC-010; SIG-UI-012,proposed,K7 (WX-07); K8 (EV-01),
NEW-7,"/evidence/ renders only claim_views and ignores the 255 artifact records the release publishes in the same file, so the page is blank although web/evidence.json lists 255 artifacts from 219 sources",K,https://surveillancegraph.org/evidence/; web/src/pages/evidence/index.astro,2026-09-30T21:38:36Z,live-read; code,"evidence/index.astro:18 reads getEvidence().claimViews only; :29-37 renders the EmptyState and a list of claim views. getEvidence() (data.ts:324-338) also returns artifacts, which no page but the watch recommender reads. Live GET /evidence/ 200 5,660 B, sha256 b6fc5cdf… (same as J1's read); main-area links only /research-queue/, /methodology/, /data-freshness/, /coverage-metrics/, /dispute/ (docs/build/logs/next-phase/K7K8K11/json/scen_pages_evidence_links.json). web/evidence.json: 255 artifacts, 219 sources, types camera_registry 178, connector_run 33, terms_page 27, 17 others.",S2,surface/completeness,SIG-UI-028; SIG-UI-044,proposed,"K8 (EV-01, EV-02)",
NEW-8,"The evidence viewer's model cannot represent SIG's honest evidence states: assertClaimView requires document_text for every non-sealed capture, so synthetic run-record, derived-only and link-only claim views would fail the build or force byte publication (172 of 237 in-scope sources are derived-only); the capture diff is a fixture pair wired to the fixture claim id 'active-device-count' in every build mode",K,web/src/lib/evidence-viewer.ts; web/src/pages/evidence/[id].astro; web/src/lib/data.ts,2026-09-30T21:52:00Z,code; inference,"evidence-viewer.ts:95-150: Capture.document_text is present 'unless the capture is sealed' and assertCaptureTier throws when a non-sealed capture lacks it; assertClaimView (:234-256) calls it and requires a valid span; [id].astro:35 runs assertClaimView at build. The storage tiers are public/restricted/sealed only, with no run-record or lane concept. getCaptureDiff() returns the fixture DIFF_CAPTURES regardless of SIG_DATA_SOURCE (data.ts:800-802), and [id].astro:43 shows it only for claim_id 'active-device-count'. J4 §0: 172 of 237 live+permitted sources are derived-only (bytes not redistributable). J3 G-6: every live claim binds to a synthetic capture. Inference: a claim-view producer on today's spine would hit the throw for every claim.",S2,design/model,SIG-UI-028; SIG-UI-029; SIG-UI-030; SIG-EVID-009,proposed,K8 (EV-03); J3 (TX-08),
NEW-9,"The public evidence_artifacts export query filters only sensitivity_tier = 0 AND capture_status = 'captured' and omits the shared ADR-124 artifact-eligibility gate that the evidence_bindings query applies, so a withheld, restricted or withdrawn artifact would still be listed in web/evidence.json and counted in the 'Artifacts' figure (latent withdrawal-barrier gap)",K,exports/src/exports/spine_export.py; db/src/db/dispositions.py,2026-09-30T21:53:00Z,code; inference,"spine_export.py:161-168 evidence_artifacts: 'WHERE sensitivity_tier = 0 AND capture_status = …' with no {PUB_ARTIFACT_GATE}; spine_export.py:222-231 evidence_bindings adds 'AND {PUB_ARTIFACT_GATE}' (artifact_eligible_sql, dispositions.py:95-108: withhold/restrict/withdraw excluded). analytics._provenance counts the same rows as artifact_count (analytics.py:585-590). Latent: no artifact-level disposition is known to exist today (inference); the gap becomes an exposure path once artifact pages show upstream URLs (K8 EV-02, J3 TX-08b).",S2,exposure/withdrawal-barrier,SIG-TRUST-006; SIG-GOV-007; SIG-EVID-010,proposed,K8 (EV-01); J3 (TX-01),
NEW-10,"The research-task export discards what the engine knows: cards carry assignee 'contributor' and effort 'unknown' (not vocabulary values), geographic_scope = the (empty) jurisdiction id, dispositions = the row's current disposition (always []), subject_label = the raw subject UUID and no task_id, although the catalog holds per-type assignee/effort/scope/dispositions and the export already reads entity labels",K,https://surveillancegraph.org/research-queue/; exports/src/exports/spine_export.py; tasks/src/tasks/catalog.py,2026-09-30T21:43:30Z,live-read; recorded-execution; code,"_research_queue() (spine_export.py:1241-1270): subject_label=str(subject_id or task_id), evidence_sought=task_type, assignee_class='contributor' (:1259), effort_estimate='unknown', geographic_scope=jurisdiction_id, dispositions=[disp] if disp else []; task_id is read but never emitted. The catalog's _t() (catalog.py:106-128) sets assignee/effort/scope/dispositions per type; entity_labels is already an EXPORT_QUERIES key (spine_export.py:136-141); the API labels the operator's example UUID 01a0a720-9b9a-7890-a8ae-99705e6b5368 as 'data_driven:agency:Acworth Police Department' (/id/entity, docs/build/logs/next-phase/K7K8K11/curl/api_id_stale.body). Live page: 500/500 cards 'contributor'/'unknown', 500 empty <details> (screenshot shots/20260930T214332Z_scen_pages_rq_details_open_desktop.png sha256 1b640fb3…). Sample of 976 tasks from web/research_queue.json: 976/976 subject_label==subject_id, dispositions [] (docs/build/logs/next-phase/K7K8K11/json/rq_sample_summary.json). Refines F-112.",S2,export-contract/usability,SIG-UI-031; SIG-TASK-002; SIG-TASK-008,proposed,"K11 (RQ-00, RQ-01)",
NEW-11,"99.7% of the research queue is per-camera tag gaps: ≈243,035 of 243,761 tasks are coverage_hole rows minted one per camera site from peer-class negative space (e.g. an OSM DeFlock node missing brand/operator tags), with a closing condition about 'the jurisdiction'; the ≈727 agency-level tasks (≈595 missing_contract, 130 stale sharing snapshots, 1 contradiction) are buried",K,https://storage.googleapis.com/zeta-medley-508121-u7-sig-public/web/research_queue.json; inference/src/inference/materialize.py; tasks/src/tasks/detect.py,2026-09-30T21:41:27Z,recorded-execution; live-read; code; inference,"33 Range reads (24 × 24 KiB evenly spaced + 9 × 8 KiB binary-search probes) parsed 976 tasks: slice 0 all sharing_snapshot_stale (priority 1.0), slices 1–22 all coverage_hole (0.5), slice 23 missing_contract; boundary byte 143,713,228 → ≈595 missing_contract (347,482 B / 584.0 B), coverage_hole ≈243,035; the sum check is within 635 B of 144,060,710 B (estimate, inference). /id/entity on a sampled coverage_hole subject → 'traffic_camera:camreg_osm_surveillance:osm_surveillance_deflock:19514'. Mechanism: materialize.py:335-398 writes a not_researched CoverageRecord per (subject, tracked predicate) for peer classes in peer_classes.toml (OSM tracks 16 predicates, dot_511 12); detect.py:311-338 routes each to coverage_hole; dedup (task_type, subject) keeps one per camera. Closing text research_pg.py:71-74 'evidence for the jurisdiction is obtained'.",S2,detector-design/signal-to-noise,SIG-TASK-002; SIG-TASK-003; SIG-UI-031; SIG-METRIC-002,proposed,K11 (RQ-02); D-K11-1,
NEW-12,"Coverage-gap routing by substring sends retention, sharing and policy gaps to missing_contract, whose closing condition asks for 'the procurement record (contract/purchase order)'; with (task_type, subject) dedup no task names the missing predicate, so a contributor cannot tell what is actually sought",K,tasks/src/tasks/detect.py; tasks/src/tasks/research_pg.py; inference peer_classes.toml,2026-09-30T21:55:00Z,code,"detect.py:94-102 _RECORDS_OBTAINABLE_MARKERS = contract, procurement, retention, policy, funding, grant, sharing; detect.py:325-326 slug = 'missing_contract' if any marker is a substring of the predicate. peer_classes.toml tracks configured_retention_days (flock_portal) and configured_sharing_partner (data_driven), both → missing_contract; research_pg.py:68-70 closing text 'the procurement record (contract/purchase order) for the deployment is on file'. Exported cards set evidence_sought = task_type (spine_export.py:1258), and research_task has no predicate column (graph_annotations.sql:37-50). A live missing_contract subject: 'flock_portal:wooster-oh-pd' (/id/entity).",S2,detector-design/correctness,SIG-TASK-002; SIG-TASK-004; SIG-UI-031,proposed,K11 (RQ-02),
NEW-13,"No research task carries a jurisdiction: contradiction and stale-edge candidates are minted with jurisdiction None and per-subject coverage records carry none, so the queue's only filter option is 'Unscoped — 243761' and all 500 rendered cards share id=""jurisdiction-"" (duplicate ids; the filter anchor just jumps to the first card)",K,https://surveillancegraph.org/research-queue/; tasks/src/tasks/detect.py; web/src/pages/research-queue.astro,2026-09-30T21:43:31Z,live-read; code,detect.py:307 contradiction candidates and detect.py:357 stale-edge candidates pass jurisdiction None; the peer-class CoverageRecord in materialize.py:391-397 sets no jurisdiction. Live: filter list = ['Unscoped — 243761 task(s)'] href '#jurisdiction-'; clicking scrolls to y=648 (first card); DOM id 'jurisdiction-' × 500 (research-queue.astro:85 builds the card id from the jurisdiction) (docs/build/logs/next-phase/K7K8K11/json/scen_pages_rq_metrics.json). Sample: 0 of 976 tasks have a jurisdiction. Root cause of F-112's missing geographic filter.,S2,usability/a11y,SIG-UI-031; SIG-TASK-010; WCAG 2.2 4.1.1 (duplicate ids),proposed,"K11 (RQ-00, RQ-01, RQ-02)",
NEW-14,"The research-queue page is a single 689,410-byte list of the first 500 of 243,761 tasks (0.2%) with no pagination, no facets and no links: 13,609 DOM nodes, ≈275 desktop and 366 mobile screen-heights, and the remaining 99.8% only in a 144 MB JSON file",K,https://surveillancegraph.org/research-queue/,2026-09-30T21:43:30Z,live-read; code,"GET 200 689,410 B decoded / 20,073 B transferred (sha256 0b62c05e…); headless Chrome 1440×900: 500 li.sig-task-card, 13,609 elements, scrollHeight 247,611 px, 0 links in the first 50 cards, 0 rel=next; 390×844: scrollHeight 308,491 px (366 screens) (docs/build/logs/next-phase/K7K8K11/json/scen_pages_rq_metrics.json, json/scen_mobile_rq_mobile_metrics.json). capRows cap MAX_TABLE_ROWS=500 (data.ts:635, research-queue.astro:42). web/research_queue.json 144,060,710 B (HEAD, x-goog-stored-content-length). Complements F-112 (filter/ids) and F-365 (egress).",S2,usability/performance,SIG-UI-031; SIG-UI-037; SIG-UI-036,proposed,"K11 (RQ-03); J3 (TX-10b, TX-11)",
NEW-15,"The two task outputs that most directly serve the design-centre user produce nothing public: records-request drafts (statute + citation for 50 states + DC, 6 template families) are generated per detector run but never exported, and the contract_expiring detector (catalog #10) is registered but never run by run_detectors",K,tasks/src/tasks/detect.py; tasks/src/tasks/research_pg.py; tasks/src/tasks/catalog.py,2026-09-30T21:56:00Z,code,"detect.py:430 records_request_drafts drafts per records-requester/document-reviewer task (DRAFT, never sent); research_pg.py:242,278 return the drafts to the CLI 'as an artifact', and no export query or web surface reads them. tasks/src/tasks/data/records_law.toml has 51 [jurisdictions.*] tables (50 states + DC); request_templates.toml has 6 families. catalog.py lists contract_expiring (#10, local_group, fires when end_date is within N days), but run_detectors (detect.py:365+, candidates built at :291-357) routes only contradictions, coverage gaps and stale configured-access edges.",S2,capability-not-exposed,SIG-TASK-018; SIG-UI-026; SIG-UI-031; SIG-UI-014b,proposed,K11 (RQ-04); K7 (WX-06),
