cand_id,name,url,publisher,publisher_type,technology_classes,geographies,coverage_estimate,format_access,update_cadence,volume_estimate,terms_url,terms_verbatim_excerpt,licence_guess,rights_lane,part_viii_flags,lineage,registry_match,connector_reuse,retrieved_at,found_by_query_id,evidence_class,notes,cell_id,candidate_level,family_id,vendors,ontology_concepts,lineage_class,part_viii_verdict,access_check,gap_ref
I6-C001,"Sourcewell cooperative contract 101223-AXN (Axon Enterprise, public safety video surveillance) and its public solicitation documents",https://www.sourcewell-mn.gov/cooperative-purchasing/101223-axn,Sourcewell (Minnesota service cooperative),procurement,T05;T06;T23;T02;T14,US,"1 master contract (maturity 12/15/2027) + 7 public solicitation PDFs + price xlsx (live-read F001); Sourcewell lists ~all categories, count not measured",html,irregular (per solicitation; price file dated 8-2026),1 contract page; ~10 linked documents (F001 link list),https://www.sourcewell-mn.gov/terms-use,"You may not reproduce, distribute, modify, create derivative works from, publicly display, publicly perform, republish, download, store, or transmit any material from the Digital Assets except as permitted below ... [prohibited uses:] Use automated tools such as robots or spiders to access or copy content.",guess:LicenseRef-Sourcewell-AllRightsReserved,bytes=prohibited-by-terms; facts=undetermined; derived=undetermined,private-person-name,origin,same-as:sourcewell,new:coop_contract_docs,2026-09-30T18:01:48Z,I6-Q001;I6-F001;I6-F004;I6-F006;I6-F007;I6-F008,live-read,"Also same-as:SRC-010 (queue). Product list on the page names Axon Body 4/3, Fleet 2 and 3 (in-car ALPR, T02), Air (T14), Evidence, interview room; a 'Fusus Appendix.pdf' is attached (T05/T06). Proposal-opening-record PDF text is glyph-encoded (not extractable by pypdf or WebFetch, F004/F006). Contact names on the page are Sourcewell staff (institutional role). S5 guard: cooperative availability is not a local purchase. Lead (Q001, unfetched): Motorola/WatchGuard 010720-WCH (2020-02-21..2024-02-21). contract_ids=101223-AXN;010720-WCH. access=public HTML + files.sourcewell.org PDFs. operators=police;sheriff",I6-T00-C08-G0,publisher,,Axon;Motorola Solutions,rtcc-platform;camera-federation-hub;bwc-recorded;alpr-mobile;uas-general,independent_account,flag,200 GET 2026-09-30T18:01:48Z; robots.txt 200 (F000); ToS forbids robots/spiders,I1#6;I1#2
I6-C002,OMNIA Partners supplier page: Flock Safety (public-sector cooperative contract),https://www.omniapartners.com/suppliers/flock-safety,"OMNIA Partners, LLC (group purchasing organisation)",procurement,T01;T03;T29,US,1 supplier page; contract documents route (/public-sector/contract-documents) redirected to the supplier page (F015) - documents appear member-gated,html,unknown,1 page,https://www.omniapartners.com/terms-of-use,"all content on the Site is © 2018 OMNIA Partners and/or its licensors ... you shall not: (a) use any robot, spider, or other automatic or manual device or process for the purpose of “scraping,” “crawling,” harvesting, or compiling information on the Site for purposes other than for a generally available search engine",guess:LicenseRef-OMNIA-AllRightsReserved,bytes=prohibited-by-terms; facts=undetermined; derived=undetermined,none-observed,origin,related:omnia_partners,new:coop_contract_docs,2026-09-30T18:01:49Z,I6-Q002;I6-Q009;I6-F002;I6-F015;I6-F075,live-read,"The vendor states members get 'access to public safety solutions through a publicly awarded contract' (D6 vendor assertion). Contract number not shown on the public page. Lead (Q002 snippet, unfetched): Borough of Sayreville NJ used OMNIA contract R250203 (Weapons and Threat Detection) for a Flock camera system -> back-chain master id R250203 (contract_ids=R250203, unverified). Signup form not submitted (R3). Q009 third-party blog lists OMNIA, TIPS-USA, Region 4 ESC, Sourcewell, BuyBoard as Flock vehicles (lead only).",I6-T00-C08-G0,target,,Flock Safety,alpr-fixed,independent_account,pass,200 GET 2026-09-30T18:01:49Z; contract-documents path -> supplier page,I1#6;I1#1
I6-C003,Pavilion cooperative-contract search engine (withpavilion.com),https://www.withpavilion.com/,Pavilion (commercial aggregator of cooperative and agency contracts),other,T00,US,"unmeasured (search-summary: '100,000+ contracts'; unverified)",other,unknown,unknown,NONE-FOUND(checked: https://www.withpavilion.com/solicitations/7a314fa0-baef-47d3-9dae-be255854761c/contracts/city-of-tempe-az_t21-119-01_flock-group-inc -> 405 Human Verification),NONE-FOUND,guess:LicenseRef-Proprietary,bytes=undetermined; facts=undetermined; derived=undetermined,none-observed,derived-from:cooperative and agency contract records,new,none (aggregator; use as a lead to origin contracts only),2026-09-30T18:01:49Z,I6-Q002;I6-Q003;I6-F003,live-read,"LEAD-ONLY. access=challenge (405 'Human Verification'); host stopped for the row (R4). Lead from the page title: City of Tempe AZ S.A.V.E. cooperative contract T21-119-01 with Flock Group Inc (contract_ids=T21-119-01, matches I2 calibration C08). Search-summary says it is free to public entities; an account would be needed (R3 forbids).",I6-T00-C08-G0,channel,,Flock Safety,any,derived_summary,pass,405 challenge 2026-09-30T18:01:49Z (Human Verification),I1#6
I6-C004,"NASPO ValuePoint portfolio: Public Safety/Law Enforcement Video Products, Services & Solutions (2023-2028)",https://www.naspovaluepoint.org/portfolios/public-safety-law-enforcement-video-products-services-solutions/,NASPO ValuePoint (lead state: Oklahoma),procurement,T23;T01;T02,US,7 supplier master agreements; participating-addenda state list of 31 (page availableStates: AL AK AZ CO CT DE HI ID IN IA KS KY LA MD MN MO MT NE NV NM ND OK OR RI SC SD TN UT WA WI WY) (live-read F014; state list = inference from page script),html,"irregular (portfolio awarded 2023-07-01, expires 2028-06-30)",1 portfolio page + 7 supplier pages + PA documents per state,https://www.naspovaluepoint.org/terms-of-use/,All contents of the www.naspo.org Web Site are: Copyright National Association of State Procurement Officers and/or its suppliers. All rights reserved,guess:LicenseRef-NASPO-AllRightsReserved,bytes=likely-restricted; facts=undetermined; derived=undetermined,none-observed,origin,related:naspo_valuepoint,new:coop_contract_docs,2026-09-30T18:05:01Z,I6-Q005;I6-F014;I6-F076,live-read,"Category 3 = Automated License Plate Readers; Category 1 = body-worn; Category 2 = vehicle-mounted. Suppliers: Axon, Coban, Kustom Signals, Motorola Solutions, Neology (ALPR), Pro-Vision, Utility. Participating addenda identify which states' agencies may buy (a PA is eligibility, not a purchase - S5 guard). Terms page text names www.naspo.org (template wording). Lead (Q005): WA DES contract 05720 = Axon PA (see I6-C010 sales data). contract_ids=05720 (WA PA).",I6-T00-C08-G0,publisher,,Axon;Motorola Solutions;Neology;Kustom Signals;Coban;Pro-Vision;Utility,bwc-recorded;in-car-video-recorded;alpr-fixed;alpr-mobile,independent_account,pass,200 GET 2026-09-30T18:05:01Z,I1#6;I1#10
I6-C005,GovSpend (commercial purchase-order aggregator),https://govspend.com/,GovSpend (commercial),other,T00,US,unmeasured (search-summary: PO-level data 'collected directly from agencies'; unverified),other,unknown,unknown,NONE-FOUND(checked: https://govspend.com/terms-of-use/ -> TLS connection reset),NONE-FOUND,guess:LicenseRef-Proprietary-Paid,bytes=likely-restricted; facts=undetermined; derived=undetermined,none-observed,derived-from:agency purchase records,same-as:govspend,none,2026-09-30T18:21:12Z,I6-Q009;I6-F077,live-read,LEAD-ONLY; PAID; Q-21 zero budget. Registry row already records 'paywalled - LINK'. access=TLS SSL_ERROR_SYSCALL (connection refused at handshake) - not retried.,I6-T00-C08-G0,channel,,,any,derived_summary,pass,000 TLS SSL_ERROR_SYSCALL 2026-09-30T18:21:12Z,I1#6
I6-C006,"Starbridge (government sales-intelligence platform: board minutes, contracts, budgets)",https://starbridge.ai/,Starbridge (commercial),other,T00,US,unmeasured (search-summary: '320k+ government and education entities'; unverified),other,unknown,unknown,NONE-FOUND(checked: https://starbridge.ai/terms -> 404),NONE-FOUND,guess:LicenseRef-Proprietary-Paid,bytes=likely-restricted; facts=undetermined; derived=undetermined,private-person-name,derived-from:agency meeting and procurement records,new,none,2026-09-30T18:21:18Z,I6-Q002;I6-Q009;I6-F078,live-read,"LEAD-ONLY; PAID (sales-intelligence subscription; decision-maker contact data per search summary -> private-person-name). Also named in Q009 results: CivicIQ (paid, not fetched). Not a SIG source; useful only as a pointer to origin agenda/contract records.",I6-T00-C08-G0,channel,,,any,derived_summary,flag,404 terms 2026-09-30T18:21:18Z,I1#6
I6-C007,Texas DIR Cooperative Contracts vendor sales data (VSR FY2026 + ARCHIVE FY2010-2025) and customer list,https://data.texas.gov/d/a743-wj72,Texas Department of Information Resources (via data.texas.gov / Socrata),procurement,T00;T01;T05;T07;T14;T23,US-TX,"2,077,855 FY26 rows + 10,749,743 archive rows (Socrata cachedContents, F010/F011); aggregate F013 FY26: Motorola Solutions 1,311 line items (USD 45.8M), Skydio 2, Flock Group 1",socrata,monthly (dataset description: 'updated on a monthly basis as the reporting period is closed'),~12.8M sales lines across two datasets; plus customer list 4v6c-qfkr and active contracts vipt-h4ye,NONE-FOUND(checked: https://data.texas.gov/terms-of-use -> 404; Socrata licence field null in F010/F011),NONE-FOUND,guess:LicenseRef-TX-OpenData-Unspecified,bytes=undetermined; facts=likely-open; derived=undetermined,private-person-name,origin,new,dot_511:socrata_rows (SoQL aggregate by vendor/brand),2026-09-30T18:03:06Z,I6-Q004;I6-F009;I6-F010;I6-F011;I6-F012;I6-F013;I6-F080,live-read,"Columns include Customer Name, Customer Type, Vendor Name, Brand Name, Reseller Name, Purchase Amount, PO Number, Order Date, Product Type/Subtype, Contract Number. Customer Contact and Vendor Contact are person names -> drop at extraction (flag). Customers are TX state agencies, cities, counties, ISDs and other eligible entities: a vendor->public-customer link for all DIR cooperative purchases. Brand Name filtering would catch resold Axon/Flock/Genetec (not tested). Archive aggregate with LIKE timed out at 40s (F012). family_ids: a743-wj72 (FY26), w64c-ndf7 (FY10-25), 4v6c-qfkr (customers), vipt-h4ye (active contracts).",I6-T00-C08-GS,publisher,I6-FAM-TXDIR,Motorola Solutions;Skydio;Flock Safety,any,independent_account,flag,"200 GET metadata 2026-09-30T18:03:06Z; SoQL aggregate 200 (FY26), timeout (archive)",I1#6;I1#1;I1:state=TX
I6-C008,Delaware Checkbook Expenditure Details (+ State of Delaware Checkbook; Statewide Central Contract Spend),https://data.delaware.gov/d/7bip-nb4g,"State of Delaware, Department of Finance, Division of Accounting (via data.delaware.gov)",procurement,T00;T01;T11;T19;T21;T23,US-DE,"14,822,756 rows (F050); aggregate F052: FLOCK GROUP INC / Dept of Safety & Homeland Security 13 payment lines; CLEARVIEW AI INC / DSHS 4; CELLEBRITE USA / DSHS 18, Legal 13, Corrections 4; AXON ENTERPRISE / DSHS 167; LEXISNEXIS RISK (several departments)",socrata,unknown (dataset updated 2026-09-06 per catalog),14.8M payment lines,https://data.delaware.gov/d/7bip-nb4g (Socrata licence field),license: Public Domain (Socrata metadata licenseId PUBLIC_DOMAIN),guess:LicenseRef-PublicDomain-asserted,bytes=likely-open; facts=likely-open; derived=likely-open,private-person-name,origin,new,dot_511:socrata_rows (SoQL aggregate by vendor),2026-09-30T18:16:19Z,I6-Q035;I6-F050;I6-F051;I6-F052,live-read,"State-agency level only (no local governments). Vendor field includes individual payees (e.g. persons doing business as) -> vendor allow-list at extraction. Name noise ('CLEARVIEW MEADOW HOMEOWNERS', 'VIGILANT INSURANCE') needs exact-vendor normalisation. Siblings: 5s6n-7hpx (checkbook), sifm-293u / 75y3-eci7 (central contract spend, line items). Delaware is a tier-A gap state (w=0.78).",I6-T00-C08-GS,publisher,I6-FAM-STATECHECKBOOK,Flock Safety;Clearview AI;Cellebrite;Axon;Motorola Solutions;LexisNexis,alpr-fixed;face-identification-1ton;extraction-physical;bwc-recorded;person-records-broker,independent_account,flag,200 GET metadata 2026-09-30T18:16:19Z; SoQL aggregate 200,I1:state=DE;I1#6;I1#13
I6-C009,State of CT: Open Expenditures - Ledger (current + archive),https://data.ct.gov/d/ajdm-rvz7,Connecticut Office of the State Comptroller (via data.ct.gov),procurement,T00;T19;T23;T05,US-CT,aggregate F054: Motorola Solutions / Dept of Emergency Services & Public Protection 479 lines USD 52.3M; Axon / DESPP 240 lines USD 12.5M; Cellebrite / DESPP 65 lines USD 458k; Axon / Division of Criminal Justice 24 lines USD 2.43M,socrata,unknown (dataset updated 2026-09-28 per catalog),row count not read (current + archive ledgers),https://data.ct.gov/d/ajdm-rvz7 (Socrata licence field),license: Public Domain (Socrata metadata),guess:LicenseRef-PublicDomain-asserted,bytes=likely-open; facts=likely-open; derived=likely-open,private-person-name;free-text-narrative,origin,new,dot_511:socrata_rows (SoQL aggregate by vendor),2026-09-30T18:16:56Z,I6-Q035;I6-F053;I6-F054,live-read,"Columns include Contract Number, Purchase Order Number and Payment Description (free text -> screen). State agencies only. Vendor-name noise (FAXON, SAXONY) -> exact matching. Archive: avfh-2eg7.",I6-T00-C08-GS,publisher,I6-FAM-STATECHECKBOOK,Motorola Solutions;Axon;Cellebrite,extraction-physical;bwc-recorded;rtcc-unspecified,independent_account,flag,200 GET metadata 2026-09-30T18:16:56Z; SoQL aggregate 200,I1:state=CT;I1#6
I6-C010,"Washington DES Statewide Contract (Master Contract) Sales Data by Customer, Contract, Vendor",https://data.wa.gov/d/n8q6-4twj,Washington State Department of Enterprise Services (via data.wa.gov),procurement,T00;T23;T02;T05,US-WA,"aggregate F056: Motorola contracts 06913/00318/02702 sold to cities (311/189/52 rows), counties, districts, tribes (25+17) and school districts; Axon contracts 02315/06316/05720/04220 sold to cities, counties and state agencies",socrata,quarterly (vendor-reported Q1-Q4 sales columns; dataset updated 2026-06-12),row count not read,NONE-FOUND(checked: Socrata licence field null in F055),NONE-FOUND,guess:LicenseRef-WA-OpenData-Unspecified,bytes=undetermined; facts=likely-open; derived=undetermined,none-observed,origin,new,dot_511:socrata_rows,2026-09-30T18:17:48Z,I6-Q036;I6-F055;I6-F056,live-read,"Description: 'The spend is reported by vendors and is reported by contract and customer.' Customer Type values include Tribes and Port Districts -> tribal rows need the tribal-sovereignty publication note. 05720 is the NASPO ValuePoint PA for Axon (I6-C004). Family leads from the same query (not fetched): OR Statewide Price Agreement Spend (data.oregon.gov gart-52me), DE Statewide Central Contract Spend (sifm-293u), NY OGS Master Contract VAR report (data.ny.gov cjqa-a3p4), WA Agency Contracts FY2019-25.",I6-T00-C08-GS,publisher,I6-FAM-STATECONTRACTSALES,Motorola Solutions;Axon,bwc-recorded;in-car-video-recorded;alpr-mobile,independent_account,pass,200 GET metadata 2026-09-30T18:17:48Z; SoQL aggregate 200,I1#6;I1#14;I1:state=WA
I6-C011,ACLU Community Control Over Police Surveillance (CCOPS) campaign page,https://www.aclu.org/community-control-over-police-surveillance,American Civil Liberties Union,ngo,T00,US,page states 'CCOPS laws have been adopted in 26 jurisdictions ... nearly 18 million people' (F016); national map is an image,html,irregular,1 page,NONE-FOUND(checked: F016 page),NONE-FOUND,guess:LicenseRef-ACLU-AllRightsReserved,bytes=likely-restricted; facts=likely-open; derived=undetermined,none-observed,derived-from:municipal ordinances,same-as:ccops_ordinance_disclosures,government_mandated_disclosure,2026-09-30T18:06:16Z,I6-F016,live-read,Registered URL redirects to /community-control-over-police-surveillance. The '26 jurisdictions' figure is the national denominator the registry note cites; this run found at least 5 more ordinance/report publishers not in any ccops_* row (I6-C014..C018) -> see findings NEW-3.,I6-T00-C06-G0,channel,I6-FAM-CCOPS,,any,derived_summary,pass,200 GET 2026-09-30T18:06:16Z,I1#4
I6-C012,"Restore the Fourth: Surveillance Oversight Ordinances (texts of ordinances, 20 jurisdictions)",https://restorethe4th.com/issues/surveillance-oversight-ordinances/,Restore the Fourth,ngo,T00,US,"20 jurisdictions with primary-text links (F017): Berkeley, Davis, Oakland, Palo Alto, San Francisco, BART, Santa Clara County, Boston, Cambridge, Medford MA, Lawrence MA, Somerville, New Orleans, Detroit, New York, Dayton, Yellow Springs, Nashville, Seattle, Madison WI (listed as proposed)",html,irregular,"1 page, 20 outbound links","NONE-FOUND(checked: F017 footer links a 'Data Usage Policy', not fetched)",NONE-FOUND,guess:LicenseRef-Unknown,bytes=undetermined; facts=likely-open; derived=undetermined,none-observed,derived-from:municipal ordinances,new,none (use as an enumeration seed; cite the linked ordinances),2026-09-30T18:06:50Z,I6-Q011;I6-F017,live-read,"A text (not image) jurisdiction list with links to primary ordinance texts, i.e. the SIG-INGEST-049a enumeration seed. RT4 marks Medford 'new in 2024' but ACLUM dates the signing to 2023-04-07 (F026). Not in RT4's list but found this run: St. Louis MO, Columbia MO, Urbana IL (lead), Sebastopol CA (lead), Syracuse NY (executive order). Linked hosts amlegal (403, F089), municode (JS app) and civicclerk (JS shell, F088) block or need JS.",I6-T00-C06-G0,channel,I6-FAM-CCOPS,,any,derived_summary,pass,200 GET 2026-09-30T18:06:50Z,I1#4
I6-C013,ACLU of Massachusetts: Medford passes law requiring community control of public surveillance (with MA CCOPS list),https://www.aclum.org/press-releases/medford-passes-law-requiring-community-control-public-surveillance/,ACLU of Massachusetts,ngo,T00,US-MA,"1 release dated April 7, 2023; names Medford plus Boston, Cambridge, Lawrence, Northampton and Somerville as MA CCOPS municipalities (F026)",html,static,1 page,NONE-FOUND(checked: F026 page),NONE-FOUND,guess:LicenseRef-ACLUM-AllRightsReserved,bytes=likely-restricted; facts=likely-open; derived=undetermined,none-observed,derived-from:Medford ordinance,new,none (pointer to Medford/Lawrence/Northampton origin pages),2026-09-30T18:08:34Z,I6-Q020;I6-F026,live-read,"Medford, Lawrence and Northampton have no ccops_* registry row; their annual-report pages were not located this run (item outcome not-reached). Medford ordinance PDF on CivicClerk returns a JS shell to non-JS clients (F088). Sponsors named in the release are elected officials (institutional).",I6-T00-C06-GP,publisher,I6-FAM-CCOPS,,any,derived_summary,pass,200 GET 2026-09-30T18:08:34Z,I1#4
I6-C014,City of Madison WI: Annual Surveillance Technology Reports (MGO 23.63),https://www.cityofmadison.com/information-technology/privacy-security/cameras,"City of Madison, WI (Common Council Office; departments)",ccops-report,T00,US-WI:Madison,"compiled city reports 2021, 2022, 2023, 2024 listed on the page (F020) + department reports (Metro Transit 2025/2026, search-summary; the 2026 URL 404s, F018)",pdf,annual,4+ annual compiled reports,NONE-FOUND(checked: F020 page),"Copyright © 1995 - 2026 City of Madison, WI (page footer)",guess:LicenseRef-MunicipalMandatedDisclosure,bytes=undetermined; facts=likely-open; derived=undetermined,private-person-name,origin,new,government_mandated_disclosure,2026-09-30T18:07:29Z,I6-Q010;I6-Q013;I6-F018;I6-F020,live-read,"Page states reports include an inventory of current Surveillance Technology, data uses, data sharing with other entities, safeguards and complaints; also states ALPR, gunshot detection and gait analysis are not used and MGO 23.64 bans face surveillance. RT4 lists Madison as 'proposed' - the reports show it is in force (evidence F020). Annexes may name staff (institutional test). operators=police;transit",I6-T00-C06-GP,publisher,I6-FAM-CCOPS,,any,independent_account,flag,200 GET 2026-09-30T18:07:29Z,I1#4
I6-C015,City of Detroit: Community Input Over Government Surveillance (CIOGS) Surveillance Technology Specification Reports,https://detroitmi.gov/sites/detroitmi.localhost/files/2025-03/CIOGS%20SURVEILLANCE%20TECHNOLOGY%20PROCESS%20OUTLINE.pdf,"City of Detroit, MI (requesting departments; City Council)",ccops-report,T00;T17;T07,US-MI:Detroit,process outline (F021) + STSRs surfaced by Q015 (DDOT bus cameras 2025-07; DPD cell-site simulator 2025-10/11; unfetched),pdf,irregular (per acquisition),unknown; per-technology STSRs,NONE-FOUND(checked: F021),NONE-FOUND,guess:LicenseRef-MunicipalMandatedDisclosure,bytes=undetermined; facts=likely-open; derived=undetermined,private-person-name,origin,new,government_mandated_disclosure,2026-09-30T18:07:30Z,I6-Q011;I6-Q015;I6-F021,live-read,"CIOGS = Detroit Municipal Code 17-5-451..459 (effective 2021 per RT4/Q011). The outline requires STSRs 'at a designated page on the City's website at least 14 days prior' to hearings - the designated page URL was not located (next step for I7). Detroit is a GL1 thin city (w=0.52) and a tier-A state (MI 0.56). Detroit's eScribe agenda tenant is already enumerated (agenda_tenants.toml:7529) - STSRs may also arrive as agenda attachments (mirror). update_cadence=per-acquisition, not annual.",I6-T00-C06-GP,publisher,I6-FAM-CCOPS,,any,independent_account,flag,200 GET 2026-09-30T18:07:30Z,I1#4;I1:city=Detroit;I1:state=MI
I6-C016,City of St. Louis: Police Department Surveillance Technology Reports (Ordinance 71842; Executive Order 78),https://www.stlouis-mo.gov/government/departments/public-safety/police/documents/surveillance-reports.cfm,"Metropolitan St. Louis Police Department / City of St. Louis, MO",ccops-report,T00,US-MO:St. Louis,"report page published 05/2024 (F022); Ord 71842 effective 05/06/2024 (search-summary Q016); SLMPD 'Annual Report STU 2025' PDF (lead, unfetched)",pdf,annual,annual reports since 2024,NONE-FOUND(checked: F022),© 2011 - 2026 City of St. Louis (page footer),guess:LicenseRef-MunicipalMandatedDisclosure,bytes=undetermined; facts=likely-open; derived=undetermined,none-observed,origin,new,government_mandated_disclosure,2026-09-30T18:07:57Z,I6-Q011;I6-Q016;I6-F022,live-read,"Page summary: 'Reports are generated to comply with Executive Order 78'. Search summary says Ord 71842 requires frequency of use, deployments and data-sharing recipients (unverified at origin). Not in RT4's or the registry's CCOPS set.",I6-T00-C06-GP,publisher,I6-FAM-CCOPS,,any,independent_account,pass,200 GET 2026-09-30T18:07:57Z,I1#4
I6-C017,"City of Dayton OH: Surveillance Technology (annual reports, use policies, notifications)",https://www.daytonohio.gov/1172/Surveillance-Technology,"City of Dayton, OH (Dayton Police Department)",ccops-report,T00,US-OH:Dayton,"page lists Annual Surveillance Technology Reports, implementation/use policies and additional notifications (F023); search summary: reports 2021-2024",pdf,annual,~4 annual reports + policies,NONE-FOUND(checked: F023 footer 'Copyright Notices' link),NONE-FOUND,guess:LicenseRef-MunicipalMandatedDisclosure,bytes=undetermined; facts=likely-open; derived=undetermined,none-observed,origin,new,government_mandated_disclosure,2026-09-30T18:07:57Z,I6-Q017;I6-F023,live-read,"CivicPlus site (/Archive.aspx?ADID= document pattern). Lead (Q017, unfetched): WOSU 2026-05-01 reports Dayton suspended ALPR after data-sharing violations - a candidate event for I3.",I6-T00-C06-GP,publisher,I6-FAM-CCOPS,,any,independent_account,pass,200 GET 2026-09-30T18:07:57Z,I1#4
I6-C018,City of Columbia MO: 2025 Annual Surveillance Technology Report (Law Enforcement Surveillance Oversight Ordinance),https://www.como.gov/police/surveillance-technology-report-2025/,"City of Columbia, MO (Columbia Police Department)",ccops-report,T00;T01;T07,US-MO:Columbia,"1 annual report (2025) naming camera systems, license plate readers and analytical platforms (F024)",html,annual,1 HTML report per year,NONE-FOUND(checked: F024),"Copyright © 2026 City of Columbia, All rights reserved. (page footer)",guess:LicenseRef-MunicipalMandatedDisclosure,bytes=undetermined; facts=likely-open; derived=undetermined,none-observed,origin,new,government_mandated_disclosure,2026-09-30T18:08:02Z,I6-Q017;I6-F024,live-read,"Report text: 'Pursuant to the City of Columbia Law Enforcement Surveillance Oversight Ordinance, the Columbia Police Department is required to document and publicly report its use of surveillance technology.' Not in ACLU's, RT4's or the registry's sets. HTML (not PDF) - format_access html.",I6-T00-C06-GP,publisher,I6-FAM-CCOPS,,any,independent_account,pass,200 GET 2026-09-30T18:08:02Z,I1#4
I6-C019,City of Syracuse NY: Surveillance Technology Working Group (executive order),https://syr.gov/SurveillanceTech,"City of Syracuse, NY",ccops-report,T00,US-NY:Syracuse,unmeasured (403),other,unknown,unknown,NONE-FOUND(checked: https://syr.gov/SurveillanceTech -> 403),NONE-FOUND,guess:LicenseRef-MunicipalMandatedDisclosure,bytes=undetermined; facts=likely-open; derived=undetermined,none-observed,origin,new,government_mandated_disclosure,2026-09-30T18:07:09Z,I6-Q011;I6-F019,live-read,"LEAD-ONLY. access=403 (host stopped). Search summary (Q011): mayoral Surveillance Technology Executive Order (2020) and public-comment notices 2021-2024. Executive-order regime, not an ordinance.",I6-T00-C06-GP,publisher,I6-FAM-CCOPS,,any,independent_account,pass,403 2026-09-30T18:07:09Z,I1#4
I6-C020,LAPPA (formerly NAMSDL) Model Laws and 50-state summaries (legislativeanalysis.org),https://legislativeanalysis.org/,Legislative Analysis and Public Policy Association (LAPPA),legislation,T00;T01,US,"site search 'recognition' (F033) returns only ALPR items: Model ALPR Act, ALPR overview, 'ALPR Systems: Summary of State Laws'; no face-recognition, drone or CSS summary found (F032/F033)",html,irregular,3 ALPR documents,NONE-FOUND(checked: F032 footer),© 2021 Legislative Analysis and Public Policy Association. (footer),guess:LicenseRef-LAPPA-AllRightsReserved,bytes=likely-restricted; facts=likely-open; derived=undetermined,none-observed,derived-from:state statutes,new,state_statute_seed pattern,2026-09-30T18:09:37Z,I6-Q021;I6-F032;I6-F033,live-read,out-of-cell->I3-T01-C11-GS for the ALPR summary (I3's exclusive snowball source; captured here only as the publisher and for the non-ALPR negative). Coverage fact for I6-T00-C11-GS: LAPPA has no non-ALPR surveillance-law summary.,I6-T00-C11-GS,publisher,,,alpr-unspecified,derived_summary,pass,200 GET 2026-09-30T18:09:37Z,I1#4
I6-C021,GHSA State Laws & Issues: Speed and Red Light Cameras,https://www.ghsa.org/state-laws-issues/speed-red-light-cameras,Governors Highway Safety Association,legislation,T09,US,page states 19 states and DC permit speed cameras and 10 prohibit; 22 states and DC permit red-light cameras and 9 prohibit (F030); GHSA notes it does not compile additional data,html,irregular,1 summary page + per-state notes,NONE-FOUND(checked: F030 footer),© 2026 GHSA All Rights Reserved,guess:LicenseRef-GHSA-AllRightsReserved,bytes=likely-restricted; facts=likely-open; derived=undetermined,none-observed,derived-from:state statutes,new,state_statute_seed pattern,2026-09-30T18:09:22Z,I6-Q022;I6-F028;I6-F029;I6-F030,live-read,Inventory-first seed for automated traffic enforcement (T09; ontology gap NEW-8) statutes; links to the IIHS community list (I6-C033). Automated traffic enforcement data is plate-level at the violation level - statute and programme facts only.,I6-T00-C11-GS,publisher,,,traffic-enforcement (proposed),derived_summary,pass,200 GET 2026-09-30T18:09:22Z (guessed URLs 404: F028/F029),I1#4;I1#7;NEW-8
I6-C022,NCSL: Artificial Intelligence and Law Enforcement - the Federal and State Landscape (and NCSL surveillance-law trackers),https://www.ncsl.org/civil-and-criminal-justice/artificial-intelligence-and-law-enforcement-the-federal-and-state-landscape,National Conference of State Legislatures,legislation,T00;T11;T14,US,unmeasured (403),html,unknown,unknown,NONE-FOUND(checked: target page -> 403),NONE-FOUND,guess:LicenseRef-NCSL-AllRightsReserved,bytes=undetermined; facts=likely-open; derived=undetermined,none-observed,derived-from:state statutes,related:state_alpr_statute_inventory,state_statute_seed pattern,2026-09-30T18:09:50Z,I6-Q023;I6-F035,live-read,LEAD-ONLY. access=403 to a single polite GET (host stopped). NCSL is the registered origin of state_alpr_statute_inventory (frozen 2022-02-03) - see findings NEW-4. Q022 also surfaced an NCSL 'traffic safety review: state speed and red light camera laws' page (not fetched).,I6-T00-C11-GS,publisher,,,face-recognition-unspecified;uas-general,derived_summary,pass,403 2026-09-30T18:09:50Z,I1#4
I6-C023,S.T.O.P. Legislative Tracker (New York City Council and New York State surveillance bills),https://www.stopspying.org/legislation,"Surveillance Technology Oversight Project, Inc. (S.T.O.P.)",ngo,T00;T11;T12,US-NY,"tracker entries dated to 2026-01-29 (e.g. NYC Intro 0213-2026, biometric public-accommodations ban) (F068)",html,irregular,dozens of bill entries (not counted),NONE-FOUND(checked: F066 footer),"Copyright© 2026, Surveillance Technology Oversight Project, Inc. (STOP). All rights reserved.",guess:LicenseRef-STOP-AllRightsReserved,bytes=likely-restricted; facts=likely-open; derived=undetermined,none-observed,derived-from:NY bills,related:openstates,accountability:openstates (bill ids) ; legistar (NYC),2026-09-30T18:19:51Z,I6-F066;I6-F068,live-read,Low novelty: the underlying bills arrive via openstates (live) and NYC Legistar. Value = curated priority list for NY. Found by direct fetch of an I6 exclusive snowball source (no WebSearch left).,I6-T00-C14-G0,publisher,,,face-recognition-unspecified;other-biometric-unspecified,derived_summary,pass,200 GET 2026-09-30T18:19:51Z,I1#4
I6-C024,"Federal Register API (documents search: notices, rules, SORNs)",https://www.federalregister.gov/api/v1/documents.json,Office of the Federal Register (NARA) / GPO,legislation,T00;T11;T28,US,"term 'facial recognition' since 2023-01-01: count 48 (Q039); first page = 9 notices, 8 rules, 3 proposed rules, dominated by DHS/CBP biometrics, DHS SORNs and FTC",api,daily,48 documents for one term,NONE-FOUND(checked: API responses only),NONE-FOUND,guess:LicenseRef-USGov-17USC105,bytes=likely-open; facts=likely-open; derived=likely-open,none-observed,origin,new,new:federal_register_api,2026-09-30T18:18:20Z,I6-Q039;I6-Q038,live-read,Boolean OR in conditions[term] returned 0 (Q038) - one term per query. Low local-infrastructure yield; federal border/biometric content is T28 (I4). Useful for SORNs/PIAs that disclose federal access to local data.,I6-T00-C11-G0,channel,,,face-identification-1ton,independent_account,pass,200 API 2026-09-30T18:18:20Z (no key),I1#4
I6-C025,Treasury SLFRF quarterly Project and Expenditure data (Projects sheet) - 'Quarterly Reporting: Data through March 31' (April-2026 file),https://home.treasury.gov/system/files/136/April-2026-Reporting-Data-through-March-31-2026.xlsx,U.S. Department of the Treasury (SLFRF program),grant,T00;T01;T05;T07;T13;T14;T23;T06,US,"Projects (Q1 2026) sheet: 196,984 project rows; regex matches on Project Name + Description (method: case-insensitive patterns, inference): camera 2,867; body-worn 514; license plate/LPR/ALPR 178; drone/UAS 149; Flock 98; Axon 81; real-time crime 26; ShotSpotter/gunshot 21; Fusus 5; facial recognition 1. LPR|Flock|RTCC|ShotSpotter|Fusus: 271 projects, 219 recipients, 38 states incl. tier-A AR 3, MI 6, DE 2, NH 4, WY 1, WV 1, MS 1",bulk-file,quarterly (public-data page lists releases Oct 2024 .. Aug 2026),"58,750,421-byte xlsx (last-modified 2026-08-19); sheets: Definitions, Recipients, Projects, 2025 Recovery Plans (392 links)",NONE-FOUND(checked: https://home.treasury.gov/.../state-and-local-fiscal-recovery-funds/public-data),NONE-FOUND,guess:LicenseRef-USGov-17USC105,bytes=likely-open; facts=likely-open; derived=likely-open,free-text-narrative,origin,new,new:slfrf,2026-09-30T18:12:13Z,I6-Q025;I6-F042;I6-F043;I6-F044;I6-F045,live-read,"The richest multi-class federal-funding channel found: recipient-written project descriptions (50-250 words per Treasury guidance, search-summary) name vendors and technologies; each row has Recipient, State, Expenditure Category and cumulative obligations/expenditures. Recipients are governments (no person-level data) but descriptions are free text (screen). Counts are keyword matches, not verified deployments (S5 guard: a funded project is not a verified deployment). One sample document read (R6). The Dashboard is Power BI (not used).",I6-T00-C10-G0,publisher,,Flock Safety;Axon;SoundThinking;Fusus (Axon),alpr-fixed;rtcc-platform;gunshot-detection-fixed;uas-general;bwc-recorded;camera-fixed-cctv,independent_account,flag,200 GET 2026-09-30T18:12:13Z (HEAD 200 first),I1#6;I1#1;I1#8;I1:state=DE;I1:state=NH;I1:state=MS;I1:state=WV;I1:state=WY;I1:state=AR;I1:state=MI
I6-C026,OJP grant awards (Tableau award dashboards; BJA award detail pages),https://www.ojp.gov/funding/ojpgrantawards,"U.S. Department of Justice, Office of Justice Programs",grant,T00;T01;T05;T23,US,"dashboards by NOFO, state and city (charts.ojp.usdoj.gov); award pages carry descriptions (e.g. 15PBJA-24-GG-05307-JAGX Winston-Salem LPR/RTCC per search summary, unverified)",html,annual (fiscal-year awards),unknown,NONE-FOUND(checked: F037),NONE-FOUND,guess:LicenseRef-USGov-17USC105,bytes=likely-open; facts=likely-open; derived=likely-open,none-observed,origin,related:usaspending,usaspending (prime awards) ; new:ojp_awards (descriptions),2026-09-30T18:11:02Z,I6-Q024;I6-Q026;I6-F037;I6-F038;I6-F039;I6-F040;I6-F041,live-read,"access=mixed: bja.ojp.gov award pages redirected this UA to /user/login (F040), ojp.gov/funding/awards/<id> 404 (F041); data.gov CKAN API returned 404 (F038/F039) so the 'Searchable Map of Awards Since FY 21' CSV was not reached. OJP prime awards already reach SIG through usaspending (live); the added value is the award abstract. Atlas cites 160 bja.ojp.gov award pages (L003). award_ids=15PBJA-24-GG-05307-JAGX;15PBJA-24-GG-04969-JAGX (unverified).",I6-T00-C10-G0,publisher,,,any,independent_account,pass,200 GET page; award detail 302->/user/login 2026-09-30T18:11:21Z,I1#6
I6-C027,"OpenFEMA: Non-Disaster and Assistance to Firefighter Grants (HSGP, Tribal HSGP, NSGP-UA awards)",https://www.fema.gov/api/open/v1/NonDisasterAssistanceFirefighterGrants,FEMA (OpenFEMA),grant,T00,US;US-TRIBAL,"first 1,000 rows filtered to Homeland/Stonegarden/Urban Area: HSGP 584, Tribal HSGP 229, NSGP-UA 187; fiscal years to 2025 (F083); fields awardNumber, fiscalYear, programName, vendorName, vendorState, awardAmount (F082)",api,unknown (dataset lastRefresh 2025-09-25),">1,000 rows (paged)",NONE-FOUND(checked: API responses),NONE-FOUND,guess:LicenseRef-USGov-17USC105,bytes=likely-open; facts=likely-open; derived=likely-open,none-observed,origin,related:fema_hsgp_allocations,new:openfema_api,2026-09-30T18:21:53Z,I6-Q041;I6-F081;I6-F082;I6-F083,live-read,"Recipient-level awards (state administering agencies, tribes), not sub-awards or project lists - no technology detail. New value = Tribal HSGP recipients (I1 #14 tribal gap) and a documented key-less API; HSGP state primes duplicate fema_hsgp_allocations (USAspending 97.067). v2 path 404 (F081); v1 works.",I6-T00-C10-G0,publisher,,,any,independent_account,pass,200 API v1 2026-09-30T18:21:53Z (no key),I1#14;I1#6
I6-C028,Texas DMV Motor Vehicle Crime Prevention Authority (MVCPA) grantees and FY2026 grant listing,https://www.txdmv.gov/sites/default/files/body-files/MVCPA-FY-2026-Grant-Listing.pdf,"Texas Department of Motor Vehicles, Motor Vehicle Crime Prevention Authority",grant,T01;T07;T29,US-TX,"FY2026 listing, 5 pages: grant number, grantee, program name, FY26 amount; 23 LPR/ALPR mentions, e.g. 'City of River Oaks Flock Safety Automated License Plate Reading Cameras 17,500', 'City of Bellmead FLOCK LPR Cameras 7,083', 'City of Castroville ALPR Project 28,800', 'City of Allen Surveillance Camera Trailers 81,667' (F047)",pdf,"annual (grantees page also links the FY2027 RFA and FY2023 funds report, F046)",~100+ grant lines per year (5-page PDF),NONE-FOUND(checked: F046 footer),© Texas Department of Motor Vehicles. All rights reserved. (footer),guess:LicenseRef-TX-StateWork,bytes=undetermined; facts=likely-open; derived=undetermined,none-observed,origin,new,dossier_documents:pdf_text,2026-09-30T18:14:40Z,I6-Q029;I6-F046;I6-F047,live-read,A state grant programme whose awards name the vendor and technology per grantee (auto-theft task forces + 'C' auxiliary grants for LPR). Atlas cites 36 txdmv links (L003). S5 guard: an award is not spending. operators=police;sheriff,I6-T00-C10-GS,publisher,I6-FAM-STATEGRANTS,Flock Safety,alpr-fixed;camera-trailer-video,independent_account,pass,200 GET 2026-09-30T18:14:35Z,I1#6;I1#1;I1:state=TX
I6-C029,"California BSCC Organized Retail Theft (ORT) Prevention Grant Program: project summaries, grantee map, quarterly and annual reports",https://www.bscc.ca.gov/organized-retail-theft-grant-program/,California Board of State and Community Corrections,grant,T01;T07;T14;T05;T29,US-CA,"E-3 project summaries (10 pp): ALPR 15 mentions, Flock 7, drone 6, RTCC 1, camera 16 (F049); page links quarterly summaries Q1-Q4 2024, annual reports April 2025 and 2nd annual, per-grantee PDFs, dashboard with grantee map and program descriptions (F048)",pdf,quarterly (progress summaries) + annual,~55 grantees (search-summary ~USD 270M; unverified); ~10 PDFs linked,NONE-FOUND(checked: F048 footer),Copyright © 2026 State of California (footer),guess:LicenseRef-CA-StateWork,bytes=undetermined; facts=likely-open; derived=undetermined,none-observed,origin,new,dossier_documents:pdf_text,2026-09-30T18:15:04Z,I6-Q030;I6-F048;I6-F049,live-read,"Grantee-level narratives (e.g. Anaheim PD USD 6,104,863). Leads (Q030, agenda/news mirrors): Fresno Flock ALPR contract up to USD 1,498,690 under ORT; San Francisco 400 ALPR; Chula Vista; San Ramon. Atlas cites bscc 8 times.",I6-T00-C10-GS,publisher,I6-FAM-STATEGRANTS,Flock Safety,alpr-fixed;uas-general;rtcc-platform,independent_account,pass,200 GET 2026-09-30T18:15:04Z,I1#6;I1#1;I1:state=CA
I6-C030,"New Jersey OAG: ARP Automated License Plate Reader grant program (34 agencies + NJSP, all 21 counties)",https://www.njoag.gov/law-enforcement-agencies-in-all-21-counties-to-receive-grants-to-fund-automated-license-plate-reader-technology-thanks-to-murphy-administrations-10-million-investment-to-combat-auto-theft/,New Jersey Office of the Attorney General,grant,T01,US-NJ,"unmeasured at origin (403); search summaries: USD 10M ARP, 34 agencies + NJSP, grants USD 23,400-595,000",html,static,1 release + NOAF/guideline PDFs under nj.gov/oag/grants/ (unfetched),NONE-FOUND(checked: target -> 403),NONE-FOUND,guess:LicenseRef-NJ-StateWork,bytes=undetermined; facts=likely-open; derived=undetermined,none-observed,origin,new,dossier_documents:html_text,2026-09-30T18:22:58Z,I6-Q032;I6-L003;I6-F085,live-read,"LEAD-ONLY. access=403 (host stopped). Atlas cites this release 35 times (L003). Leads: nj.gov/oag/grants/2022-0912_ARP-Automated-Licnese-Plate-Reader-Program-Administration-and-Guidelines.pdf and 2023-1011_FFY19-22 JAG-NJSP-for-ALPR_NOAF.pdf (different host nj.gov, not tried).",I6-T00-C10-GS,target,I6-FAM-STATEGRANTS,,alpr-fixed,independent_account,pass,403 2026-09-30T18:22:58Z,I1#6;I1#1;I1:state=NJ
I6-C031,"MuckRock (requests, projects, API v1)",https://www.muckrock.com/,MuckRock Foundation (uploaders: requesters; records: agencies),records-release,T00,US,"Atlas cites 969 MuckRock /foi/ links over 147 jurisdiction slugs; top statewide releases: 'surveillance-technology-procured-by-va-law-enforcement-agencies' (114 rows), OR 'public-body-drone-registrations' (50), GA 'applications-to-install-license-plate-readers' (44), LA County 'lacris-member-list-2024' (38) (L001/L002)",api,daily,unknown,https://www.muckrock.com/tos (verbatim in registry packet rights/documentcloud.md per E4),"(E4-rights-packets.md:166-168, quoting the MuckRock ToS) excludes ""any use of data mining, robots, or similar data gathering and extraction tools""; user content ""personal use only""",guess:LicenseRef-MuckRock-ToS,bytes=prohibited-by-terms; facts=undetermined; derived=undetermined,free-text-narrative;private-person-name;per-search-audit,mirror-of:agency records,same-as:muckrock,records:muckrock,2026-09-30T18:19:03Z,I6-L001;I6-L002;I6-F062;I6-F063,live-read,"access=Cloudflare 'Attention Required!' 403 on robots.txt and api_v1/project (two GETs issued in one batch before the first status was seen; host stopped thereafter) - confirms I1's WAF finding. The Atlas partition shows the most valuable MuckRock artefacts are statewide multi-agency releases (VA procurement survey, OR drone registrations, GA LPR permit applications) whose ORIGIN agencies should be pursued (I7). The OR and GA items are class-specific (I4-T14, I3-T01) - out-of-cell pointers.",I6-T00-C13-G0,channel,,,any,republished_document,flag,403 Cloudflare challenge 2026-09-30T18:19:03Z,I1#12
I6-C032,"Pittsboro Police Department 'Flock Safety shared devices list' and JCSO 'agency sharing' records releases (DocumentCloud 26182924, 28534682)",https://www.documentcloud.org/documents/26182924-pittsboro-police-department-flock-safety-shared-devices-list/,Uploader on DocumentCloud (origin: Pittsboro Police Department records release; JCSO release),records-release,T03;T01,US,"cited by 1,197 Atlas rows in 33 states (ALPR 1,152, video analytics 34, GSD 11; vendor Flock 1,196) and 155 rows respectively (L004)",pdf,static,2 documents,https://www.muckrock.com/tos (governs DocumentCloud per E4),"(E4-rights-packets.md:166-168) ""any use of data mining, robots, or similar data gathering and extraction tools"" excluded",guess:LicenseRef-DocumentCloud-UploaderControlled,bytes=prohibited-by-terms; facts=undetermined; derived=undetermined,private-person-name,mirror-of:agency records release (origin agencies: Pittsboro PD; JCSO),related:documentcloud,none (pursue the origin agency release),2026-09-30T18:19:31Z,I6-L004,live-read,"out-of-cell->I3-T03-C13-G0 (ALPR sharing records are I3's). Captured because it is met in I6's Atlas records-corpora partition and is the single most-cited records artefact in the Atlas: a Flock sharing list is exactly the missing sharing-edge evidence (I1 #1/#10). NOT fetched: DocumentCloud is refused for SIG (E4 R2a); evidence is the Atlas capture (I1 live-read, sha256 dcbf8bc13d14). The Pittsboro state is not recorded here (several US Pittsboros). Deviation: no I6 fetch line (local-op only).",I6-T00-C13-G0,target,,Flock Safety,alpr-fixed,republished_document,flag,"not fetched (DocumentCloud refused, E4 R2a)",I1#1;I1#10;I1#12
I6-C033,IIHS: U.S. red light camera communities (and sibling speed camera communities list),https://www.iihs.org/research-areas/red-light-running/red-light-camera-communities,Insurance Institute for Highway Safety,ngo,T09,US,"page states 'September 2026 — Number of individual communities with programs: 358', listed by state and community (F031)",html,monthly (dated header 'September 2026'; cadence inferred),358 communities (red light); speed list not fetched,NONE-FOUND(checked: https://www.iihs.org/terms-of-use -> 404; F031 footer),"©1996-2026, Insurance Institute for Highway Safety, Highway Loss Data Institute, 501(c)(3) organizations (footer)",guess:LicenseRef-IIHS-AllRightsReserved,bytes=likely-restricted; facts=likely-open; derived=undetermined,none-observed,derived-from:municipal programme records,new,new:html_table,2026-09-30T18:09:30Z,I6-Q022;I6-F030;I6-F031,live-read,"Channel C14 (NGO dataset) for T09 (I6 covers T09 in C14). Found via the GHSA page link, so logged under the query's cell (I6-T00-C11-GS). A community-level deployment list for a class with no ontology concept (NEW-8) and no SIG source. The page invites corrections by e-mail (staff contact not copied).",I6-T00-C11-GS,publisher,,,traffic-enforcement (proposed),derived_summary,pass,200 GET 2026-09-30T18:09:30Z,I1#7;NEW-8
I6-C034,Surveillance Watch (surveillancewatch.io) surveillance-industry map,https://www.surveillancewatch.io/,Surveillance Watch,ngo,T00,INTL,"unmeasured (Next.js app; no server-rendered text, F064); search-summary (I2 C11): 695 entities, unverified",other,unknown,unknown,NONE-FOUND(checked: homepage),NONE-FOUND,guess:LicenseRef-Unknown,bytes=undetermined; facts=undetermined; derived=undetermined,none-observed,derived-from:public reporting,new,none,2026-09-30T18:19:31Z,I6-F064,live-read,"LEAD-ONLY. Vendor/investor/country graph - vendor ownership context, not deployments. No download or terms found without executing JS.",I6-T00-C14-G0,publisher,,,any,derived_summary,pass,200 GET 2026-09-30T18:19:31Z (JS app),I1#13
I6-C035,Lucy Parsons Labs (Chicago records requests and litigation),https://www.lucyparsonslabs.com/,Lucy Parsons Labs,ngo,T00;T13;T17,US-IL,site states '+1K FOIA Requests' (F065); no public dataset or document index found on /projects (F067),html,irregular,unknown,"NONE-FOUND(checked: F065, F067)",NONE-FOUND,guess:LicenseRef-Unknown,bytes=undetermined; facts=likely-open; derived=undetermined,free-text-narrative,mirror-of:agency records,new,none,2026-09-30T18:19:39Z,I6-F065;I6-F067,live-read,LEAD-ONLY. Their released records likely live on MuckRock/DocumentCloud (both blocked/refused for SIG); origin = Chicago agencies.,I6-T00-C14-G0,publisher,,,any,republished_document,flag,200 GET 2026-09-30T18:19:39Z,I1#12
I6-C036,2024 Federal Agency AI Use Case Inventory (consolidated CSV/XLS),https://github.com/ombegov/2024-Federal-AI-Use-Case-Inventory,Office of Management and Budget (via GitHub ombegov),statutory-report,T00;T01;T11;T20;T22,US,repo holds data/2024_consolidated_ai_inventory_raw.csv and .xls plus the 2023 consolidated XLS and a data dictionary (F069),bulk-file,annual (EO 13960 / Advancing American AI Act / M-24-10),one consolidated CSV per year (row count not read),NONE-FOUND(checked: repo README F069),NONE-FOUND,guess:LicenseRef-USGov-17USC105,bytes=likely-open; facts=likely-open; derived=likely-open,none-observed,derived-from:agency AI inventories (each agency posts its own CSV),new,new:ai_inventory,2026-09-30T18:20:23Z,I6-F069,live-read,"README: 'Federal agencies are to post a machine-readable CSV of all publicly releasable use cases on their agency's AI website.' Class-specific queries (FR, LPR) belong to I3-T03-C16 / I4-T11-C16; this row is the multi-class channel. Federal use only; local sharing appears where DOJ/DHS describe it.",I6-T00-C16-G0,channel,,,any,derived_summary,pass,200 GET 2026-09-30T18:20:23Z,I1#8;I1#13
I6-C037,BJS Law Enforcement Management and Administrative Statistics (LEMAS),https://bjs.ojp.gov/data-collection/law-enforcement-management-and-administrative-statistics-lemas,"U.S. DOJ, Bureau of Justice Statistics",statutory-report,T00,US,'Latest Data Available 2020'; collections 1987..2020; all agencies with 100+ sworn officers plus a national sample (F070),other,irregular (periodic survey),"~3,000 agencies per wave (prior knowledge, inference)",NONE-FOUND(checked: F070),NONE-FOUND,guess:LicenseRef-ICPSR-TermsOfUse,bytes=undetermined; facts=likely-open; derived=undetermined,none-observed,origin,new,new:lemas,2026-09-30T18:20:31Z,I6-F070,live-read,LEAD-ONLY until an operator decides on an ICPSR account (R3; I2 §10 I6 watch-outs). Agency-level technology items are a 2020 baseline (S5 guard: a historical survey is not current).,I6-T00-C16-G0,publisher,,,any,independent_account,pass,200 GET 2026-09-30T18:20:31Z,I1#8
I6-C038,"CourtListener bulk data files (case law, dockets, oral arguments; S3 bulk-data/)",https://wiki.free.law/c/courtlistener/help/api/bulk-data/bulk-legal-data,Free Law Project,court,T00,US,bulk snapshots of the CourtListener database by object type (F061); size not measured,bulk-file,"unknown ('Generation Schedule' section, not read)","unknown (multi-GB, inference)",https://wiki.free.law/c/courtlistener/help/api/bulk-data/bulk-legal-data,Our bulk data files are free of known copyright restrictions. [Public Domain Mark 1.0],guess:LicenseRef-PDM-1.0,bytes=likely-open; facts=likely-open; derived=likely-open,private-person-name,origin,related:courtlistener_recap,new:courtlistener_bulk (offline full-text filter),2026-09-30T18:18:48Z,I6-F061,live-read,Distinct access route from the membership API terms on which courtlistener_recap is refused/deferred (E4 R2b) - see findings NEW-1. Party names in dockets -> metadata-level extraction only. Evidence-of-use lane: opinions and suppression litigation mentioning ALPR/FRT/CSS name the using agency (ALPR cases are I3-T01-C12). Bulk download not attempted (R6).,I6-T00-C12-G0,channel,,,any,independent_account,flag,200 GET 2026-09-30T18:18:48Z,I1#12
I6-C039,Caselaw Access Project static bulk (static.case.law),https://static.case.law/,Harvard Law School Library Innovation Lab (Caselaw Access Project),court,T00,US,401 reporters in ReportersMetadata.json (F060); per-reporter volumes; historical (reporter end_year values end years ago; latest not measured),bulk-file,static,unknown,NONE-FOUND(checked: https://case.law/about/ and https://case.law/ are JS-only; static index),NONE-FOUND,guess:LicenseRef-Unknown,bytes=undetermined; facts=likely-open; derived=undetermined,private-person-name,origin,new,new:cap_bulk,2026-09-30T18:18:44Z,I6-F057;I6-F058;I6-F059;I6-F060,live-read,Low value for the 2022+ surveillance era (temporal preference); kept as the state-appellate historical baseline for I6-T00-C12-GS. Terms not verified this run.,I6-T00-C12-GS,channel,,,any,independent_account,flag,200 GET 2026-09-30T18:18:33Z,I1#12
I6-C040,Virginia Reports to the General Assembly (RGA) - published documents,https://rga.lis.virginia.gov/,Virginia Division of Legislative Automated Systems (LIS),statutory-report,T00,US-VA,searchable archive of House/Senate/Report Documents by year back to 1897 (F072),html,irregular (as reports are filed),unknown,NONE-FOUND(checked: F072 footer),"© Copyright Commonwealth of Virginia, 2026. All rights reserved. (footer)",guess:LicenseRef-VA-StateWork,bytes=undetermined; facts=likely-open; derived=undetermined,none-observed,origin,new,dossier_documents:pdf_text,2026-09-30T18:20:38Z,I6-F072,live-read,The state report-deposit channel for Virginia mandated reports (the I2 calibration lead VSP ALPR report under Code 2.2-5517(J) is I3's). Minnesota's equivalent pattern lrl.mn.gov/docs/<yr>/mandated/ is known from I2; the /mdl landing guessed here 404'd (F071). Other states not reached.,I6-T00-C04-GS,channel,,,any,independent_account,pass,200 GET 2026-09-30T18:20:38Z,I1#4
I6-C041,California Penal Code 13650 (SB 978): every local law enforcement agency must post all current policies and training materials online,https://leginfo.legislature.ca.gov/faces/codes_displaySection.xhtml?lawCode=PEN&sectionNum=13650,California Legislature (statute); duty holders: POST and each local law enforcement agency,legislation,T00,US-CA,statewide duty covering every CA local LE agency since 2020-01-01 (statute text F073); postings not enumerated,other,irregular (per agency policy change),~600 agency policy manuals (inference),NONE-FOUND(checked: F073),NONE-FOUND,guess:LicenseRef-StatuteText (agency manuals often Lexipol ©),bytes=undetermined; facts=likely-open; derived=undetermined,none-observed,origin,new,dossier_documents; okcpd_policy pattern,2026-09-30T18:20:43Z,I6-F073,live-read,"LEAD-ONLY (statutory duty, not a feed; SIG-INGEST-025a). Statute: 'shall conspicuously post on their internet websites all current standards, policies, practices, operating procedures, and education and training materials that would otherwise be available to the public if a request was made pursuant to the California Public Records Act'. Multi-class policy channel (ALPR, drones, CSS, FRT, BWC policies all fall under it). Fetched from prior knowledge (no query available).",I6-T00-C05-GS,channel,I6-FAM-CAPOLICY,,any,independent_account,pass,200 GET 2026-09-30T18:20:43Z,I1#4;I1#8
I6-C042,California Government Code 7070-7075 (AB 481): military equipment use policies and annual military equipment reports,https://leginfo.legislature.ca.gov/faces/codes_displaySection.xhtml?lawCode=GOV&sectionNum=7072,California Legislature (statute); duty holders: each CA law enforcement agency and its governing body,legislation,T00;T14;T16,US-CA,"statewide annual-report duty (statute text F074: annual report per approved equipment type, incl. uses, complaints, audits, total annual cost and funding source); reports not enumerated",other,annual,one report per agency per year (count unknown),NONE-FOUND(checked: F074),NONE-FOUND,guess:LicenseRef-StatuteText,bytes=undetermined; facts=likely-open; derived=undetermined,none-observed,origin,new,dossier_documents:pdf_text,2026-09-30T18:20:45Z,I6-F074,live-read,"LEAD-ONLY (statutory duty). 'Military equipment' in 7070 includes unmanned aerial and ground vehicles (drones, robots) and command vehicles (prior knowledge of 7070(c); only 7072 was fetched - verify). A CCOPS-like statewide regime (T14/T16 annual use counts + costs) for every CA agency; I4 owns class-specific queries.",I6-T00-C05-GS,channel,I6-FAM-CAPOLICY,,uas-general;drone-as-first-responder;ugv;robot-dog,independent_account,pass,200 GET 2026-09-30T18:20:45Z,I1#4;I1#8
I6-C043,SEC EDGAR full-text search (efts) - multi-vendor surveillance terms,https://efts.sec.gov/LATEST/search-index?q=%22real-time%20crime%20center%22&forms=10-K,U.S. Securities and Exchange Commission (filers: vendors),other,T00;T05;T13,US,'real-time crime center' in 10-K 2024-01-01..2026-09-30: 5 hits (Axon 10-K FY2023/FY2024/FY2025 + 10-K/A; SoundThinking 10-K FY2024) (Q037),api,daily,5 filings for one term,NONE-FOUND(checked: API response),NONE-FOUND,guess:LicenseRef-SEC-PublicFilings,bytes=undetermined; facts=likely-open; derived=undetermined,none-observed,origin,new,new:sec_edgar_fts,2026-09-30T18:18:04Z,I6-Q037,live-read,Residual probe for T00. Vendor filings are D6 assertions ('the vendor states'); 10-Ks rarely name customers - directness caveat. Class/vendor-specific EDGAR queries belong to I3/I4 C02 cells. SEC fair-access asks for a contact UA; one request worked with SIG's plain UA.,I6-T00-C02-G0,channel,,Axon;SoundThinking,rtcc-platform,independent_account,pass,200 API 2026-09-30T18:18:04Z (no key),I1#2
