id,current_verdict,proposed_verdict,evidence,current_routing,proposed_disposition,scope_if_ticket,note
SIG-PUB-007,AT-RISK-INTEGRATION,AT-RISK-INTEGRATION,"gate: policy/src/policy/officer.py:82,93 (evaluate_officer_naming); applied on ingest only: connectors/src/connectors/okc_documents.py:214,279; bypassed on publish path: exports/src/exports/web_dossier.py:360-367 (hard-coded 'Approving official' row, isPublicEmployeeName=True), web/src/lib/dossier.ts:305-320 + web/src/lib/publication.ts:66-77 (jurisdiction rule SIG-PUB-017 only); tests: tests/unit/test_policy_officer.py (8, pass), tests/connectors/test_okc_documents.py::test_person_naming_predicate_is_refused_by_default, ::test_person_naming_permitted_only_with_all_prongs_and_two_reviewers (pass); web/tests/unit/publication.test.ts:17 asserts US name is publishable",P21.4,ticket(NEW: officer-naming gate on the publication path),Route every isPublicEmployeeName row (export + web) through evaluate_officer_naming with a persisted two-reviewer decision (SIG-PUB-008); default withhold; fix tests that assert the name is shown,"Re-reasoned, not stale-carried: the old reason ('web reads fixtures', P21.4) is stale — the public build reads export bytes (ops/src/ops/publish.py:146); the real integration gap is that the five-prong gate never runs on publication. Latent: /dossier/okc/ 404 per E1/NEW-12 (same defect; merge). BL-007 closed."
SIG-PUB-012,PARTIAL,PARTIAL,"schema only: db/deploy/domain_entities.sql:102 (confirmation_status), :118 (promotion_status) — no reader; ontology ConfirmationStatus enum ontology/src/ontology/schema/common.yaml:390-397; task #32 tasks/src/tasks/catalog.py:518 routes to a field mapper; no promotion writer in api/, curation, exports; no test",P21.6,ticket(NEW: asset-promotion gate),"promotion_permitted(): field/imagery/record confirmation + actor or document reference required, refuses corroboration-count-only; the only candidate->PhysicalAsset writer; unit + Docker test","Homeless: BL-009 closed with the gate 'SPLIT OUT — separate follow-up … still unwired', but no follow-up BL/D/manifest row exists (NEW-2). Currently satisfied only vacuously (nothing promotes). Routing P21.6 stale (landed 2026-09-09)."
SIG-PUB-015,MISSING,PARTIAL,"evidence/src/evidence/redaction.py:43 (redact(): new capture, method+version recorded); DB checks db/deploy/evidence.sql:57, db/deploy/evidence_store.sql:47; tests/evidence/test_redaction.py (2, pass); NOT wired: redact() has no non-test caller (git grep); evidence/src/evidence/tiers.py:87 blanks restricted excerpts to '[redacted]' and returns public excerpts raw",P21.4,ticket(NEW: redaction pipeline),Wire redact() into an actual redaction step with a review record; source API/UI excerpts from the redacted derivative; test (shared with SIG-PUB-016),Lineage + method/version half is built and tested; 'reviewable' and 'applied to UI/API excerpts' are not. Routing P21.4 stale. No D/BL row.
SIG-PUB-016,MISSING,MISSING,no irreversibility step or check anywhere (redaction.py only wraps already-redacted bytes); tests/evidence/test_redaction.py uses method label 'blackbox'; db/src/db/intake.py:329 is intake-field redaction (different scope),P21.4,ticket(NEW: redaction pipeline),Irreversible redaction (text-layer removal / flattening) + a test that text extracted from the published artifact contains none of the redacted strings,Same ticket as SIG-PUB-015. Routing P21.4 stale. No D/BL row.
SIG-INGEST-046b,MISSING,MET,"connectors/src/connectors/net.py:365-393 (robots verdict recorded; disallowed/unretrievable -> robots_disregarded); serialised to fetch record connectors/src/connectors/runner.py:640,700,722; live example docs/build/reports/live_runs/2026-09-19_ok_statute_p2617.json; tests: tests/connectors/test_net.py::test_robots_disallow_is_recorded_and_disregarded, ::test_unretrievable_robots_is_recorded_and_fetched (pass, no Docker); spec text amended by ADR-145 to carry the ADR-088 marker",P21.3,already-done(net.py:382-393 + test_net.py robots tests; spec text per ADR-145),,"Matrix note 'no live transport, LD-F03' is stale (transports since P21.3/P26; live runs recorded 2026-09-19). Hardening (optional): a test that the serialised run record carries the marker. The 'honour robots' prose drift is E1/NEW-6."
SIG-INGEST-046c,MISSING,MISSING,"parser only: policy/src/policy/crawler.py:89,105 (parse_content_signal / content_signal_permits_training, test-only callers: tests/unit/test_policy_crawler.py); policy/src/policy/rights.py:13-44 has UNDETERMINED and no refused state; spec's own affirmative-refusal example (ALPR Abuse Library, docs/2_canonical_design_spec.md:8203) is registered UNDETERMINED at connectors/src/connectors/data/sources.toml:682-692",P21.3,ticket(NEW: affirmative rights-reservation state),"Add an affirmatively-refused rights state distinct from UNDETERMINED (RightsRecord, rights table, sources.toml); detect Content-Signal/TDM/AI-crawler/DSM Art.4 at fetch time; refuse at the ingestion gate; re-record ALPR Abuse Library",The exact conflation the requirement forbids is present in the registry (NEW-3). Runtime-control half overlaps E1/NEW-15 (merge the runtime leg). ADR-145 says the 046c duty stands. No D/BL row. Routing P21.3 stale.
SIG-UI-010,AT-RISK-INTEGRATION,MET,"exports/src/exports/dossier.py:37-52 (+validate :237); web/src/lib/dossier.ts:40-55 (validateDossier :402) called at build web/src/pages/dossier/[slug].astro:33; production national export exports/src/exports/spine_export.py:106-118; public build forces SIG_DATA_SOURCE=export ops/src/ops/publish.py:146 (asserted tests/ops/test_publish.py:147); tests: tests/exports/test_dossier.py::test_sections_are_the_twelve_in_order, ::test_out_of_order_sections_are_rejected, tests/exports/test_spine_export.py::test_dossier_has_twelve_sections_and_first_class_gaps (pass), web/tests/unit/dossier.test.ts (14 pass), tests/e2e/test_composed_stack.py::test_s8_web_build_renders_from_export_bytes (Docker; CI)",P21.4,already-done(twelve-section order enforced at export + web build; production reads export bytes),,Stale note 'web reads fixtures' (BL-007 closed; SIG_DATA_SOURCE=export since P30.3). Caveat: in the national export the timeline section (and others) are structurally empty — see SIG-RECON-040/NEW-1; section presence/order is what UI-010 requires.
SIG-UI-040,PARTIAL,MET-DIFFERENTLY(ADR-108;ADR-133),"no dedicated engine: /v1/search uses pg_trgm substring (db/deploy/entity_identifier_value_trgm.sql; ADR-108 rejects tsvector for identifiers); released-corpus search is SQLite FTS5 per compartment (exports/src/exports/search_index.py; ADR-133 rejects a search cluster); tests: tests/exports/test_search_index.py::test_fts_text_search, tests/api/test_release_search.py::test_search_json_envelope, ::test_cross_compartment_isolation (pass)",P20.1:backlog,already-done(ADR-108 + ADR-133; T4 records the MET-DIFFERENTLY reason),,"Stale note 'web reads fixtures; no PG read path'. Neither ADR cites SIG-UI-040; the licence-check clause only triggers when a dedicated engine is added (SQLite is public domain). ADR-049:88 still says search is deferred — historic ADR, append-only."
SIG-EPIS-018,AT-RISK-INTEGRATION,MET,"reconcile/src/reconcile/resolve.py:539-542 (D6 -> excluded, zero weight); reconcile/src/reconcile/weight.py:198 over ontology/generated/registry/predicate_registry.json (active_device_count: executed_contract D5, portal_snapshot D1; contract_signed_date: portal_snapshot D6); tests: tests/reconcile/test_resolve.py::test_contract_never_wins_active_device_count, ::test_appendix_d2_active_count_portal_beats_contract, ::test_d6_portal_snapshot_contributes_nothing_to_contract_signed_date, ::test_d6_excluded_does_not_beat_a_real_signing_claim (pass); persisted via reconcile/src/reconcile/materialize.py:553 (tests/db/test_resolution_materialize.py, Docker; CI)",P21.2,already-done(resolve.py:539-542 + four test_resolve.py tests; materialized resolutions),,The AT-RISK reason (annotation persistence) never applied to this id; P21.2 landed 2026-09-09 and BL-004 closed.
SIG-RECON-039,AT-RISK-INTEGRATION,PARTIAL,"reconcile/src/reconcile/lifecycle.py:65 (from_event_log), :116-121 (current_state None for a mixed window), :136 (tie-break only); test tests/reconcile/test_lifecycle.py::test_event_log_transition_is_preferred_within_a_window (asserts list position only, pass); no production importer of reconcile.lifecycle (git grep); nothing sets from_event_log=True",P21.2,ticket(NEW: lifecycle reconciliation into the dossier timeline),Make an event-log transition decide state over a conflicting inferred one; derive the flag from lifecycle_transition claims; wire resolve_lifecycle into export/API; end-to-end test (shared with SIG-RECON-040),"Stale reason (annotation persistence, P21.2 landed; BL-004 closed and did not cover lifecycle). 'Preferred' is only a within-window ordering tie-break (NEW-1)."
SIG-RECON-040,AT-RISK-INTEGRATION,AT-RISK-INTEGRATION,reconcile/src/reconcile/lifecycle.py:124-159 (overlapping EDTF envelopes merged into one unordered-within-window slot); test tests/reconcile/test_lifecycle.py::test_overlapping_fuzzy_envelopes_are_unordered_within_window (pass); never persisted or published: exports/src/exports/spine_export.py:1471-1498 adds no timeline rows (_GOVERNANCE_SEGMENTS :1275-1281 has no timeline mapping); no API use,P21.2,ticket(NEW: lifecycle reconciliation into the dossier timeline),Feed resolve_lifecycle output into the dossier timeline (export + API) with a Docker test over a seeded spine (shared with SIG-RECON-039),"Re-reasoned: algorithm built and tested, integration absent; the public dossier timeline is structurally empty (NEW-1). Old reason (P21.2 persistence) stale."
SIG-SEC-005,PARTIAL,PARTIAL,"evidence/src/evidence/access_log.py:23 (180-day retention), :57 (expired()); table db/deploy/evidence_store.sql:51-71 (retention_expires_at); tests: tests/evidence/test_access_log.py (5, pass), tests/db/test_evidence_store.py::test_access_log_only_records_restricted_and_sealed (Docker; CI); no restricted/sealed byte-serving path writes the log; no purge job (expired() test-only)",P20.1:backlog,ticket(NEW: audited restricted-byte access + log purge),"One audited byte-access function that writes evidence_access_log (requester, purpose, time) + a scheduled purge of expired rows; Docker test",'P20.1:backlog' has no BL row. Requirement is vacuously met today (no path serves restricted bytes) but the retention limit is not enforced.
SIG-SEC-006,PARTIAL,PARTIAL,"present: Secret Manager refs ops/gcp/config.sh:47, ops/gcp/provision.sh:78; secret + licence scans .github/workflows/ci.yml:148,161; nightly pip-audit .github/workflows/nightly.yml:84; tests tests/unit/test_security_scanners.py, tests/unit/test_ci_workflows.py::test_ci_security_job_runs_secret_and_license_scans (pass); scheduler SA ops/gcp/schedule.sh:49. absent: container scan; SBOM per release (make sbom Makefile:120 not wired); release signing (digests only, exports/src/exports/release.py:713); Cloud Run/GCE deploy without --service-account (ops/gcp/provision.sh:91-111); no SECURITY.md / incident-response doc",P20.1:backlog,ticket(NEW: security baseline),Container/image scan in CI; SBOM attached to each release; sigstore/cosign signing; per-service least-privilege SAs; SECURITY.md with incident response + disclosure commitment,Note 'scanning not set up in CI' stale (secret/licence/dependency scans exist). No BL row. Default-SA posture is code-evidence only (NEW-9).
SIG-STORE-004,PARTIAL,PARTIAL,"resolution read models: reconcile materialize (reconcile/src/reconcile/cli.py:48; tests/db/test_resolution_materialize.py, Docker); analytics Parquet via DuckDB exports/src/exports/formats.py:172, db/src/db/analytics.py; RDF provenance.ttl / sig-exports provo; PMTiles in spine export; FTS5 search index (tests/exports/test_search_index.py::test_identical_inputs_identical_bytes); SQLite bundle formats.py:321; edge list analytics.py:314; L3 rebuild tests/reconcile/test_rebuild.py (pass). absent: one documented rebuild command per projection; a CI job rebuilding each from canonical state and verifying (keepalive.yml:64 rebuild uses fixtures)",P21.5,ticket(NEW: projection rebuild CI),Document one rebuild command per §15.4 projection; one CI job over a seeded spine rebuilds each from scratch and verifies; decide/waive graph-query projection (merge BL-048),Routing P21.5 stale (landed); BL-048 (open) is a partial home. Projections exist; the rebuild-and-verify CI obligation does not.
SIG-STORE-005,PARTIAL,PARTIAL,design: canonical = PG spine + OCFL evidence; export reads a read-only snapshot (exports/src/exports/spine_export.py); materialized tables are insert-only RESOLVE outputs; sig-ops backup-drill restores PG. No test drops all projections and proves no information loss,P21.5,ticket(NEW: projection rebuild CI),"Docker test: build every projection, drop them, rebuild from canonical state, assert equality (merge with SIG-STORE-004)","Matrix evidence cites ops/mirrors.toml, which is about copies of exports/source, not projections vs canonical state — wrong evidence. No D/BL row."
SIG-ONTO-001,PARTIAL,PARTIAL,"layers: L0 db/deploy/evidence.sql, L1 claim.sql + claim_append_only.sql, L2 entity.sql, L3 resolution.sql, L4 inference_schema.sql:11; materializer insert-only on L3/L4 db/deploy/materialize_role.sql:38-48; tests: tests/db/test_materialize_role.py::test_no_write_at_all_on_the_claim_spine (Docker; CI), tests/db/test_append_only.py (Docker; CI), tests/reconcile/test_rebuild.py::test_committed_sample_regenerates_byte_identically (L3 from L1, pass), tests/reconcile/test_model_inference.py::test_inference_is_l4_and_never_an_observation",P20.1:backlog,ticket(NEW: layer-direction test),Test labelling every table by layer and asserting no writer role holds INSERT/UPDATE on a lower layer; drop-and-rebuild-L4 equality test,Much of the behaviour is tested without the id; L2/L4 reconstructibility and L5-stores-nothing are untested.
SIG-ONTO-028,PARTIAL,PARTIAL,"operator is a claim, not a column: ontology/src/ontology/schema/entities.yaml:250-285, db/deploy/domain_entities.sql:95; absence -> orphaned_device task tasks/src/tasks/catalog.py:184-192; tests: tests/tasks/test_tasks_catalog.py::test_detector_fires_on_positive_and_is_quiet_on_negative[orphaned_device], tests/acceptance/test_hardness_precondition.py::test_at_least_one_asset_with_no_operator, tests/reconcile/test_attribution.py::test_no_candidates_enqueues (pass)",P20.1:backlog,ticket(NEW: ontology conformance batch),Emit and test a countable operator-unknown figure (coverage/peer-class not_researched per asset without operator) in export/API,"'Optional' is met by construction; 'first-class, countable' has no count and no test."
SIG-ONTO-035,PARTIAL,PARTIAL,"ConfigurationState ontology/src/ontology/schema/entities.yaml:458-498 (retention, hotlist topics, sharing partners, offence filter, live-stream permission, audit settings); MFA has no slot or predicate; test tests/ontology/test_schema_structure.py::test_policy_and_configuration_state_are_never_merged (retention only, pass)",P20.1:backlog,ticket(NEW: ontology conformance batch),Add MFA slot + predicate; test that all seven named facts live on ConfigurationState and on no Technology/Capability term,
SIG-ONTO-051,PARTIAL,PARTIAL,"all twelve carriers exist: edges ontology/src/ontology/schema/edges.yaml:40,46,48; configured_access/observed_use common.yaml:353-354; analytics-inference domain ontology/vocab/technology.yaml:695; search.face.* / search.person_records.commercial / alert.* ontology/vocab/capability.yaml:25-42; Policy, LegalInstrument, UsageAggregate, authorization_state; no test maps properties to carriers; sensor density realised as H3 bins (exports/src/exports/analytics.py:210) not per-jurisdiction-area",P20.1:backlog,ticket(NEW: ontology conformance batch),One parametrized test mapping each of the twelve power properties to its carrier,Test-writing only (plus the density-denominator note).
SIG-ONTO-054,PARTIAL,MET,"ontology/src/ontology/generate.py:463-467 (families missing -unspecified); test tests/ontology/test_vocabularies.py::test_every_family_has_an_unspecified_leaf (pass, cited in code as SIG-ONTO-020/054)",P20.1:backlog,already-done(test_vocabularies.py::test_every_family_has_an_unspecified_leaf),,Matrix id-linker missed the shorthand citation 'SIG-ONTO-020/054' (NEW-10).
SIG-ONTO-055,PARTIAL,PARTIAL,"never-a-vendor half tested: tests/ontology/test_vocabularies.py::test_no_vendor_name_in_any_vocab_slug, tests/ontology/test_schema_structure.py::test_no_vendor_name_in_any_schema_identifier (pass); family-discriminator half unenforced: 29 of 104 technology slugs do not share the family's first token (40 by strict family prefix), e.g. fixed-camera -> camera-fixed-cctv; defect: 'private-camera-integration' is both family and technology (ontology/vocab/technology.yaml:134,144) so ontology/generated/skos/technology.nt asserts it skos:broader itself",P20.1:backlog,ticket(NEW: ontology conformance batch),Rename the colliding technology slug (vocab version bump + crosswalk row per SIG-STORE-037) and add a no-self-broader test; settle the family-prefix rule by spec amendment (the spec's own bwc-* examples break it),NEW-5.
SIG-ONTO-057,PARTIAL,PARTIAL,us.fusion_center is an OrganizationType (ontology/src/ontology/schema/common.yaml:734); no fusion technology slug; rtcc-platform technology ontology/vocab/technology.yaml:778; NO RTCC Organization sub-type in OrganizationType (common.yaml:710-756; only a crosswalk row crosswalks.yaml:45); no test,P20.1:backlog,ticket(NEW: ontology conformance batch),"Add an RTCC organization sub-type; test fusion-center-is-org, no fusion technology, RTCC both and distinguished",
SIG-ONTO-057a,PARTIAL,PARTIAL,only 4 EFF Street-Level Surveillance crosswalk rows (ontology/vocab/crosswalks.yaml:33-36); no civil-liberties parent grouping with procurement categories as children; rtcc sits under integration-platform; no test,P20.1:backlog,later-phase(next technology-vocabulary version),,SHOULD. Alignment is a vocabulary-design decision; fold into the next vocab version (or an ADR declining it).
SIG-ONTO-060,PARTIAL,PARTIAL,"tests/ontology/test_vocabularies.py::test_capability_vocabulary_shape (45 unique slugs, 3 segments, export + governance classes, a negative term; pass); 15 of 45 slugs use scopes outside the seven listed (e.g. federal, private_camera, to_partner, required) and outside CapabilityScope (ontology/src/ontology/schema/common.yaml:363-372)",P20.1:backlog,spec-amendment(SIG-ONTO-060),,"The spec's own §11.6 examples use scopes outside its list; amend the scope list (and the enum) to the realised set, then assert it in the existing shape test."
SIG-ONTO-064,PARTIAL,PARTIAL,"free_trial in ProcurementState (ontology/src/ontology/schema/common.yaml:290); reconcile/src/reconcile/lifecycle.py has no transition validation (path legal by absence); tests/tasks/test_tasks_catalog.py::test_detector_fires_on_positive_and_is_quiet_on_negative[free_trial_capability] covers the discovery task, but no test sets procurement=free_trial",P20.1:backlog,ticket(NEW: lifecycle reconciliation into the dossier timeline),"Test that resolve_lifecycle accepts procurement=free_trial with operational=active and no procurement transition, raising nothing",Test-writing only.
SIG-ONTO-065,PARTIAL,PARTIAL,"nothing rejects combinations (no CHECK on deployment, db/deploy/domain_entities.sql:85-93; no SHACL rule); canceled∧installed: tests/reconcile/test_lifecycle.py::test_canceled_contract_with_hardware_present_is_stated_plainly (pass) + canceled_but_installed task; authorized∧not_installed: authorized_not_deployed task (pass); missing: removed∧active data-error flag, canceled∧active wind-down task",P20.1:backlog,ticket(NEW: lifecycle reconciliation into the dossier timeline),Add the two missing soft-constraint detectors (removed∧active -> data-error flag; canceled∧active -> research task) with tests,2 of 4 combinations handled.
SIG-INGEST-004,PARTIAL,PARTIAL,"identity = content_digest over the connector claim dict minus claim_id/sys_period/recorded_at (db/src/db/claim_sink.py:110,150-159; ON CONFLICT DO NOTHING); no connector puts extractor_version in the claim dict (git grep connectors/src: 0 hits); versions recorded on extraction/claim_evidence binding (claim_sink.py:1536-1545, ADR-121 decision 5); no test that a version bump yields a new row",P20.1:backlog,spec-amendment(SIG-INGEST-004),"If the amendment is declined: add extractor_version/normalizer_version to the digest input in PgClaimSink + Docker test (same record, two versions -> two rows)","Unrecorded divergence (NEW-7): a better parser producing an identical payload adds a binding, not a claim row. ADR-121 is the realised design but never cites SIG-INGEST-004. Either amend the spec to binding-level versioning (plus a test) or change the digest."
SIG-INGEST-005,PARTIAL,PARTIAL,"db/src/db/assertion.py:553-558 (observed_at from capture); connectors/src/connectors/pipeline.py:268-283 (replay binds original capture); db/deploy/claim.sql:59 (recorded_at DB clock); tests: tests/db/test_p32_2_bindings.py::test_replay_binds_the_original_occurrence_and_time (Docker; CI), tests/db/test_as_of.py::test_claim_as_of_belief_returns_prior_belief (Docker; correction scenario), tests/api/test_api_reproducibility.py (pass, correction scenario)",P20.1:backlog,ticket(NEW: ingestion framework hardening),Extend the replay test to assert valid_from/valid_to survive and that claim_as_of(belief before the replay) returns only the original claim,Near-MET; test-writing only.
SIG-INGEST-006,PARTIAL,PARTIAL,"Connector base declares only name/version (connectors/src/connectors/stages.py:481-482); registry free-text access_method/cadence (connectors/src/connectors/registry.py:125,128) set on 256/191 of 342 rows; no incrementality field; tests/unit/test_source_registry.py::test_every_source_carries_the_minimum_fields checks neither",P20.1:backlog,ticket(NEW: ingestion framework hardening),Closed-vocabulary ingestion_mode + incrementality per connector (class or registry) and a test that every CONNECTOR_FOR_SOURCE entry declares both,"Near-MISSING. RISK-P4-05/06 (cited) concern transports, not this declaration."
SIG-INGEST-007,PARTIAL,MET,"reconcile/src/reconcile/snapshot_diff.py (field-level diff of extracted payload) feeding /changes (api/src/api/routes.py:503); tests: tests/reconcile/test_snapshot_diff.py::test_unchanged_fields_produce_no_event (different capture digests, same fields -> no event), tests/api/test_api_changes.py::test_changes_feed_emits_field_level_events_from_the_snapshot_diff, tests/connectors/test_replay.py::test_diff_claim_sets_ignores_generated_columns (pass)",P20.1:backlog,already-done(snapshot_diff + test_snapshot_diff.py::test_unchanged_fields_produce_no_event),,Optional: an HTML-churn fixture test tagged with the id.
SIG-INGEST-008,PARTIAL,PARTIAL,"leaic_crosswalk registered access_method='manual acquisition (login)', not ingestion-permitted, no connector (connectors/src/connectors/data/sources.toml:1351-1361; live_dispositions.toml:227 mirror); no structured manual-acquisition model, no documented DOI/version/checksum procedure; no test",P20.1:backlog,ticket(NEW: ingestion framework hardening),"Structured manual-acquisition record (DOI, version, sha256, acquired_by/at), a runbook, and a test that such rows have no connector mapping and carry those fields",
SIG-INGEST-010,PARTIAL,PARTIAL,"event + source_disappeared task built: connectors/src/connectors/disappearance.py, evidence/src/evidence/disappearance.py:65-78, connectors/src/connectors/pipeline.py:587-620; written only to run-record JSON (connectors/src/connectors/runner.py:1041-1047), never to evidence_artifact.disappeared_observed_at (db/deploy/evidence.sql:31) or research_task; tests: tests/connectors/test_pipeline.py::test_404_records_a_disappearance_not_an_exception, tests/connectors/test_connector_disappearance.py::test_note_disappearance_produces_event_and_task, tests/evidence/test_disappearance.py::test_disappearance_generates_a_research_task (pass)",P20.1:backlog,ticket(NEW: ingestion framework hardening),Persist disappearance events to evidence_artifact + research_task from the runner/sink; Docker test querying artifacts with disappeared_observed_at set,The 'queryable' half is not built (NEW-6).
SIG-INGEST-025a,PARTIAL,PARTIAL,"connectors/src/connectors/statute_seed.py (one-time seed, rejects feed-shaped input :111); sources.toml:1757 note; tests: tests/connectors/test_statute_seed.py::test_seed_registry_row_stays_unpermitted_and_live_refused, ::test_parse_statute_seed_missing_frozen_flags_drifts (pass); nothing turns a mandate into a records-acquisition lead",P20.1:backlog,ticket(NEW: statute-seeded records leads),See SIG-INGEST-025b,Not-a-feed half met and tested; lead half not built.
SIG-INGEST-025b,PARTIAL,PARTIAL,"tasks/src/tasks/records_request.py:390-415 builds requests from a ResearchGap under the state's records law, not seeded from mandate statutes (no statute-seed reader in tasks/); state_auditor_survey genre exists (connectors/src/connectors/data/procurement_vocab.toml:274) but no source/connector captures it; no per-artifact capture_status; no 'no follow-up' CoverageRecord; tests/tasks/test_tasks_records_request.py covers the gap-based generator only",P20.1:backlog,ticket(NEW: statute-seeded records leads),Generator from mandate-statute claims to requestable gaps; register + capture the CA auditor survey as a one-time artifact with capture_status; emit a CoverageRecord for the absent follow-up; tests,
SIG-INGEST-025c,PARTIAL,PARTIAL,"bill claims only when the bill's own title matches (connectors/src/connectors/accountability.py:2290-2330) with bill_session emitted (:2472-2474); tests tests/connectors/test_openstates_sweep.py::test_matching_bills_emit_typed_claims, ::test_unmatched_bill_keeps_the_index_only_link (pass); LegalInstrument has no session/text fields (connectors/src/connectors/france_belgium.py:751-779); statute seed asserts citation 'Civ. Code §§ 1798.29, 1798.90.5 (SB 34)' with no session (tests/connectors/test_statute_seed.py::test_seed_load_asserts_claims_through_the_gate); no publish gate for unresolved citations",P20.1:backlog,ticket(NEW: statute-seeded records leads),Add session + text anchor to LegalInstrument claims; publication gate refusing unresolved citations; test,The seed cites the CA ALPR bill number without session — the spec's own bill-number-reuse hazard.
SIG-INGEST-041,PARTIAL,PARTIAL,"registered: atlas_data_library LINK (connectors/src/connectors/data/sources.toml:610-618), eff_data_driven, aclu_cell_site_simulators (REFERENCE), Carnegie/FR world map/ASPI; 11 of the 16 §22.7 table rows (docs/2_canonical_design_spec.md:4043-4058) absent (grep sources.toml = 0): Who Has Your Face, Clearview/BuzzFeed, Upturn Mass Extraction, public-safety drones, Ring/Neighbors, CA ALPR survey (SB 34), federally funded body cameras, wiretap reports, Aaron Swartz Day, MediaJustice electronic monitoring, Atlas Border Communities; no test; RISK-P17-02/08/13 -> BL-043 (closed) assert 'the §22.7 roster is the registered backlog'",P20.1:backlog,ticket(NEW: registry completeness + discovery sweep),"Register the missing §22.7 entries as LINK (or REFERENCE with rationale), ingestion_permitted=false; test enumerating the roster",Compensating control recorded in the risk register is false (NEW-8). Coordinate with Stream I.
SIG-INGEST-048,PARTIAL,PARTIAL,"all 7 §22.6 H2 projects registered (connectors/src/connectors/data/sources.toml:538,1478,1563-1640); tests/unit/test_source_registry.py::test_named_seed_row_is_registered covers 3 (eyes_off_eugene, private_eyes untested); only discovery sweep was one-time (P26.2, sources.toml:2254); no recurring job in ops/cadence.toml or orchestration/",P20.1:backlog,ticket(NEW: registry completeness + discovery sweep),Extend the registry test to all seven; schedule a recurring discovery sweep (or record a deferral with trigger),Registration half MET; the recurring-sweep obligation has no home. Stream I is the natural owner.
SIG-GEO-002,PARTIAL,PARTIAL,"no ST_DWithin / ::geography anywhere in db/, resolution/, reconcile/, api/, inference/; proximity in metres via haversine_m (resolution/src/resolution/camera_sites.py:297, no direct test); ruff selects E/F/I/UP/B only (pyproject.toml:53); no lint rule for the pattern",P20.1:backlog,ticket(NEW: ontology conformance batch),tests/unit lint test (like test_import_boundary.py) failing on ST_DWithin without a geography cast in *.py/*.sql; a haversine_m unit test,No violation exists; the MUST lint rule does not.
SIG-GEO-005,PARTIAL,PARTIAL,"columns db/deploy/domain_entities.sql:99-100 (operating_area, mobility text, no CHECK); Mobility enum ontology/src/ontology/schema/common.yaml:381-388 (fixed, redeployable, vehicle_mounted, airborne, handheld, unknown); connector maps vehicle/drone/mobile -> 'mobile' (connectors/src/connectors/data/osm_tag_vocab.toml:83-89; osm.py:152), not an enum value; tests/connectors/test_osm.py:175 asserts map_mobility('drone') == 'mobile'; operating_area never populated",P20.1:backlog,ticket(NEW: ontology conformance batch),"Map to enum values (vehicle_mounted/airborne), add a CHECK against the enum, populate operating_area for non-fixed assets, fix the test",Defect NEW-4: the implemented mobility model writes an out-of-vocabulary value.
SIG-GEO-007,PARTIAL,N/A-RATIONALE,"docs/2_canonical_design_spec.md:3287 — measurement rationale (93.6% direction coverage) for SIG-GEO-006, no separate obligation; related state: inference.derived_geometry table db/deploy/inference_schema.sql:25 (no writer, no test); web map layer kind observed|derived web/src/lib/map.ts:52-127 (web/tests/unit/map.test.ts, pass); tiles export has points only",P20.1:backlog,wontfix(rationale paragraph; obligation carried by SIG-GEO-006),,Precedent: SIG-INGEST-048a is N/A-RATIONALE. But SIG-GEO-006 is MET while no code writes FOV cones — F2b/S should sample GEO-006.
SIG-STORE-013,PARTIAL,MET,"db/deploy/claim.sql:59 (lower bound clock_timestamp() default); db/deploy/claim_append_only.sql:56-64 (lower bound immutable, close once); closes only in correction paths (db/src/db/intake_apply.py:768, recovery_apply.py:620, ops/src/ops/seed_correction.py:408, resolution_supersede.sql); tests: tests/db/test_append_only.py::test_sys_period_lower_bound_is_immutable, ::test_closing_sys_period_is_permitted, tests/db/test_corrections.py::test_correction_preserves_prior_belief (Docker; CI with SIG_REQUIRE_DB_TESTS=1, ci.yml:72-91; not run locally)",P20.1:backlog,already-done(claim_append_only.sql:56-64 + test_append_only.py sys_period tests),,Hardening (optional): 'DB-assigned' rests on a DEFAULT; sig_ingest has table-level INSERT and could supply sys_period — grant INSERT per column excluding sys_period.
SIG-STORE-037,PARTIAL,PARTIAL,"SkosMappingRelation has the five relations (ontology/src/ontology/schema/common.yaml:270-277); crosswalks.yaml rows carry relation + lossy, emitted to SKOS (ontology/src/ontology/generate.py:418-434); connectors stamp crosswalk_lossy (tests/connectors/test_atlas.py::test_category_maps_to_a_sig_family, pass); nothing requires crosswalk rows on SIG vocab change; nothing in api/exports/reconcile propagates crosswalk_lossy into result metadata",P20.1:backlog,ticket(NEW: ontology conformance batch),Propagate crosswalk_lossy into API/export result metadata with a test; a gate test that a vocabulary version bump ships crosswalk rows,
SIG-STORE-044,PARTIAL,PARTIAL,"wikidata.qid Tier-0 auto-link scheme (resolution/src/resolution/data/cascade_rules.toml:42), vendor secondary scheme (canonical_schemes.toml:56); OSM vocab maps manufacturer:wikidata/operator:wikidata (connectors/src/connectors/data/osm_tag_vocab.toml:52,54); tests tests/resolution/test_crosswalk.py::test_wikidata_is_not_reliable_for_us_le_but_is_for_vendors, ::test_sig_external_crosswalk_is_deterministic_and_sorted (pass); manufacturer_qid emitted only as a raw literal claim, never resolved to the vendor organization's wikidata.qid identifier; no OSM test asserts the QID claim",P20.1:backlog,ticket(NEW: ontology conformance batch),Resolver step linking manufacturer_qid/operator_qid claims to the organization identifier; OSM test asserting the QID claim,Spec text says SHOULD inside a MUST id.
SIG-STORE-045,PARTIAL,PARTIAL,"ontology/generated/sql/sig.sql generated (ontology/src/ontology/generate.py:139-142) and kept fresh by make verify-gen / tests/ontology/test_generation_gate.py; the deployed DDL is hand-written db/deploy/*.sql; generated SQL is generic (DATETIME, geometry as TEXT) and neither deployed nor compared; accepted risk docs/risk_register.md:96 (RISK-P2-04 -> BL-049 open); no ADR",P20.1:backlog,ticket(BL-049),At minimum a Docker conformance test comparing generated logical tables/columns with the deployed schema; or an ADR/spec amendment making sqitch DDL authoritative,The core clause ('shipped DDL is generated') is unmet — borderline MISSING. BL-049 is the only open home among these 49 ids.
SIG-RECON-052,PARTIAL,PARTIAL,"structural: Inference layer='L4', is_observation=False (reconcile/src/reconcile/model.py:340-366; tests/reconcile/test_model_inference.py, tests/reconcile/test_attribution.py, tests/inference/test_access_paths.py:323, pass); export keeps L4 links in materialized_accountability_links (exports/src/exports/spine_export.py:317); map derived-layer kind (web/src/lib/map.ts); missing: an inferred marker on every exported/API record, an inference style in web/src/styles/epistemic.css, a cross-surface test",P20.1:backlog,ticket(NEW: inference distinguishability),Shared layer:'L4'/inferred field on every export + API inference record and an epistemic CSS class; one cross-surface test,
SIG-ENG-004,PARTIAL,N/A-RATIONALE,"definitional Definition-of-Done meta-rule applied by the verdict process; docs/tickets/_TEMPLATE.md:33-35; tests/unit/test_build_memory_audit.py::test_coverage_nonmet_without_routing_is_error enforces routing of non-MET rows; criterion 5 (id in commit/PR) unenforced (no PR template, no commit hook)",P20.1:backlog,spec-amendment(SIG-ENG-004),,Not a buildable behaviour: reconcile its five criteria with the §8.3 vocabulary at S5/T4 (MET = criteria 1+2; criteria 3-5 recorded per row). Optional hygiene: PR template / commit-msg id check.
SIG-ENG-034,PARTIAL,MET,"docs/slice/P06.1_retrospective.md committed b1b9965d (2026-09-01T09:38:03-04:00), an ancestor of the first P07.1 commit cacbfeba (10:03:56-04:00) (git merge-base --is-ancestor); docs/tickets/00_MANIFEST.md:404; test tests/acceptance/test_slice_artifacts.py::test_retrospective_is_committed_and_substantive (pass)",P20.1:backlog,already-done(P06.1 retrospective precedes P07.1; test_slice_artifacts.py retrospective test),,MET by record (the gate ordering is a historic build fact).
SIG-EVID-001,PARTIAL,PARTIAL,"E1 evidence/src/evidence/storage.py:71-95 (Object Lock GOVERNANCE) + tests/evidence/test_storage.py::test_object_lock_config_is_governance_not_compliance, tests/evidence/test_digest.py::test_verify_detects_tampering; E2 tests/evidence/test_capture.py::test_wacz_is_a_valid_1_1_1_package, tests/connectors/test_replay.py::test_replay_over_pinned_captures_is_byte_identical; E3 tests/evidence/test_tiers.py::test_sealed_exposes_metadata_only; E5 tests/evidence/test_ocfl.py::test_object_readable_without_sig_code, tests/db/test_restore_drill.py (Docker); E6 tests/evidence/test_ocfl.py::test_unchanged_bytes_dedup_to_one_blob_many_versions, tests/exports/test_distribution.py::test_metered_egress_provider_fails_the_build (pass); E4 takedown: governance mode keeps it possible (storage.py:15,29,92) but no permissioned+audited takedown routine or test",P20.1:backlog,ticket(NEW: security baseline),Audited takedown procedure (governance bypass requires the permission and appends an audit record) + test,"E1, E2, E3, E5, E6 MET with tests; E4 only structurally satisfiable. Production evidence bucket is GCS, whose retention semantics differ from S3 Object Lock — not verified here."
SIG-CONTRIB-019,PARTIAL,PARTIAL,"emission MET: tasks/src/tasks/records_request.py:516 (RecordsRequestGenerator), tasks/src/tasks/detect.py:168 (RecordsRequestDraft carries task_type/subject_id/trigger_ref); tests tests/tasks/test_tasks_detect.py::test_records_requests_are_drafted_statute_templated_never_sent, tests/tasks/test_tasks_records_request.py::test_emitted_request_carries_the_sig_task_015_surface (pass); missing: RecordsRequest linked back to the task — records_request table (db/deploy/domain_entities.sql:143) and class (ontology/src/ontology/schema/entities.yaml:596) have no task reference; request_outcomes.py (D-META.1-2 DONE) logs outcomes by external id only",P20.1:backlog,ticket(NEW: statute-seeded records leads),"research_task reference on records_request + record_filed_request(draft, task) + test",Sending stays operator-gated (D-R7.2-SEND OPEN) — out of this id's scope.
