debt_id,title,source_refs,component,repro,root_cause,fix_shape,size,risk_if_unfixed,proposed_package
ED-01,Whole-plan `sqitch verify` divides by zero on a fully deployed DB,D-P32.10a-1; U-0058; BL-058,db (sqitch verify/shared_temporal_contract.sql),"podman run -d --name pg --platform linux/amd64 -e POSTGRES_USER=sig -e POSTGRES_PASSWORD=sig -e POSTGRES_DB=sig docker.io/postgis/postgis:18-3.6; SQ='podman run --rm --network container:pg -v $PWD/db:/repo:ro -w /repo docker.io/sqitch/sqitch:latest'; $SQ deploy db:pg://sig:sig@127.0.0.1:5432/sig; $SQ verify db:pg://sig:sig@127.0.0.1:5432/sig -> 'psql:verify/shared_temporal_contract.sql:30: ERROR: division by zero', 'Changes: 48 Errors: 1', rc 2 (F5 reproduced 2026-09-30T17:38:12Z; spine_watermark count(*) = 28)","verify/shared_temporal_contract.sql:30 asserts the GLOBAL facet count (count(*) FROM spine_watermark = 27); publication_dispositions (the next plan line, P32.5) legitimately adds a 28th facet (publication_disposition). The verify pins an open-ended shared registry instead of the facets this change installs. make check / make test-db only deploy, so nothing ever ran a whole-plan verify.","Append-only sqitch rework (verified in F5 exp3): `sqitch tag <r11-tag>` then `sqitch rework shared_temporal_contract`; the landed scripts are preserved byte-identical as `*@<r11-tag>.sql`; the reworked deploy/revert are no-ops; the reworked verify asserts the 27 named facets this change installs (plus the unchanged per-facet invariants). sqitch v1.6.1 skips the earlier instance's verify (proved with a poisoned @tag copy), so whole-plan verify exits 0; full deploy->verify->revert->deploy->verify round trip green. Record the verify-contract rule in an ADR. No edit to any landed plan line or deploy/revert script. Note: a rework cannot change what the landed L44/L46 deploy scripts do on a DB that has not deployed them yet, so the hosted lock/rewrite hazard of L44/L46 (G2 NEW-3) stays a G2 rehearsal item.",S,Whole-plan verify stays red; any hosted L44-52 deploy followed by `sqitch verify` fails; the defect class recurs silently because no gate runs verify.,PKG-01
ED-02,Whole-plan `sqitch revert` fails at revert/extensions.sql (postgis has dependents),D-P32.16a-1; U-0060; BL-058; F5 NEW-3,db (revert/extensions.sql) + tests/db/conftest.py test environment,"podman run -d --name pg --platform linux/amd64 -e POSTGRES_USER=sig -e POSTGRES_PASSWORD=sig -e POSTGRES_DB=sig docker.io/postgis/postgis:18-3.6; SQ='podman run --rm --network container:pg -v $PWD/db:/repo:ro -w /repo docker.io/sqitch/sqitch:latest'; $SQ deploy db:pg://sig:sig@127.0.0.1:5432/sig; $SQ revert -y db:pg://sig:sig@127.0.0.1:5432/sig -> 'extension postgis_topology depends on extension postgis / extension postgis_tiger_geocoder depends on extension postgis', rc 2 (F5 2026-09-30T17:38:18Z). Control: same plan into `CREATE DATABASE x TEMPLATE template0` -> deploy, full revert ('No changes deployed'), redeploy all exit 0 (F5 exp2 17:43:22Z)","The postgis/postgis image's initdb script pre-creates postgis, postgis_topology, postgis_tiger_geocoder and fuzzystrmatch in POSTGRES_DB (seen before deploy: 'fuzzystrmatch, plpgsql, postgis, postgis_tiger_geocoder, postgis_topology'). deploy/extensions.sql:12 `CREATE EXTENSION IF NOT EXISTS postgis` is therefore a no-op there, and revert/extensions.sql:7 drops an extension the plan never created and that has image-created dependents. In a DB where the plan owns its extensions the unmodified plan round-trips.","Recommended (no migration change): tests/db/conftest.py and the new CI round-trip job deploy into a database created FROM template0, so the test extension set equals what the plan owns (no SQL depends on fuzzystrmatch/topology/tiger: grep). ADR states 'the plan owns only the extensions it creates'. Optional append-only alternative (verified F5 exp2 E-B2): a new last change `extension_dependents_teardown` [extensions] whose deploy is a no-op and whose revert drops postgis_tiger_geocoder/postgis_topology IF EXISTS. Rejected: CASCADE or ordered drops in revert/extensions.sql (in-place edit of a landed revert; CASCADE silently drops dependents).",S,"No reversible-migration evidence for the spine; tests run against an extension set production never had (inference for Cloud SQL: its extension list was not read, P3).",PKG-01
ED-03,Full `sqitch revert` fails when a second database in the same cluster carries the plan (cluster-global roles),F5 NEW-4; G1 NEW-14 (same-instance restore drill),"db (revert scripts that DROP ROLE: recovery_apply, intake_*, materialize_role, access_control, human_eval_campaign)","In one PG18 cluster: deploy the plan into two databases (e.g. two `CREATE DATABASE … TEMPLATE template_postgis`), then `sqitch revert -y` one of them -> 'psql:revert/recovery_apply.sql:22: ERROR: role ""sig_recovery"" cannot be dropped because some objects depend on it / DETAIL: 23 objects in database e_a1' (F5 exp 2026-09-30T17:40:15Z).","Deploy scripts create cluster-global roles idempotently (NOTICE 'already been granted membership'), but revert scripts DROP ROLE unconditionally; a role granted objects in another database cannot be dropped. Fails closed (safe), but makes revert unusable on any shared instance (restore-drill DB, staging DB on the prod instance).","Document the one-plan-per-cluster assumption in the ADR (PKG-01) and make the round-trip CI job single-DB. If same-instance restore drills are adopted (G1), use a separate instance or accept revert-unavailability there. Optional later: a new change that moves role teardown behind an 'no other database references the role' guard (DO block on pg_shdepend) — append-only, only if a real need appears.",S,A restore drill or staging DB on the production instance cannot be reverted with sqitch; operators may reach for manual DROP … CASCADE.,PKG-01
ED-04,No gate runs whole-plan `sqitch verify` or `sqitch revert` (both deferrals were invisible to make check / make test-db / CI),D-P32.10a-1; D-P32.16a-1; F-20; SIG-STORE-024,Makefile; .github/workflows/ci.yml; tests/db/conftest.py,grep -n sqitch Makefile .github/workflows/*.yml -> only a comment (ci.yml:71); tests/db/conftest.py:104 runs `deploy` only.,SIG-STORE-024 was met with deploy-only fixtures; verify and revert scripts are authored per change but only exercised per-change by hand during tickets.,"Add `make test-sqitch-roundtrip` (template0 DB: deploy -> verify -> revert -y -> deploy -> verify, all exit 0) and a CI step in the python job (Docker already present). Fail on any 'not ok'.",S,"The next stale verify/revert lands unseen, as both deferrals did.",PKG-01
ED-05,Nothing guards new sqitch.plan lines against future-dated planned_at (hashed into change ids),B1 NEW-6; F-21,db/sqitch.plan; tests,"sed -n 41,52p db/sqitch.plan -> planned_at 2026-10-02 … 2026-10-19T21:00Z on lines committed 2026-09-25…27; line 49 (09-27) follows line 48 (10-16).","Plan lines were hand-typed with a self-imposed monotonic 'chain date' ratchet instead of `sqitch add` stamping the clock (B1 NEW-1). A planned timestamp is part of the change id, so landed lines can never be corrected (B1 §5.7).",Unit test: every plan line added after the guard's landing commit has planned_at <= its commit time (git log -L or a committed allowlist of the 18 historical lines); require `sqitch add`/`rework` to author new lines. Never edit existing lines (B1).,S,Future dates keep entering the immutable change ids and the hosted registry.,PKG-01 (co-own B1)
ED-06,Verify scripts can pin global state that later changes legitimately alter (latent class of ED-01),D-P32.10a-1 (class),db/verify/*.sql,"grep -nE 'count\(\*\)[^;]*\) *= *[0-9]+|= *[0-9]+ *THEN' db/verify/*.sql -> shared_temporal_contract.sql:30 (unscoped, broken), temporal_invariants.sql:22-26 (pg_proc count = 2 by name: breaks if a later change adds an overload), intake_application_bridge.sql:63 / recovery_apply.sql:70 (sig_visible_max_tier() = 2 value pin).",No authoring rule for verify scripts: they are written as 'state right after this change' assertions but are re-run against the fully deployed plan.,"A verify-lint unit test (no unscoped count(*) over shared registries or catalogs; name-scoped counts only) + the ADR rule 'verify asserts what the change installed, never global totals'. Fix further offenders only by rework when they actually break.",S,Recurrence of ED-01 on the next overload or tier change.,PKG-01
ED-07,test_capstone_closure_round10 pins the living DEFERRALS/LEDGER state to the P33.3 snapshot,F-19; H1 NEW-6; B5 NEW-8; F5 NEW-1,tests/unit/test_capstone_closure_round10.py,"F5 mutation probe on a scratch copy (2026-09-30T17:47Z): closing D-P32.10a-1, D-P32.21-1 or D-R10-LIVE-1 -> test_p33_3_annotations_preserve_open_status FAILED; adding any new OPEN deferral -> test_every_open_deferral_appears_in_the_f5_register FAILED.","Four pins: (1) exactly 18 P33.3-annotated rows and all still OPEN/PARTIAL; (2) the frozen CAPSTONE_CLOSURE §(f5) must name every CURRENTLY open deferral; (3) the ACCEPT-R10 check reads `ledger.split('## GATE DECISIONS',1)[-1]`, which is the whole LEDGER when the heading is absent (F-22 deleted that table), so it passes vacuously and breaks when B3 moves decisions out of LEDGER; (4) PLAN.json ids must equal the matrix rows owned by P32*/P33* (breaks when T4 re-homes an id to a P34 row).","Rewrite as invariants: (1) a P33.3-annotated row may close only with a dated closure token plus an obligation-event transition with evidence; drop the ==18 count; (2) scope to the deferral set OPEN at the snapshot commit (pinned id list captured from the register at 13ade2b2-era, immutable) — living coverage belongs to the current projection; (3) resolve gate decisions from the B3 decision register and fail if the section is missing; (4) assert PLAN.json ids are all present in the matrix with a non-empty owner.",S,F5's own fix (closing D-P32.10a-1/16a-1) and the first new Round-11 deferral turn CI red; the #186 pattern (relax the test to accept the new record) repeats.,PKG-02
ED-08,"test_agent_docs_current_state pins LEDGER cursor values, a verdict value, the README row range and the node floor",F-19; F-23; F5 NEW-1,tests/unit/test_agent_docs_current_state.py,F5 mutation probe: LEDGER lastCompleted/nextTicket advance -> test_ledger_closed_the_manifest_honestly FAILED; projectStatus IN-PROGRESS -> IN_PROGRESS (the F-23 enum fix) -> same FAILED; SIG-MEM-004 MET -> MET-ENGINEERED (S5 vocabulary) -> test_coverage_matrix_marks_sig_mem_004_met FAILED.,"Asserts literals of living records: 'lastCompleted: P33.8', 'nextTicket: HUMAN-H4', 'projectStatus: IN-PROGRESS' (off-enum per F-23), verdict == 'MET', README contains 'rows 1-200', web/AGENTS.md contains '>=22.12.0'.",Delete the LEDGER literal test (audit_current_state already validates cursor/enum/next-ticket); verdict test -> verdict in the validator enum and evidence non-blank; README range -> derived from BUILD_INDEX max row; node floor -> equal to web/package.json engines.node. Keep the historical 'P33.8 in BUILD_INDEX' check.,S,The Stage-B LEDGER seed PR (T5) and every Round-11 closeout go red on the python job.,PKG-02
ED-09,Acquisition-pilot check (tests and production `check_pilot`) requires its return-pass deferrals to stay OPEN forever,F5 NEW-2; D-P32.18-1; D-P32.19-1; D-P32.20-1; D-P32.21-1,tasks/src/tasks/acquisition_pilot.py (check_pilot ~L1746-1765); tests/tasks/test_acquisition_pilot.py,F5 mutation probe: set D-P32.21-1 status DONE -> test_check_pilot_zero_violations and test_cli_pilot_check_green FAILED ('D-P32.21-1: DEFERRALS.md row does not read OPEN').,check_pilot reads the real DEFERRALS.md (root defaults to the repo) and flags any named return-pass row whose status cell does not contain OPEN. Closing the row is the intended outcome of the live return pass (G2).,"check_pilot accepts OPEN, or a closed status backed by an obligation-event transition with evidence refs; keep the fabricated-closure refusal. Tests keep using tmp_path registers for OPEN, DONE-with-evidence and DONE-without-evidence.",S,The OKC/Tulsa/San Diego live return pass cannot close without breaking `sig-tasks pilot check` and CI.,PKG-02
ED-10,test_build_memory_audit pins named rows OPEN and an exact conflict set,F-19; H1 NEW-6,tests/unit/test_build_memory_audit.py,F5 mutation probe: D-R10-LIVE-1 -> DONE -> test_no_existing_gate_or_deferral_is_closed_by_parsing FAILED. Code: test_real_tree_expected_conflicts_and_zero_errors asserts flagged == {'D-P21.5-1'}.,"'Parsing must not close rows' is tested by asserting 7 named rows are still OPEN/PARTIAL (a living state), and the documented-conflict set is hard-coded.",Assert the parser's status equals each row's raw leading token (the real invariant); keep zero-errors on the real tree (it correctly caught the #165/#179 record defects); move expected conflicts to a committed allowlist owned with the records.,S,Every live return pass that closes a Round-10 row turns CI red.,PKG-02
ED-11,"Second-order living-document pins (README/governance counts, integration-plan pointer)",F-19 (outside its 11-file grep); B5 NEW-8; B5 NEW-5,tests/unit/test_repo_docs_current_state.py; tests/unit/test_round10_integration_plan.py,Code: test_readme_round10_honest_bounds asserts README contains 'D-R10-PUBLISH-1' and 'operational=false'/'receiver_not_operating'; test_governance_readme_counts_all_documents asserts 'Ten documents'; test_prior_plan_points_at_current_plan asserts docs/build/INTEGRATION_PLAN.md says 'Superseded for the current stack'.,Doc-honesty guards written as 'must contain today's state' rather than 'must not contain a known-stale claim'.,Keep the 'must not contain' guards; convert 'must contain current state' checks into consistency checks (README intake wording derived from the intake config/deferral status; document count derived from the index); INTEGRATION_PLAN pointer -> resolves to an existing plan. The P33.6 snapshot tests over the dated report are acceptable (immutable artifact).,S,"Activation (D-R10-PUBLISH-1 closure, intake operating) turns docs tests red or pushes agents to keep stale README text.",PKG-02
ED-12,Source-registry test pins the exact 236-id permitted set; its comment says 77,F5 (debt only); E4 NEW-6,"tests/unit/test_source_registry.py:81,383-394",uv run python: len(_FLIPPED_SUBSET)=236 == permitted in the 342-row registry; comment at :385-392 enumerates flips up to '77 sources'.,"A deliberate HG-03 tripwire (a flip must be a reviewed edit), but it is a literal of living product data and every Stream-I flip in Round 11 edits it.","Keep a tripwire, but as an invariant: every ingestion_permitted source cites a recorded rights decision (packet path or gate id) in sources.toml; fix the stale comment.",S,Round-11 source flips require hand-edits of a 236-entry frozenset; the stale comment misleads reviewers.,PKG-02
ED-13,"No guard against tests that assert living build-memory values (and against relaxing them, the #186 pattern)",F-19; H1 NEW-6; B5 NEW-8,tests/ (meta),"A2's grep lists 11 files; F5 found 7 of them read only tmp_path fixtures (check_build_memory_report, closeout_protocol, current_projection, obligation_events) or mention DEFERRALS only in a comment (source_registry): false positives. The real pins are ED-07..ED-12.","Record-guard tests were added per ticket (P33.x) as snapshots; no convention separates snapshot artifacts (immutable) from living control records (LEDGER, DEFERRALS, COVERAGE_MATRIX, BUILD_INDEX, README).","AGENTS.md test convention + a lint test: tests may read living control records only through the validators (audit_current_state, check_backlog, obligation_events check) or with an explicit snapshot commit; literal cursor/status/verdict values are rejected.",S,New pins accrete each round; CI red on record commits becomes normal and gets 'fixed' by relaxing tests.,PKG-02
ED-14,Release-archive record/evidence links are one directory level too shallow (150 of 164 crawled URLs non-200),C4 NEW-1; DR-C4-01,"exports/src/exports/release_pages.py:117,193; exports release validation","C4: build the P32.24 corpus tree, serve it, crawl from /releases/ -> 150/164 non-200 (http.server and prod nginx). Code: release_pages.py:117 '../../evidence/', :193 '../../entity/' from pages three levels deep.",Relative hrefs computed for a two-level page depth; validate_release checks integrity digests but never resolves links.,Emit root-relative or depth-computed links; add a link-resolution crawl (every same-origin href resolves to 200 or an explicit 410 deny) to validate_release and to the release tests.,S,The no-service browse fallback of every release is dead on arrival.,PKG-03
ED-15,Export-mode web build fails on any from-spine export: web/leverage.json is never emitted by the production export path,C4 NEW-26; F5 NEW-5,exports/src/exports/spine_export.py (surfaces ~L1709-1730); exports/src/exports/cli.py:699-717; web/src/lib/data.ts:200-206,"C4 (17:02:03Z): `SIG_DATA_SOURCE=export SIG_EXPORT_DIR=…/p32.23a-release-candidate/candidate_export npx astro build` -> 'the leverage metric artifact is missing'. Code: grep leverage exports/src -> only cli.py (jurisdiction/fixture path); run_spine_export surfaces = dossier_index, dossiers, map, network, freshness, coverage, watch, evidence, corrections, research_queue.","leverage.json is written only by the jurisdiction/fixture export branch and the web test harness (build-fixture-export.ts:257); run_spine_export — used by `sig-exports build --from-spine`, the national publish input and ops.release_candidate — omits it, while data.ts hard-fails. The candidate also lacks web/tiles/*-sites.pmtiles (0 geolocated records) and web/releases.json (tolerated).","run_spine_export emits web/leverage.json (the zeroed metric when no feed exists, per cli.py:703-704's own rule) — or data.ts treats absence like releases.json (honest empty state). Add a CI build of the web in export mode from a from-spine fixture export (the missing seam). Tiles: the map island must render an honest empty state when no tile exists.",S,No production candidate or republish can build the site without hand-supplied files (G2 activation step 1 blocked).,PKG-03
ED-16,"Withdrawal barrier: generic nginx 410 body, /index.html alias bypasses the deny map, withdrawn /entity/ stub still 200",C4 NEW-14; DR-C4-08,"ops/web/nginx.conf (deny map, location = rules); exports release entity stubs","C4 prod-nginx composite (:8095, 17:24Z): withdrawn record -> 410 with nginx's 136-byte page; '<record>/index.html' -> 200 tombstone bytes; /entity/<withdrawn>/ -> 200.",`location =` exact matches cover only the canonical path; no error_page mapping for 410 to the tombstone body; entity stubs are not generated from the deny list.,"Deny map keyed on normalized path (strip index.html, add trailing-slash and .json variants); error_page 410 -> the tombstone page; entity stubs regenerated from the withdrawal set; a test over every alias.",S,Withdrawn records remain reachable by alias — a takedown/correction integrity failure once the archive is public.,PKG-03
ED-17,"Release-namespace edge states: /r/<pub>/ 403, pseudo-compartment 'web' answers 503 retry, zero-record landing says 'Completeness: complete'",C4 NEW-29; C4 NEW-31,exports release_pages (namespace root); api release search compartment list,C4: GET /r/<pub>/ under prod nginx -> 403; search on compartment 'web' -> 503 index_not_staged + Retry-After; staging landing shows an empty compartments table marked complete.,No namespace-root page is generated; the API treats every compartment dir as searchable; completeness is computed over an empty set.,Generate /r/<pub>/index.html (link to the release landing); exclude non-data compartments from search (404 unknown_compartment); completeness 'not evaluable' when records = 0.,S,Confusing dead ends; a vacuous 'complete' on an empty release.,PKG-03
ED-18,Release search scope counts omit access-time denies ('63 eligible' while 2 are withdrawn),C4 NEW-12; DR-C4-09,api release search (scope block),"C4 K18: scratch registry with a withdrawn record -> full walk returns 61 records; scope still 63 eligible, excluded_records_by_reason {}.","Scope is read from the staged index metadata; runtime deny filtering happens after, without updating the counts.",Compute eligible/excluded at access time from the deny set (cheap: deny set is small) and report excluded_records_by_reason.withdrawn.,S,Published counts silently disagree with what the endpoint returns.,PKG-03
ED-19,No-JS HTML clients receive raw JSON error bodies (release search and intake),C4 NEW-13; DR-C4-10; SIG-UI-050,api release search + intake receiver error handlers,"C4 S04/S09 (format=html + unknown compartment), K22/K23 (410), intake refusals 422/403 -> JSON bodies.",Exception handlers are JSON-only; content negotiation applies to success pages only.,Content-negotiated error handlers (Accept text/html or format=html -> a minimal zero-script HTML error page with the same status and reason code).,S,No-JS users (the SIG-UI-050 fallback) hit unreadable errors.,PKG-03
ED-20,Performance budgets never measured on real-data builds; R10 pages outside the Lighthouse matrix,C4 NEW-25; DR-C4-13; SIG-FIND-005,web/lighthouserc.json; web/scripts/measure-island-budgets.mjs; CI web job,"C4: /map/ mobile perf 0.44 on fixtures (6 sites); the deployed real-data /map/ document is 3.46 MB vs a 153,600-byte ceiling; lighthouserc has no /releases/, /research-dossier/ or archive record URL.",Budgets are checked only against the fixture build; the export-mode build never runs in CI (ED-15).,"After ED-15, run island budgets + Lighthouse over the export-mode fixture build in CI; add the R10 URLs to lighthouserc.",M,Budget ceilings (ADR-134) are unverified for the only build that ships.,PKG-03
ED-21,No production route to release search or intake: /v1 and /intake 404 on the web origin; sig-api runs without a release registry,C4 NEW-9; F-14; F-03; G2 NEW-2,"ops/Dockerfile:112 (sig-api CMD); ops/web/nginx.conf (no /v1, /intake location); LB routing; web SIG_RELEASE_SEARCH_BASE","C4 prod-nginx composite: /v1/releases/…/search 404, /intake/new 404. Code: ops/Dockerfile:112 CMD has no --release-registry; nginx.conf locations are /_astro/, /tiles/, /r/, /releases/, /entity/, deny rules, /.",Round-10 surfaces were built and tested on local ports; no ticket owned the production composition (single origin vs API origin).,"Decide topology (G3): either nginx/LB proxies /v1/releases/* and /intake/* to sig-api (and serve-intake), or the web build sets SIG_RELEASE_SEARCH_BASE and API HTML links become absolute. Mount the registry read-only and pass --release-registry in the CMD. e2e: composed stack answers /v1/releases/<pub>/…/search and /intake/new through the web origin.",M,Any Round-10 exposure ships broken search and a dispute channel that 404s (F-03 is S0 today).,PKG-04
ED-22,Web deploy `rsync --delete-unmatched-destination-objects` would erase the staged release tree; /releases/index.html has two generators,C4 NEW-10; DR-C4-07,"ops/src/ops/deploy.py:92 (the web-sync step of the printed GCP deploy plan, executed by hand); release staging sync (P32.25 publish plan)",Code: deploy.py:92 `gcloud storage rsync -r -c --delete-unmatched-destination-objects web/dist gs://…-sig-web`. C4 composite: Astro /releases/ digest 78d144d8 vs staged 66af349e; last sync wins.,"Syncs are runbook lines a human/agent types (build_gcp_plan returns strings, not an executor); two independent syncs own one bucket prefix; the site build and the release builder both render /releases/index.html.","One publish operation owns the bucket: build the composite tree (web/dist + staged release namespaces) locally, assert invariants (no /curate/, immutable /r/<pub>/ unchanged, one /releases/index.html generator), then a single sync with --delete excluding /r/, /releases/<pub>/, /entity/, conf/. Test: a dry-run diff shows zero deletions under immutable prefixes.",M,The next web deploy silently deletes published immutable release trees (citations break).,PKG-04
ED-23,"Publish exclusion (/curate/, demo /task/new/ pages) lives only in build_public_web; hand rsync bypassed it; no sync-time or post-sync check",F-02; G1 NEW-6; G1 NEW-7,"ops/src/ops/publish.py:168-185 (NON_PUBLIC_WEB_PATHS=('curate',)); ops/gcp/web.sh",G1: P31.16 synced a rebuilt web/dist by hand (REPUBLISH_LIVE_2026-09-27.md:35-40); /curate/ exposed ~86.8 h; six demo agency:okcpd /task/new/ pages remain public.,Exclusion is a post-build deletion in one code path; the sync step is a free-form command; the exclusion list lacks the demo task pages.,"Folded into ED-22's single publish command: a denylist assertion over the tree to be synced (curate/, demo task slugs, presentation/) that aborts the sync, plus a post-sync absence probe; extend the list; G1 owns the regression test.",S,Recurrence of the S0 /curate/ exposure on the next manual republish.,PKG-04 (co-own G1)
ED-24,"sig-web bucket is public-read, a third public origin outside nginx",G1 NEW-5,gcp IAM on gs://…-sig-web; ops/gcp provisioning,G1: get-iam-policy -> allUsers objectViewer; storage.googleapis.com/…-sig-web/index.html 200; no site code references it.,Provisioned public-read before the gcsfuse-mounted sig-web service existed; never revoked.,Remove allUsers from sig-web (Track-0/operator action) and make provisioning code private-by-default for that bucket; test in tests/ops/test_gcp_iac.py.,S,Anything synced to the bucket (incl. non-public paths) is public regardless of nginx rules.,PKG-04 (co-own G1)
ED-25,Reviewer detail route returns HTTP 500 with the PostgreSQL intake store (UUID not JSON serialisable),C4 NEW-8,"db/src/db/intake.py:132-139 (_row), :286-312 (detail); api/src/api/intake_moderation.py:88-102",C4 curation_8004.log:95 'TypeError: Object of type UUID is not JSON serializable' at intake_moderation.py:102 JSONResponse(row). Code: _row converts only timestamps; report_id (uuid) and claim_ids pass through.,"Route tests use MemoryIntakeStore (tests/api/test_curation_intake.py:21-33, string ids); the PG store is tested only at the store API (tests/db/test_intake_pg.py:350-361), so the route+PG seam was never exercised.",Serialise via jsonable_encoder (or stringify UUIDs in _row); add a Docker test that calls GET /v1/curation/intake/{receipt} over the PG store; parametrize the route tests over both stores.,S,Moderation is unusable the moment the operational receiver is enabled.,PKG-05
ED-26,Intake operating gate opens with owner empty and staffed=false; curation app accepts published demo tokens when a DSN is set,C4 NEW-15; C4 NEW-30; DR-C4-11; D-P32.16-1,api intake receiver gate; api curation token store,C4 step 10: operational preview opened with owner='' staffed=false; step 12: serve-curation --intake-dsn -> token_store: demo.,The gate checks only [intake].operational; the demo token store is the default whenever no token file is provisioned.,Fail closed unless owner non-empty and staffed=true; refuse the demo token store whenever a DSN is configured; tests for both.,S,An accidental flag flip exposes an unstaffed intake with publicly known reviewer tokens.,PKG-05
ED-27,Intake rate limiter keys on the direct peer and charges rejected submissions,C4 NEW-16,api intake receiver limiter,"C4: third submission hit the limiter (burst 3, 720 s wait), refusals counted.",Limiter key = request.client (the proxy/LB behind Cloud Run); charges before validation.,Key on the trusted forwarded client address (configurable trusted-proxy hops); charge only accepted receipts or apply a separate refusal budget.,S,Behind the LB every reporter shares one bucket: a trivial denial of the dispute channel.,PKG-05
ED-28,Reporter never sees outcome/response; approved proposals can be unapplicable (shape checked only at apply),C4 NEW-17; C4 NEW-18; DR-C4-12,api intake status projection; db/src/db/intake_apply.py,C4: status shows 'resolved' only; first approved proposal -> 409 value_shape_mismatch at apply.,intake.report_public projection exposes the coarse state only; proposal validation deferred to the apply bridge.,"Status projection adds outcome kind, approved public_response and the correction/release link; validate the proposal value shape against the target predicate at proposal time.",M,The correction loop cannot close with the reporter; reviewers approve work that cannot apply.,PKG-05
ED-29,"Jurisdiction buckets key on the bare code, so USPS state and ISO-3166 country codes collide (ID=Idaho+Indonesia, MN=Minnesota+Mongolia, DE=Delaware/Germany)",F-44; F-04; I1 NEW-1; C3 NEW-14; SIG-IDENT-006,"exports/src/exports/shaping.py:1041 (jurisdiction = str(jur_env.value)); spine_export._dossiers (slug); connectors dot_511.py:639 candidate={scheme,value}","Public web/dossiers.json: id.source_families=[camreg_achd_id, camreg_indonesia_id]; mn includes camreg_monmap_mn; de = camreg_mueller_de (Cologne). Code: shaping.py:1041, spine_export.py:1466 _slugify(group.jurisdiction).","The connector records the scheme with the value, but shaping keeps only the value; dossier slugs and labels are bare codes.","Canonical jurisdiction key = ISO 3166-2 (US-ID vs ID) derived from (scheme, value) at shaping; slugs us-id/id; human labels; re-export and republish; old slugs become redirects or tombstones (citations). Test: no bucket mixes schemes.",M,Public dossiers present foreign cameras as a US state's inventory (S1 data truth).,PKG-06
ED-30,"No coordinate-vs-declared-jurisdiction QA: axis swaps, wrong state labels, (0,0) and sign-flipped points are published",I1 NEW-2; C3 NEW-6,connectors camera_registry_targets.toml rows; connectors dot_511 geometry parse; export shaping,"C3 duckdb bbox check over */sites.parquet: CA 851/6,139 outside California (camreg_trafficops_ca D5 = central Florida), GB-ENG 562 swapped (Nottingham; mark43 561), TH 155 in Hong Kong, 15 points at (0,0), sign flips AZ 4/GA 4/OR 6; I1: GA/BD/NL rows located in Mongolia/Singapore/Belgium.",Registry target rows declare state/scheme by hand and carry no axis-order flag; the export trusts the declared jurisdiction and never checks it against the point.,"(1) Point-in-polygon QA at export (Census/Natural Earth boundaries) that quarantines mismatches into an explicit 'located outside declared jurisdiction' state instead of counting them; (2) axis-order and null-island detectors in the connector with a per-target axis_order field; (3) correct the 7 identified target rows (new claims, append-only); (4) a regression test over the public sites parquet.",L,Map and dossier counts include points in other countries; journalists cite wrong numbers.,PKG-06
ED-31,"5,290 sites published without geometry as 'conflicted' (IDOT 2,936 of 3,000; FL511 1,964)",I1 NEW-3; C3 NEW-5; C3 NEW-11,resolution/reconcile coordinate conflict policy; dot_511 IL/FL targets,"I1: dot511_ccbysa2/sites.csv point_status conflicted=2,936 of 3,000 (IL).",Unknown (needs investigation): a 98% conflict rate for one source suggests the connector asserts two coordinate claims per camera (e.g. two layers or rounding variants) rather than genuine disagreement (inference).,"Investigate IL/FL claim pairs; if same-source near-duplicates, dedupe at extraction (tolerance) or resolve same-source conflicts by latest capture; keep genuine cross-source conflicts visible (§31).",M,Most of Illinois' camera layer is invisible; coverage copy claims all latitudes resolved (C3 NEW-5).,PKG-06
ED-32,"Duplicate public rows: portal bulk files carry 4,369 sites twice (once per rights source); 23,566 entities repeat a same-source exact point",C3 NEW-17; C3 NEW-19,exports portal compartment builder; connectors ingestion identity,"C3: portal/sites.parquet 10,054 rows vs 5,685 distinct entity_id (dot_511_wa 1,830 …); duckdb dup-point scan 23,566 of 227,335 (3,161 with the same label).",Portal rows are emitted per rights_source_id; same-source exact-point pairs are either multi-view poles or double ingestion (unconfirmed).,Emit one row per entity with a rights list column; manifest row_count = rows and distinct_entities; investigate same-label exact-point pairs and dedupe by identity key if double-ingested.,M,Bulk-download users double count; the manifest count misleads.,PKG-06
ED-33,"Every camera-registry record is typed `traffic_camera` (incl. Flock ALPR layers, police CCTV, ~151,700 DeFlock ALPR sites); exports carry no technology field",I1 NEW-9,"connectors/src/connectors/dot_511.py:541 (label), :602-604 (record_kind, predicate); camera_registry_targets.toml; exports sites schema","API /v1/search?q=camreg_lpd_flock -> 'traffic_camera:camreg_lpd_flock:…'; code dot_511.py:541,602.","The camera-registry family reused the DOT 511 adapter, whose record kind is hard-coded; targets declare no technology.","Per-target `technology` (SKOS slug: alpr, cctv, traffic_camera, …) in camera_registry_targets.toml; the adapter emits it as a claim and entity subtype; export a technology column; backfill existing subjects with new technology claims from the target declaration (append-only, no rewrite); update dossier/map facets.",L,The public cannot distinguish ALPR from traffic cameras — the core question the product exists to answer.,PKG-07
ED-34,"rights_record rows are de-duplicated by SPDX only, so third-party data is attributed to 'DeFlock community map'",J1 NEW-2; J4 NEW-3,db/src/db/claim_sink.py:950-975 (_rights_id_for: SELECT … WHERE spdx_expression=%s ORDER BY rights_id LIMIT 1); ops/src/ops/seed.py:86,"J1: sig_graph/sites.sqlite rights_attribution='DeFlock community map' on 3,272 rows (dot_511_ia 1,708, camreg_washington_dc 940, camreg_goldcoast_au); API license.obligations for EFF Atlas says 'DeFlock community map'.",The sink caches and looks up rights by SPDX expression alone and reuses the first row's attribution_text/terms.,"Key rights resolution on (source_id, spdx, attribution, terms_url) from the registry; append new rights_record rows plus rights_decision rows re-pointing affected sources (ADR-095 pattern, no UPDATE); re-export. Test: every exported row's attribution equals its source's registry attribution.",M,CC-BY attribution conditions are breached in public downloads (possible S0 per J1).,PKG-08
ED-35,"61,603 public rows require attribution but carry none; map credits 'SIG contributors'; datapackage licence URLs 404",J1 NEW-3; E1 NEW-4; C3 NEW-9; J4 NEW-3; J4 NEW-2,exports compartment writers; web map attribution; datapackage.json,"J1: public_record 39,921/39,921 and operator_accepted 21,682/21,682 rows attribution_required=1 with empty attribution/terms; /map/ attribution '© OpenStreetMap contributors (ODbL) · Surveillance data © SIG contributors'; spdx.org URLs for LicenseRef-OperatorAccepted-DBRight and OGL-3.0 404.",Same family as ED-34 plus exporters not falling back to registry attribution; map attribution is a constant; SPDX id OGL-3.0 is wrong (OGL-UK-3.0).,Per-row attribution from the registry; map attribution built per visible compartment; correct SPDX ids and LicenseRef URLs; an export test that attribution_required rows are never empty.,M,Licence non-compliance on every public download and the map.,PKG-08
ED-36,Public API /v1/dossier/{scope} returns the same 25 unrelated subjects for any non-entity scope,C3 NEW-1 (S0); G2 NEW-6; J4 NEW-6,api/src/api/store_pg.py:927-956 (dossier),"C3: GET sig-api …/v1/dossier/{fl,tx,md,…} -> identical 25-subject list, 'Dossier for fl', sources bacy, decp_fr, deflock, …","When the scope does not resolve to an entity, the store falls back to the first 25 tier-0 subjects in the spine instead of 404 or the jurisdiction bucket.","Resolve jurisdiction scopes through the same (scheme, code) key as ED-29 or return 404 unknown_scope; never fall back to an arbitrary sample; test per scope. Shipping needs an API image roll: the live image is ba3dca61, 128 commits behind the chain (G2 NEW-6) - either the Round-10 API roll after hosted L44-52 + ADR-124 allows, or an operator-approved hotfix off the live image.",S,"An unauthenticated, OpenAPI-documented endpoint states false dossiers as fact (S0).",PKG-09
ED-37,Public API /v1/coverage/{scope} reports complete:true with zero evaluated,C3 NEW-10,api/src/api/store_pg.py:850-870,"C3: /v1/coverage/fl -> {""complete"":true,""evaluated"":0,""records"":[]}.",A non-entity scope yields [] and completeness is computed over the empty set.,complete=false/not_evaluable when evaluated=0; jurisdiction scope resolution as ED-36.,S,False completeness claims to API consumers.,PKG-09
ED-38,"Placeholder and dead identity domains: API IRIs under https://sig.example/id/, provenance IRIs and crawler contact URL under unregistered sig-project.org",F3 NEW-6; J1 NEW-8; E1 NEW-2; SIG-IDENT-031; SIG-INGEST-011,"api/src/api/dereference.py:23; exports spine_export.py:1936-1979 (provenance.ttl); connectors/net.py:61, transports/httpx_transport.py:66, tasks/maproulette.py:219, procurement_portal_tenants.toml:45","F3: curl -H 'Accept: text/turtle' …/id/organization/<uuid> -> <https://sig.example/id/…>; E1: nslookup sig-project.org -> NXDOMAIN; J1: provenance.ttl IRIs https://sig-project.org/prov/…, generatedAtTime = export time for all 178 captures.",Constants from the pre-domain era were never replaced after surveillancegraph.org went live; the web retired sig.example (BaseLayout.astro:48) but the API and exports did not.,"One identity-base setting (operator decides the IRI base, e.g. https://surveillancegraph.org/id/) used by API, exports and the crawler UA; publish /data-collection; provenance uses retrieval time, upstream URL and digest; test that no sig.example/sig-project.org literal remains in shipped code.",M,Linked data is not dereferenceable; every production fetch advertises a contact URL nobody can reach.,PKG-09
ED-39,/v1/evidence asserts bytes_available:true and a content digest for 0-byte synthetic captures; real captures are restricted-only,J1 NEW-4; J1 NEW-10,db/src/db/claim_sink.py:1181-1236 (synthetic capture); evidence/src/evidence/tiers.py:79; exports/published_record.py:233-240,"J1: GET /v1/evidence/<a>/<c> -> tier public, bytes_available true, source_uri sig:connector:…, byte_size null.",bytes_available is derived from tier alone; synthetic run-level captures are classed public; published records hard-code upstream_href=None.,bytes_available only when a byte-bearing capture exists and is public; expose capture_classification; carry upstream URLs for public-source captures into published records.,M,The API misstates what evidence exists — the defining standard (§3.1).,PKG-09
ED-40,"sig_read_public holds blanket SELECT on every public-schema table deployed before P24.1 (incl. evidence_access_log, review_decision)",J1 NEW-9,db/deploy/read_surface_grants.sql:28,"Code: GRANT SELECT ON ALL TABLES IN SCHEMA public TO sig_read_public, sig_export; no later REVOKE; RLS only on claim/evidence_*/human_eval_*.",P24.1 fixed a missing-grant outage with a schema-wide grant instead of the §37 read-surface list.,New sqitch change (append-only): REVOKE on the non-read-surface tables and column-scoped grants where needed; a DB test enumerating what sig_read_public can SELECT (allowlist).,S,Any future API route or SQL-injection path can read requester/purpose and reviewer rationale (latent: no route serves them today).,PKG-09
ED-41,'How we know this' shows the site-wide totals on every page (e.g. AL: 218 independent sources),F-05; C3 NEW-3; C3 NEW-13; SIG-UI-044,web/src/layouts/BaseLayout.astro:43 (provenance ?? getSiteProvenance()); exports/analytics.py:562-622,"C3/A2: identical block on /, /dossier/al/, /dossier/tx/ … while each dossier's Sources row lists 1-4 sources.",The export emits provenance surfaces only for site/corrections/research_queue; every other page falls back to the site block.,Emit per-dossier (and per-surface) provenance; pages without one render 'site-wide' explicitly; fix field labels.,M,Every dossier overstates its evidence base.,PKG-10 (co-own C6)
ED-42,"Coverage ratios read 'N of N' (e.g. 232,625 resolved latitudes while 5,290 are withheld)",C3 NEW-5; C3 NEW-12,inference/src/inference/materialize.py:273-328 (coverage numerator); spine_export.py:197-213 (tier denominators),C3: /coverage-metrics/ '232625 of 232625 subjects with a camera_latitude claim'; 113 of 124 ratios read exactly N of N; tier distribution sums 6 short of the headline.,"Numerator counts any resolution row with a winning claim (no tier-0/currency filter) then clamps with min(resolved, claimed).","Numerator = subjects with a resolved, publishable, non-conflicted value; drop the clamp; disclose excluded counts; test against the sites parquet.",M,Coverage metrics are uninformative and contradict other pages.,PKG-10 (co-own C6)
ED-43,Freshness shows 0 stale entities for all 178 sources though staleness was never evaluable; non-site sources have no freshness row,F-08; C3 NEW-8; C3 NEW-21; SIG-METRIC-006,exports/src/exports/shaping.py:1283-1345 (freshness); freshness.json,"GET /data-freshness/: 178 ok, stale 0, volatility unknown x178; evidence.json has 219 sources.","staleness_not_evaluable is computed but not emitted, so the page renders 0; freshness iterates site sources only.",Emit not_evaluable and render it; assign volatility classes (registry field) so staleness becomes evaluable; include non-site evidence sources.,M,A false freshness assurance while the site is frozen at the 09-27 release (F-08).,PKG-10 (co-own C6)
ED-44,Map table prints counts the figure suppresses for 601 low-coverage cells; per-cell sums disagree with dossiers,C3 NEW-16,web/src/pages/map.astro:216-257,"C3: 601 low cells print 40,913 records under a 'Devices' header; CA cell sum 662 vs dossier 6,139.",The accessible table reads unsuppressed values; header wording predates the observation-level framing.,Apply the same suppression in the table and SVG titles; rename the header; reconcile cell-to-jurisdiction assignment with ED-29.,S,The accessible alternative leaks the numbers the design deliberately withholds.,PKG-10 (co-own C6)
ED-45,"OSM connector writes mobility='mobile', which is not a Mobility enum value; no DB CHECK; the unit test asserts it",F2a NEW-4; SIG-GEO-005,connectors/src/connectors/data/osm_tag_vocab.toml:87-89; ontology/src/ontology/schema/common.yaml:381-389; tests/connectors/test_osm.py:175,"grep: osm_tag_vocab.toml '""mobile""=""mobile""', '""vehicle""=""mobile""', '""drone""=""mobile""'; Mobility = fixed|redeployable|vehicle_mounted|airborne|handheld|unknown; test_osm.py:175 assert map_mobility('drone') == 'mobile'.",The tag map predates the enum; nothing validates connector output against generated enums.,"Map vehicle->vehicle_mounted, drone->airborne, mobile->redeployable/unknown; correct the test; new claims for affected hosted rows (append-only); a connector-output conformance test against the generated Pydantic enums; a CHECK via a new sqitch change added NOT VALID if legacy rows exist.",M,Out-of-vocabulary values reach the spine and exports; SIG-GEO-005 stays PARTIAL.,PKG-11
ED-46,SKOS technology scheme asserts 'private-camera-integration' skos:broader itself; 29-40 of 104 slugs not family-prefixed,F2a NEW-5; SIG-ONTO-055,ontology/vocab/technology.yaml; ontology generation,"F2a: the slug is both a family and a technology, so the generated scheme contains <x> skos:broader <x>.",Family and technology share one slug namespace; the generator does not reject reflexive broader.,"Rename the family (or the leaf), regenerate (make gen), add a generator check rejecting reflexive/cyclic broader; decide the prefix rule with the spec amendment F2a proposes.",S,Invalid SKOS in published vocabularies.,PKG-11
ED-47,Lifecycle reconciliation has no production caller; the dossier timeline is always empty,F2a NEW-1; SIG-RECON-039; SIG-RECON-040; F2a group 5,reconcile/src/reconcile/lifecycle.py; exports spine_export governance segments,grep 'reconcile.lifecycle' outside tests -> only a comment at reconcile/src/reconcile/materialize.py:1054.,Module landed with tests only; the export pipeline never calls resolve_lifecycle.,"F2a group 5: event-log-decides-state, from_event_log from claims, resolve_lifecycle -> export/API timeline, missing detectors.",L,A required dossier section is structurally empty.,PKG-12
ED-48,Source disappearance is detected but never persisted to the spine,F2a NEW-6; SIG-INGEST-010; SIG-INGEST-035,connectors/src/connectors/flock_portal.py:457-490; evidence_artifact.disappeared_observed_at,F2a: the disappearance task dict is written only to the run-record JSON; no writer of disappeared_observed_at.,Run-row output was the Round-5 contract; the spine column was added without a writer.,Persist disappearance as an append-only event/claim (portal_exists=false + observed_at) and a research task row; surface in freshness.,M,Vanished portals are invisible to queries and the public.,PKG-12
ED-49,False-corroboration guard inert: derived_from_claim_ids is never set by connectors nor read by materialization,F2b NEW-2; SIG-EPIS-009,reconcile/src/reconcile/resolve.py:164-166; connectors; reconcile/materialize.py,F2b: grep derived_from connectors/src -> 0; materialize.py -> 0.,Plumbed column without producers; independence key falls back to claim_id.,"Connectors that ingest republications (ArcGIS mirrors of DeFlock/OSM, I1 NEW-5) set derived_from/independence_class; materialization groups by it; measure impact on support labels.",M,Mirrors of one origin count as independent corroboration.,PKG-12
ED-50,Claim identity excludes extractor/normalizer versions (ADR-121 binds versions on claim_evidence instead),F2a NEW-7; SIG-INGEST-004,connectors/src/connectors/stages.py:108 (content_digest); db/src/db/claim_sink.py:150,F2a: git grep extractor_version connectors/src -> 0 hits in digest inputs.,Design divergence recorded in ADR-121 without amending the spec id.,Spec amendment recording binding-level versioning (E2/T1) plus a test that a changed extractor version yields a new binding; alternative: add versions to the digest (breaking idempotency keys).,S,Verdict stays PARTIAL; replay semantics undocumented.,PKG-12
ED-51,Run telemetry incomplete and unpublished: FetchRecord urls/status codes/bytes never set; /v1/changes always [],J1 NEW-6; SIG-INGEST-010,"connectors/src/connectors/runner.py:628-630,1029-1060; api/src/api/store_pg.py:872-875",J1: 3 run rows read -> urls/status_codes/byte_counts all [] even with 652 captures.,The live FetchRecord path never populates the fields; the changes feed has no backing query.,Populate per-fetch fields from the transport; publish a sanitized run log (J-stream design); implement /v1/changes over ingest_run_completion + snapshot diffs.,M,Operators and the public cannot audit ingestion (J-stream transparency goal).,PKG-12 (co-own J3)
ED-52,npm/node toolchain unpinned: lockfile drift needed 5 repair episodes / 25 commits,H1 NEW-2; F-18; F-40,"web/package.json (engines node >=22.12.0 only; no packageManager); no .nvmrc; .github/workflows/ci.yml:111-113,177-179 (setup-node '22')",ls web/.nvmrc .nvmrc -> absent; H1: CI node 22.23.2/npm 10.9.8 vs license-checker-rseidelsohn@5.0.1 requiring node>=24/npm>=11 (EBADENGINE).,Local and CI npm versions resolve optional peers differently; nothing pins either.,Pin node (e.g. .nvmrc + setup-node node-version-file) and npm via packageManager/corepack; engines aligned with the pinned major; CI step fails if `npm ci` would rewrite the lockfile; lockfile repairs only as byte-identical cherry-picks (H1). Update ED-08's node-floor test to read engines.,S,The web/composed gates keep going red on lockfile drift unrelated to the change under test.,PKG-13
ED-53,check_spec_src.py and check_coverage_matrix.py run in no gate; the coverage checker validates structure only,F-32; F2b NEW-4; F-27; SIG-ENG-039,docs/build/tools/check_spec_src.py; docs/build/tools/check_coverage_matrix.py; Makefile docs-check; ci.yml,grep -rn 'check_spec_src|check_coverage_matrix' Makefile .github scripts tests -> 0 callers; `python3 docs/build/tools/check_coverage_matrix.py docs/build/COVERAGE_MATRIX.csv` -> '715 rows OK' while 17 MET rows cite OPEN deferrals.,Checkers were run by hand in tickets; never added to docs-check/CI.,Add both to `make docs-check` and CI; extend the coverage checker with truth rules (MET citing an OPEN D-id fails; MET-DIFFERENTLY needs an ADR; dead evidence paths fail) after S5 fixes the vocabulary (coordinate B4).,S,SIG-ENG-039 stays MET on an unrun checker; verdict drift continues.,PKG-13 (co-own B4)
ED-54,check_backlog reports every deferral homed even when the cited BL row is closed,F3 NEW-1,docs/build/tools/check_backlog.py:125-147,F3: D-SOURCES.2-2 (OPEN) cites BL-032 (closed); check_backlog -> 'deferral homes: 36/36'.,"deferral_homes matches any BL-nnn token on the row, never the BL status.",Require the cited home to be open/accepted and to be the row's designated home token; test with a closed-home fixture.,S,Owed obligations silently lose their backlog home.,PKG-13 (co-own B4)
ED-55,Scheduled 'observability' workflow reports success daily while measuring nothing,G1 NEW-3; J1 NEW-13,.github/workflows/observability.yml:70-105,"gh run view 36713858053 --log -> '""usage_gb"": null', 'staging endpoints unset — probe skipped (offline posture; nothing measured)'; 6/6 success.",Probes are gated on unset secrets (SIG_STAGING_API_URL) and a pending HG-07 usage API; a skipped probe exits 0.,"Either wire it to production read-only endpoints (the live site/API) or retire it; a skipped measurement must be a neutral/failed status with an explicit reason, never success (observability design with G1/J3).",S,A green badge implies monitoring that does not exist.,PKG-13 (co-own G1)
ED-56,Scheduled GitHub 'reingest' workflow fails on every run (6/6): --sink pg without --dsn; it is not the live scheduling path,F-41; A1 NEW-2; F-39,.github/workflows/reingest.yml:74-90,gh run list --workflow reingest.yml -> 6 schedule/failure 2026-09-25…09-30; log: 're-ingest aspi_mapping_chinas_tech_giants / --sink pg requires --dsn / exit 2'.,The P24.2 workflow predates the Cloud Scheduler + Cloud Run jobs path (79 schedulers live) and never received a DSN secret; OPERATIONAL_READINESS.md:90 still names it.,Retire the workflow (delete schedule; keep workflow_dispatch for a fixture-sink dry run) and update OPERATIONAL_READINESS; do not wire a production DSN into GitHub (secret surface).,S,Permanent red noise hides real failures; docs describe a scheduling path that does not run.,PKG-13 (co-own G1)
ED-57,main CI cancel-in-progress leaves intermediate merged states unverified (28 of 30 push runs cancelled),H1 NEW-4,.github/workflows/ci.yml:16-18,gh run list --branch main: 2026-09-29T03:25-03:28Z 19 cancelled + 1 success; 2026-09-30T02:44-02:46Z 9 cancelled + 1 success.,concurrency group ci-${{ github.ref }} with cancel-in-progress: true applies to pushes on main.,cancel-in-progress only for pull_request refs (`${{ github.event_name == 'pull_request' }}`); main pushes queue.,S,Bisect must skip unverified merges; transient reds are invisible.,PKG-13
ED-58,"Cron day-of-month + day-of-week OR-semantics defects in ops/cadence.toml (openstates, congress_gov, eyes_on_flock) with no lint",G1 NEW-9; F-12,ops/cadence.toml; tests/ops,"G1: tomllib parse -> DOM+DOW both restricted on openstates '0 5 2 * 2', congress_gov '0 5 3 * 2' (labelled monthly); live sam_gov '0 5 1 * 1'.",Vixie-cron ORs restricted DOM and DOW; entries were written as if ANDed.,A unit test rejecting schedules with both DOM and DOW restricted (unless allow-listed); fix the rows; the live scheduler re-sync is G1's ops action.,S,Keyed-API quota burn and mislabelled cadences.,PKG-13 (co-own G1)
