idea_id,title,persona,problem,value,effort,data_dependency,js_dependency,risks,related_asks
I-01,"Entity pages for agencies, organizations/vendors, products, sources and sites",advocate;journalist;organizer,"Network nodes, task subjects and map points are UUIDs; no page describes an agency or vendor or lists what SIG knows about it (K12b NEW-1, NEW-16)",H,M,"have: labels and per-predicate envelopes (support, currency, rationale) served by API /v1/entity; route: jurisdiction on agency entities (location null today); release export needs an entity table",none (static pages),"Part VIII: institutions only, never persons; officer-naming gate; handle-like source keys must never become titles (C2 NEW-2); HISTORICAL facts must show currency",U-003.2;U-003.5;U-003.10;U-003.11;U-003.G
I-02,"Explain-this-number: numerator, denominator, rule, sources and rows behind every figure",journalist;advocate,Home and dossier figures end at themselves; 124 tiles have no path (K12b NEW-14; C2 NEW-7),H,S,"have: coverage.json metrics, number_trace (C3), per-row source ids in exports",none (details/summary or a per-figure page),Misleading impression if the census caveat is dropped; must show is_population_total=false,U-003.5;U-003.9;U-003.G
I-03,"'Find my place' resolver: city, county or address to dossier, map view and typed gaps",advocate;organizer;resident,"Place names return 0 in search ('Texas', 'Houston', 'Canberra'); no city or county entry point (K12b NEW-10; C2 NEW-10)",H,M,"have: jurisdictions, camera_county (25,802 subjects), site labels; needs a self-hosted gazetteer (static index)",island,User privacy: an address or location must never be sent to a third-party geocoder (P16-like); must say when a place has no dossier and why,U-003.1;U-003.3;U-003.4
I-04,"'Who can access what': agency to configured partners and networks, partner degree, restrictions, dated; reverse view 'who can search agency X's data'",journalist;advocate,"The only sharing view is an undated UUID star; 185 partner-degree claims are hidden (K12b NEW-2, NEW-4)",H,L,"have: 632 sharing rows (release); route: 474,184 Flock share-list edges in the ingested mirror need resolution (I3); jurisdiction on entities",none (lists) + island (graph),"Historical sharing read as current; 'configured access' must never imply use; any ICE or federal link must be evidenced, never inferred; Flock portal rights (I3)",U-003.2;U-003.G
I-05,"Date, source and currency on every relationship and figure",journalist;attorney,130 edges from 2020 records show no date or currency (K12b NEW-2),H,S,"have: observed_at, source_id and currency in the envelope",none,Low; must also show when a value is undated ('not recorded'),U-003.2;U-003.G
I-06,"One-page council brief: place name, known/unknown (typed), next decision date, 5 documents to bring, permalink and QR",advocate,Print dossier is 5 pages of 'unknown' with no names (C2 NEW-6); no ranked documents,H,M,route: thin today (dossiers carry 1 count + source keys); improves as I-01/I-10 land,none (print CSS),A thin brief can read as 'nothing here'; neutral register (no advocacy); as-of + licence on every page,U-003.6;U-003.G
I-07,"Decision calendar and subscriptions (iCal/RSS, email later) keyed on the decision date",advocate;organizer,Watch empty; feeds 404; forward-dated fields never routed (K12b NEW-15),H,L,"route + acquire: response_deadline 987, renewal_options 195, sunset_date 5, bills 300, agenda tenants (I1); relevance unverified",none (static feeds); email needs a service,Holding subscriber emails needs an operator decision and privacy posture; a missed date could cost a campaign — must say 'not tracked' loudly,U-003.7
I-08,"What changed: per-release, per-source and per-place diff with RSS",journalist;organizer,"No changelog, release list or diff; API /v1/changes returns nothing (K12b NEW-19)",H,M,route: assertion timestamps in the spine; immutable releases (G3); /v1/changes to be fixed or explained,none,Diff noise from connector re-runs read as real-world change; must separate 'SIG learned' from 'world changed' (bitemporal),U-003.G;U-003.5;U-003.9;U-003.10
I-09,"Source pages for every live source (about 218), including the about 40 non-registry sources",journalist;organizer;developer,Sources table lists 178 camera registries only; eff_data_driven and procurement/agenda sources untraceable (K12b NEW-12),H,M,"have: source registry, per-row rights_terms_url, freshness, evidence artifacts; route: per-run metrics (J3)",none,Licence: downloads only where rights permit (J4); robots/opt-out status; mirrors labelled as mirrors (P15),U-003.9;U-003.10
I-10,"Dossier 'who contributed what, when' ledger (source x predicate x first/last seen)",advocate;journalist,Dossier shows 3-4 source keys only; non-registry claims never reach the page (K12b NEW-3; C2 NEW-15),H,S,have for site sources; route for non-registry claims (I1 NEW-4),none,Counting contributions can read as weight of evidence; show directness and support alongside,U-003.5
I-11,"Contradiction browser: both sides, sources and dates, per place and entity",journalist;organizer;attorney,"'Contradictions kept visible' but shown nowhere; 5,290 conflicted subjects are dead links (K12b NEW-7, NEW-17)",M,S,"have: 2 recorded contradictions (API) + 5,290 conflicted subjects (release)",none,Must not pick a winner; neutral wording; hostile-reader review (SIG-UI-042),U-003.G;U-003.1;new N-2
I-12,"'What we don't know' gap view per place: typed absence per predicate and technology class, linked to tasks",organizer;advocate,Absence is one line per dossier; absence kinds can be wrong (K12b NEW-3),H,S,"have: gaps, coverage metrics, I1 class coverage table",none,"Must compute absence against all claims about entities in the place, or it misreports (NEW-3)",U-003.11;U-003.G
I-13,Research tasks as human questions plus records-request templates,organizer;contributor,Queue cards are UUIDs; the first 130 are really 'is agency X still sharing with Vigilant LEARN?' (K12b NEW-16),H,M,"have: task rows, entity labels, last-evidence dates; templates (SIG-TASK-015/016)",none,No legal advice; no public write path until the ADR-068 posture changes; never claim a task was filed on a GET (C2 NEW-22),U-003.11
I-14,Guided 'start here' journeys per persona on the home page,first-time visitor,Home is 124 tautological tiles; no route to the three co-primary tasks (C2 NEW-17),M,S,n/a,none,Journeys that dead-end on thin data erode trust; each must end on an honest state,U-003.G
I-15,Cross-jurisdiction comparison (2-5 places) with CSV,organizer;researcher,"Comparing TX, CA and NY means opening three identical templates (K12b section 3.3)",M,M,"have: jurisdictions.csv, coverage, dossiers.json",island or pre-built static pairs,Coverage differences read as density differences (SIG-UI-018); ID/CA/CO code collisions must be fixed first,U-003.4;U-003.6
I-16,Map feature pages and cite-a-point,resident;advocate;journalist,Popups are dead ends; 'Cite this view' cites the national map (K12b NEW-6),H,M,"have: sites exports (label, source, precision, upstream URL)",island (popup) + none (page),Tier/precision rules (SIG-PUB-004): no page may publish a point above its tier; mobile assets never at current position,U-003.1
I-17,"Map filters, legend and real layer toggles (technology, source, operator, licence, date), clustering",resident;advocate,Only zoom and attribution controls; 'Layers' are labels (C2 NEW-23; K12b NEW-9),H,M,"partial: technology fields sparse (camera_type 550, asset_type 651); source and compartment complete",island,Filtering by operator needs resolved operators; must keep the coverage underlay bound (SIG-UI-017),U-003.1
I-18,"Typed graph atlases: procurement (buyer to seller), funding (funder to recipient), sharing",journalist;researcher,The only graph is one 130-spoke star (K12b NEW-5),M,L,"route: buyer 6,796, seller 2,788, funder 1,279, recipient 2,158 need entity resolution",island,Unresolved names produce false merges; ER quality disclosure on every statistic (SIG-UI-023),U-003.2
I-19,"Keyboard-first graph navigation with a list/table twin (arrow-key neighbours, type-ahead, breadcrumbs)",keyboard and screen-reader users,"160 Tab stops to cross /network/; map features not operable (K12b NEW-5, NEW-9)",M,M,n/a,island,Must stay equivalent to the no-JS lists (SIG-UI-050),U-003.2;U-003.1
I-20,"Embeddable static figure cards for journalists (SVG/HTML, no iframe JS) with as-of, source, caveat and permalink",journalist,No share or embed path; C2 NEW-27 (no social metadata),M,S,have,none,Figures lifted out of context; caveat and licence must travel in the card; egress cost of hotlinking (SIG-EXPORT-008),U-003.G
I-21,"Citation tools: formats (APA, Chicago, legal), per-figure anchors, release-pinned URLs",journalist;attorney,Permalinks do not pin (C2 NEW-4); citations name only the page,M,S,depends on C2 NEW-4 fix and release identity (G3),none (copyable text),A citation that does not pin is worse than none,U-003.G
I-22,"Data-quality badges on figures, sources and edges (support, currency, directness, coverage, human-reviewed)",all,Support glyph alone; currency and review state hidden (K12b NEW-2),M,S,have,none,Badges can be read as endorsement; must be neutral and explained,U-003.9;U-003.G
I-23,"Download this view: CSV/JSON of exactly the rows shown, with licence header",journalist;organizer;researcher,No page offers a download (C2 NEW-8),M,S,have,none (static files per view),"Share-alike and operator-accepted compartments cannot be merged (J4, SIG-EXPORT-005); egress",U-003.9;U-003.G
I-24,"Peer link-outs with agreement markers (Atlas, DeFlock/OSM, Eyes on Flock, MuckRock) per place and agency",journalist;advocate,No outbound links anywhere (K12b NEW-21),M,M,have: these sources are ingested,none,Mirrors counted as independent (P15 lineage); crowdsourced maps under Part VIII review,U-003.G;U-003.X
I-25,"Typed knowledge-graph search: names, places, aliases, exact tokens, facets",all,Substring search over 733 items; false hits on 'ICE'; names SIG holds return 0 (K12b NEW-10),H,M,have: API /v1/search already returns typed named entities; release FTS5 index (P32.14) at chain tip,island (or server search),Zero-result copy must stay 'not evidence of absence'; sensitive queries need exact matching,U-003.3
I-26,"Evidence locker: all captured artifacts with type, source, capture date, hash, supported claims, original URL",attorney;journalist;skeptic,Evidence page empty though 255 artifacts exist (K12b NEW-13),M,S,have: evidence.json (255); route: human titles for artifacts,none,Redistribution rights of captures (J4); sealed captures metadata-only (SIG-UI-030),U-003.8
I-27,"'Ask this graph' canonical-question pages per place (who supplies, who can search, what was approved, when it renews)",advocate;journalist,Open-ended questions have partial answers in the data but no page (K12b section 4),M,M,"route: depends on I-01, I-04, I-07",none,Implies completeness; each answer must carry typed unknowns and coverage,U-003.G
I-28,"Entity and place timelines (contracts, bills, portal updates, lifecycle transitions)",journalist;advocate,Dossier 'Timeline' section is an empty heading (C2 NEW-5),M,M,"route: award_date 1,051, bill_status_date 300, portal_last_updated_declared 1,528, lifecycle_transition 6,661",none,World time and belief time must not be conflated,U-003.5;U-003.6
I-29,"Flock transparency-portal policy view per agency (stated retention, prohibited uses, aggregate search and hotlist counts, dated)",journalist;advocate,"1,528 portals' stated policies are invisible (K12b NEW-14)",M,M,"have (via community mirror); rights of the mirror unresolved (I1, I3)",none,"Part VIII: aggregates only — never per-search rows, officer names or search reasons; mirror rights",U-003.2;U-003.G
I-30,"Coverage-honesty place card: sources and technology classes SIG has looked at, and which are missing",advocate;researcher,A dossier's thinness is unexplained,M,S,have: I1 per-state class coverage,none,Must not read as a completeness score,U-003.4;U-003.G
I-31,Funding trail: grants to agency to technology,journalist,USAspending/FEMA grant claims never reach a page,M,L,"route: funder 1,279, recipient 2,158, federal_award_id 1,958 need entity resolution",none,Grant purpose may not be surveillance-specific; show matched keywords and directness,U-003.2
I-32,'Near me' local list without the 3.4 MB map page (static shards; optional browser geolocation that never leaves the device),resident;mobile,Mobile map fails; list requires the heavy page (C2 NEW-32),M,M,have: sites + H3 bins,island,User location must stay client-side; precision tiers respected,U-003.1
