ticket_id,title,scope,size,depends_on,data_prereqs,js_budget_type,acceptance_journeys,wave
UXW0-1,"Honest home, dossier and coverage copy","Home: key figures first; the 126 tiles move to /coverage-metrics/ with one label per quantity and a 'what this counts' line (C6 QW-9; K12b NEW-14); capability promises the release does not show render 'being built' (K14 NEW-11); dossier 'How we know this' labelled 'Site-wide' with corrected labels (QW-6); incompleteness banner counts every unknown and empty sections say 'No record in SIG' without asserting an absence kind (QW-7); 'contradictions kept visible' links the 2 recorded contradictions or is withdrawn (K12b NEW-17); contribution-back link, CC0 and corrections-log start date (QW-14). Every public sentence operator-confirmed verbatim.",M,G2 ACT-05; G2 ACT-06 (rides republish #1),none (release sig-2026-09-27 unchanged),T1,A2;J1,W0
UXW0-2,Watch and evidence empty-state truth + interim artifact list,"Merges K7 WX-07 and K8 EV-01: cause-class empty states on /watch/ and /evidence/ in K14's five-part pattern (no 'research gap', no research-queue CTA); static check failing any surface that reads a raw key with no EXPORT_QUERIES producer; /evidence/ lists the 255 published artifacts by source, synthetic captures labelled 'run record - SIG did not store this document'; exporter adds capture_classification and source_name to evidence.json; {PUB_ARTIFACT_GATE} on evidence_artifacts (K8 NEW-9); fixture capture diff removed from export builds with the SIG-EVUI-D05 build check.",M,G2 ACT-05; G2 ACT-07 (exporter half rides republish #2),none,T1,O2;J1;J3,W0
UXW0-3,Research-queue truth fixes,= K11 RQ-00: unique ids and no dead anchors; reachable dispositions from the catalog vocabulary instead of []; 'not yet classified' instead of contributor/unknown placeholders; /task/new/ fixture pages and 'has been generated' copy retired (C6 QW-10; F-113; F-274); page-specific provenance labels (C3 NEW-13).,S,G2 ACT-05; G2 ACT-06,none,T1,O4,W0
UXW0-4,"Chrome, format and accessibility quick fixes","C6 QW-11 (branded 404/403/410, favicon, canonical-only sitemap, unique titles and meta descriptions, /terms to the API terms), QW-13 (label-in-name, unique landmark names, wrapped ids, print main); K14 NEW-7 (words joined at inline-element boundaries) and NEW-8 (digit grouping); K12b NEW-11 (remove the no-op 'stale' and 'volatility' sort routes until UX9-2 makes them real).",M,G2 ACT-05; G2 ACT-06,none,T1,A1;A3,W0
UXW0-5,Jurisdiction display names (interim),"C6 QW-8: lookup table from today's bare codes to names on titles, H1s, the dossier index and the search index, codes secondary; the ID and MN mixed buckets state 'combines Idaho (US) and Indonesia' / 'Minnesota and Mongolia' until JUR-05's split pages.",S,G2 ACT-06,none,T1,A1;O1,W0
UXW0-6,"Map, network and search island honesty","C6 QW-12 (map table says 'records', data-less legend entries dropped, no suppressed counts printed); K1 NEW-20 (map intro copy); the 5,290 dead gap links replaced by per-jurisdiction contested counts linking the dossier (K12b NEW-7); /network/ 'deterministic identity resolution ... exact' copy and the centrality statistic withdrawn (K2 NEW-6; D-K2-2); every island shows a visible notice when it parses a facet it does not apply and dossier links stop passing facets the target ignores (K6 NEW-1; interim for UXR-10). No budget increase.",S,G2 ACT-06,none,T2 (existing islands at current ceilings),A1;J2,W0
UXK0-1,"Page-type registry, route discovery, script-policy and no-JS parity specs","K0 4.2 and 4.12.1-3: web/src/lib/page-types.ts mapping every route pattern to page type, owner ticket, data-contract id and no-JS equivalent (UXR-02); astro:build:done hook fails any unclassified route; script-policy.spec.ts replaces islands.spec.ts; nojs-parity.spec.ts; every e2e/axe sweep iterates discovered routes (K0 NEW-4); AGENTS.md gotcha 6 and web/AGENTS.md gotcha 1 rewritten (the code half of K0 UXK0-7).",M,"T1 ADR (K0 page types, D-K0-1)",none,CI,-,W1
UXK0-2,"Page budgets, generated LHCI, real-sized synthetic national fixture","sig.page-budgets/1 per page type including the activated dossier map box and standalone figure files; generated lighthouserc.json with a sync test; generalised budget.spec.ts (gzip and brotli, before and after one scripted interaction); deterministic synthetic fixture with >=232k sites, >=5k agencies, >=400k sharing edges and invented names only (K0 R-11).",M,UXK0-1,none,CI,-,W1
UXK0-3,"CSP, HSTS, Permissions-Policy and figure-SVG response policy","Astro security.csp hashes; nginx header templates; inline style attributes moved to classes; CSP-violation e2e; Permissions-Policy geolocation=(self) on /map/ only; standalone figure SVGs served with a dedicated policy (default-src 'none'; style-src 'unsafe-inline'; img-src data:; sandbox) plus nosniff, resolving K6 NEW-4; CI grep bans innerHTML, setHTML and dangerouslySetInnerHTML.",M,UXK0-1; G3 REL-03b (nginx templates),none,all types,-,W1
UXK0-4,Enhancement kit behaviour,"Framework-free custom elements that upgrade server-rendered markup: <sig-table> (sort, text filter, multi-facet chips, column chooser, 'download this view' CSV with per-compartment licence lines), <sig-typeahead> shell (APG combobox over SRCH-05 shards), <sig-cite> (plain, APA, Chicago, legal), <sig-activate> (loads T2 code only after a click, desktop media query); [data-enhancement] hidden in print; reduced-motion hooks. Markup unchanged if a module fails.",M,UXK0-1; UXK14-1,none,T1 (<=20 KiB initial; <=40 KiB after action),O3;J4,W1
UXK0-5,"sig.workspace-state/2, cite-this-view and facet conformance harness","The K13 parameter registry (UXR-09) as a schema with round-trip tests (every v=1 link keeps working); bbox and frame canonicalised to at=; legacy jurisdiction codes normalised with a visible note; 'Cite this view' to /s/<pub>/<surface>/?v=2&... (J3 8.1 interim text until TX-13b); noindex,follow and canonical on parameterised T2 URLs; sitemap generated from the registry (T0/T1 canonical routes only); surface x facet conformance harness (UXR-10) that each T2 ticket must pass. Absorbs K0 UXK0-5.",M,UXK0-1; TX-13a,none,T2 shared library,J4;O1,W1
UXK14-1,Design tokens v2,"= K14 UXK14-1: tokens.css (8-step type scale, light and dark colour tokens including the reserved raspberry/amber/blue roles, spacing, radius, motion), epistemic.css migration, slate support ramp, dedicated disagreement token, neutral incompleteness banner (K14 NEW-2/3/4/5), stylelint allow-list, design-tokens.test.ts (contrast, monotone lightness, reserved-hue usage), self-hosted Public Sans.",M,D-K14-3; D-K14-5,none,T1,-,W1
UXK14-4,Lexicon and copy system,"One machine-readable lexicon (web/src/lib/lexicon.json, read by epistemic.ts, Astro, the Python figure kit and the map style) holding the K13 legend decisions C-01..C-04 and L3's 'copy' and 'possible duplicate' states; /glossary/ from spec Appendix E + lexicon + site terms; <Term> with native popover; 'In brief' boxes; 'Spec references' disclosures; compact cite/HWKT/dispute strip (SIG-UI-044 amendment, D-K14-6); chrome copy rewrite. Absorbs K6 VIZ-00's lexicon half and K14 UXK14-8's line and legend conventions.",M,UXK14-1; D-K14-5; D-K14-6; D-K14-8,none,T1,A2;J3,W1
UXK14-2,Layout and chrome,"= K14 UXK14-2 with the K13 IA: header with six sections plus search (aria-current; mobile <details> menu; a section renders only when its target route exists in the release, UXR-01), footer strip, page-header band, breadcrumbs (country > state > county > place), release-stamp render (data from G3 REL-02), grid and containers, 320 px reflow, H1 <=120 px from the top on mobile (K14 NEW-9).",M,UXK14-1; UXK14-4; G3 REL-02,none,T1,A1,W1
UXK14-3a,Component kit A (visual layer),"= K14 UXK14-3a: Figure visual over J3's <Figure> contract (TX-09), stat row, cards (place, organization, source, task, persona, example), table visual for <sig-table>, support chip, the four independent field chips, status chips, directness/access-kind/licence/mirror badges.",M,UXK14-1; UXK14-4; UXK0-4; TX-09,none,T1,J1;J3,W1
UXK14-3b,Component kit B (visual layer),"= K14 UXK14-3b: contested marker, contradiction range, absence chip (four kinds plus 'Help find it'), <ProvenancePanel> shell over TX-08a's data contract, callouts, neutral incompleteness banner, EmptySurface with K14's typed kinds, branded 404/410/500.",M,UXK14-3a; TX-08a,none,T1,J3;O4,W1
UXK14-5,Copy lints in CI,"= K14 UXK14-5 extended with the K13 vocabulary rules: ids/snake_case/UUIDs in prose (DR-C6-28), repeated sentences, visible chrome <=40 words, joined words, digit grouping, bare 'unknown', 'records' vs 'camera sites' (UXR-13), 'Candidate' vs 'Provisional' (UXR-12); report mode until each surface's ticket flips its routes to enforce.",S,UXK0-1,none,CI,-,W1
FIG-01a,Static figure kit - geography,"One Python package for every build-time map figure (resolves K6 NEW-3): projection and fit, simplification, the static binning rule static-12px@1 (D-K6-4, K1 band table tuned to it), H3 areas vs tier-0 points, tier guards, outlines and child links, locator and index-sprite data, 'not drawn' counts, byte-deterministic output, CSP-safe SVG serializer (no script, no on* attributes, no external references; classes from lexicon.json), standalone-download renderer. Absorbs K1 MAP-05's renderer core, K6 VIZ-00's contract half and K14 UXK14-8's map helpers.",M,JUR-01 (boundary pack); UXK14-4; UXK0-3,none,exporter (feeds T0/T1),A3;O1,W1
FIG-01b,"Static figure kit - graphs, charts and legends","Deterministic two-column bipartite (dossier) and radial ego (entity) layouts; a BSD-licensed overview-layout wrapper (not the GPL igraph wheel); bar, strip, stacked-bar and timeline charts; legends generated from lexicon.json listing only the symbols present; table twins; wide and narrow variants; print rules (no split figures, greyscale-safe). Absorbs K14 UXK14-8 and the 'K6 chart component' K5 assumed.",M,FIG-01a; UXK14-4,none,exporter,J1;J2,W1
GX-01,"Shared labels, slugs and hashes","= K2 GX-01, widened to the one identifier module (UXR-17): policy/src/policy/labels.py plus slug and hash primitives (K2 3.3 and K11 3; Crockford base32 of sha256(UUID)); sig.entity-label/1 per compartment; label basis; deterministic disambiguation; Part VIII person-name screen including literal parties; 'Unnamed deployment' retired; API label from the module; the same outputs feed K3 shards, K1 tiles and K7/K8/K11 titles.",M,JUR-01 (interim 'place not recorded'),F5 PKG-11 entity typing (kind parsed from the key meanwhile); D-K2-1 + G2 ACT-10 for organisation labels (typed 'pending publication review' until then),exporter,J2;A1,W1
GX-03,Entity URL keys and slug history,"= K2 GX-03: /entity/<type>/<name-slug>--<hash7>/ (hash authoritative and frozen); sig.slug-history/1; 301 rename or merge, 300 split, 410 withdrawal, /id/<type>/<uuid> to the current URL; history rows feed the single redirect generator owned by JUR-05.",S,GX-01,none,exporter,J4,W1
GX-04,Procurement relevance rule,= K2 GX-04: relevance from matched_keyword and products/CPV/NAICS; unclassified notices appear only as buyer-page rows 'not classified as surveillance-related' (K2 H-13).,S,D-K2-5,L2 NEW-11 (0 of 9 sampled contracts concern surveillance); I8 classification of new sources,exporter,J2,W1
GX-02,"/network/ labels, dates and evidence (export side)","= K2 GX-02 minus the backend edge fixes now owned by L3 CONF-06: node labels from GX-01; edges carry predicate, observed date and date kind (a 1970 placeholder renders 'undated'), source, currency and claim ids (SIG-EXPORT-D21); degree as a node attribute; historical marking; rides the next republish into today's island with no new JS.",M,GX-01; UXW0-6,"L3 CONF-06 (1970 dates, supersession, one classifier); D-K2-1 + G2 ACT-10 for the hub label",T2-graph (existing island at current ceiling),J2,W1
JUR-01,"Jurisdiction registry, boundary pack and lookup@1",= K4 JUR-01 (= F5 PKG-06a part 1).,M,D-K4-1 (HG-03); D-K4-2; D-K4-4; G3 REL-01,none,exporter (hosted capture after HG-03: op go),A1;O1,W1
JUR-02a,Keep the declared jurisdiction scheme,= K4 JUR-02a (= F5 PKG-06a part 2).,S,JUR-01; F5 PKG-01,none,exporter,A1,W1
JUR-02b,Placement engine placement@1,"= K4 JUR-02b: rules R1-R8, per-record placement columns, quality reasons, fixtures (Nottingham swap, CA to FL, ID/Indonesia, MN/Mongolia, sign flips, null island, MO/KS border).",M,JUR-01; JUR-02a,F5 PKG-06b detectors (L3 CP-5); L2 NEW-12/NEW-13,exporter,A1;O1,W1
MAP-01a,Tile retention and verifier,"= K1 MAP-01a: per-feature zoom ranges, -r1, cells layer, tier property fix, pure-Python parity, tiles/index.json, sig-exports tiles verify, CI tippecanoe build, 50k fixture. Fixes the missing dots in today's island at the next republish (K1 NEW-1).",M,F5 PKG-03a; UXK0-2,none,exporter,A1;O1,W1
MAP-02,Basemap pipeline and host,"= K1 MAP-02: basemap.lock.json, sig-ops basemap refresh, light and dark styles built from tokens and lexicon, self-hosted glyphs, context.pmtiles from JUR-01's pack, CORS/Range/cache headers, budget alert and kill switch, CSP connect-src.",M,"D-K1-1; D-K1-2; D-K1-3; JUR-01 (context, optional); TX-11 if R2; G2 ACT-03; UXK0-3",Q-31 DNS zone move to Cloudflare (operator action) if R2,infra (bucket or DNS change: op go),A1,W1
TX-01,"Transparency scrub, publish secret gate, capture-tier derivation",= J3 TX-01.,M,F5 PKG-09a,none,exporter,-,W1
TX-02,Registry lanes and source metadata export,= J3 TX-02 as amended by K9 C-1 (the nested funnel becomes UX9-1's lifecycle partition).,M,TX-01; G2 ACT-06; G2 ACT-07; D-J3-1; D-J3-5,none,exporter,J1,W1
TX-04,"ingest_run_report table, writer and backfill",= J3 TX-04 as amended by K10 C-14 (rows for unmatched executions and repo records with link_basis and clock_basis; shape from UX10-2).,M,F5 PKG-01,none,exporter (hosted DB write: op go),-,W1
TX-03,"Run, capture and issue export",= J3 TX-03 as amended by K9 C-4..C-7 and K10 C-13 (the freshness function is UX9-2's).,M,TX-01; TX-04,none,exporter,J1,W1
TX-08a,"Statements files, upstream_href and the provenance panel","= J3 TX-08a: per-compartment statements (sig.statement/1); upstream_href through S-6; per-claim panel with the four binding states (legacy_synthetic text today); claim anchors; the single <ProvenancePanel> data contract used by record pages, entity relationship rows, graph edge panels, the map selection panel and the claim viewer (UXR-33).",M,TX-01,G2 steps 1-2 for actual captures (panel is honest before them); L3 CP-8,T0,J1;J3,W1
TX-09,Figure to evidence pointers,"= J3 TX-09: <Figure> contract (data-artifact, data-pointer, definition, href), pointer build check, link targets per figure class, the 126 coverage tiles rendered as Figures (K12b NEW-14), evaluation metrics as release artifacts; one figures[] registry per page (UXR-34).",M,TX-08a; F5 PKG-10,none,T1,J1,W1
TX-11,Zero-egress distribution host,"= J3 TX-11, shared with the basemap and overlay-tile origin (D-K0-4, D-K1-2).",M,D-J3-4; G2 ACT-03; F5 PKG-04,Q-31 DNS zone move (operator action),infra (op go),O3,W1
TX-13a,Citation block and release id on every page,"= J3 TX-13a: cite block with the release id on every page, honest interim wording until /s/<pub>/ exists; all new internal links built with withBase() (UXR-25).",S,G3 REL-02,none,T1,J4,W1
UX9-1,"Source universe, lifecycle partition and counts",= K9 UX9-1.,M,TX-01; TX-02; G2 ACT-06,none,exporter,J1,W1
UX9-2,Freshness semantics v2,"= K9 UX9-2 (verdict function shared with ACT-02, volatility now, staleness counts, one_time_load, upstream-declared last-modified, records digest, SIG-change slice hash).",M,TX-03; TX-04; F5 PKG-10; F5 PKG-12,L2 NEW-10 (upstream change is not SIG insert time); L2 NEW-17 (inserted > considered); L3 CONF-06 (upstream change-date capture),exporter (connector roll: op go),J1;J5,W1
UX10-1,Registry publish matrix and metadata fields,= K10 UX10-1.,S,D-J3-12; G2 ACT-06,none,exporter,J1,W1
UX10-2,Execution-keyed ingestion history,= K10 UX10-2.,M,TX-03; TX-04; F5 PKG-12,none,exporter (hosted backfill: op go),J1,W1
DSRC-01,Dossier contribution export,= K5 DSRC-01 (absorbs PKG-10's per-dossier 'How we know this'; figures[] including K6's fig-* ids; source-side contributions[] from the same rows).,M,JUR-02b; TX-01; TX-03; TX-04; TX-08a,K10 NEW-8 point placement (via JUR-02b),exporter,J1;A2,W1
WX-01,Watch producer v1,= K7 WX-01.,M,JUR-02b; TX-01; G2 ACT-07,agenda-tenant registry fixes F-328/F-342/F-343/F-345 (I-stream),exporter,O2,W1
RQ-01,Task export v2,"= K11 RQ-01 (handles and titles from GX-01's primitives, catalog metadata, jurisdiction, handles_history, lane and place shards).",M,GX-01; JUR-02b; TX-01,none,exporter,O4,W1
SRCH-01,Search index v2 builder,= K3 SRCH-01.,M,G3 REL-01; GX-01 (interim rule allowed); JUR-01 (Natural Earth interim allowed),none,exporter,A1;J2,W1
SRCH-02,Query engine v2 and benchmark harness,= K3 SRCH-02.,M,SRCH-01; D-K3-7 (held-out set),none,exporter,A1;J2,W1
JUR-03,Dossiers at every level and the unplaced report,"= K4 JUR-03 (country, admin-1, county and place dossiers; per-dossier JSON; /dossier/unplaced/; release-tree jurisdiction lists by key before G2 ACT-24; the US-located DBRight list for E4).",M,JUR-02b; DSRC-01,none,T1,A1;O1,W2
JUR-04,"Grouped dossier index, directories and navigation","= K4 JUR-04 with the K13 place-search rule (C-24): the index place form targets /search/?type=place, with an nginx first-letter fallback to /dossier/a-z/<letter>/ while the API is not reachable; locator sprite from FIG-01a.",M,JUR-03; UXK14-2; FIG-01a; SRCH-04 (soft),none,T1,A1;O1,W2
JUR-05,Migration and the single redirect generator,"= K4 JUR-05, plus ownership of the one redirects.conf generator for every URL history (dossier slugs, GX-03 entity keys, RQ/WX/EV handles, /data-freshness/**, /network/, /task/<uuid>/, /evidence/<id>/) with static stubs as fallback; split and correction pages; corrections entries (D-K4-8).",S,JUR-04; G3 REL-03b; G3 REL-09,none,T0/T1,J4,W2
MAP-05,No-JS map baseline and site lists,"= K1 MAP-05 minus the renderer core (now FIG-01a): new /map/ document <=100 KiB, national overview SVG, places table, stateful-URL notice, /dossier/<path>/sites/ lists (the interim site-record link target, UXR-18), link crawl.",M,FIG-01a; JUR-03; JUR-04; UXK0-1,none,T2-map (no-JS document) + T1 lists,O3;A1,W2
MAP-03a,Map app shell,= K1 MAP-03a; Preact (absorbs UXK0-6 for /map/); symbols from the K13 lexicon (C-01..C-03); UI copy says 'records' (UXR-13); selection panel links follow UXR-18 and never link a 404.,M,MAP-01a; MAP-02; MAP-05; UXK0-2; UXK0-5; UXK14-1; UXK14-4,F5 PKG-08 (per-compartment attribution strings),T2-map,A1;O1,W2
MAP-03b,"Map filters, In-view list, keyboard, mobile and print","= K1 MAP-03b; a filter that cannot apply at the current zoom greys the cells with a note, without the absence hatch (C-03).",M,MAP-03a; UXK0-4,F5 PKG-07 (technology) and GX-05a (operator/vendor): filters ship disabled with a reason until MAP-01b,T2-map,O3;A1,W2
MAP-04,Map place search,"= K1 MAP-04 (shards via <sig-typeahead>, coordinates, jurisdiction= filter vs frame= framing, 'my location'); no /map/place/ route (C-24).",S,SRCH-05; JUR-01; D-K1-5; D-K1-7,none,T2-map,A1,W2
MAP-06,Release-pinned bbox API,= K1 MAP-06.,S,G2 ACT-17 / F5 PKG-04; G3 REL-05,none,API (roll: op go),O3,W2
SRCH-03,Search API serving v2,= K3 SRCH-03.,M,SRCH-02; G3 REL-05; G2 ACT-17,none,API (roll: op go),A1;J2,W2
SRCH-04,No-JS search results page,= K3 SRCH-04; entity links use GX-03 keys; type= is the result type and kind= the entity type (C-07).,M,SRCH-03; G3 REL-02; UXK0-5; UXK14-3a,none,T2-search (server HTML),A1;J2,W2
SRCH-05,"Typeahead shards, header element and /search/ rewrite","= K3 SRCH-05; Preact (absorbs UXK0-6 for /search/); the same shards serve the header, the home hero, the map place search, the dossier-index form and the explorer's search-to-node (C-06, UXR-23).",M,SRCH-01; SRCH-04; UXK0-1; UXK0-2; UXK0-4; UXK0-5,none,T2-search + T1 header element,A1;J2,W2
SRCH-06,Scoped search forms on dossiers and source pages,= K3 SRCH-06.,S,SRCH-04; JUR-03; UX10-3a,none,T1,O1,W2
SRCH-07,Search acceptance and activation,= K3 SRCH-07.,S,SRCH-01; SRCH-02; SRCH-03; SRCH-04; SRCH-05; SRCH-06; G3 cut-promote,none,T2-search,A1;J2,W2
GX-05a,Entity data contract A,= K2 GX-05a.,M,GX-01; GX-03; TX-08a; DSRC-01,D-K2-1 + G2 ACT-10 (organisation allows); F5 PKG-11,exporter,J2;O1,W2
GX-06a,Entity pages A and the Organizations hub,= K2 GX-06a plus /entity/ hub with per-type counts and A-Z lists carrying the ER disclosure (UXR-20).,M,GX-05a; UXK0-1; UXK0-4; UXK14-3a; UXK14-3b; TX-13a,none,T1,J2;O1,W2
GX-07,Access closures and degree-only facts,= K2 GX-07.,M,GX-05a; D-K2-2; D-K2-3,L3 CONF-06 (edge dates),exporter,J2,W2
DSRC-02,Dossier 'Where this comes from' and the sources explorer,= K5 DSRC-02; over-time chart from FIG-01b.,M,DSRC-01; JUR-04; TX-09; FIG-01b; UX10-3a (interim link /data-freshness/#<id>),none,T1,J1;A2,W2
DSRC-03,Per-dossier downloads,= K5 DSRC-03.,M,DSRC-01; TX-08a; TX-10b; TX-11; G2 ACT-07; D-J3-5; E4 (K4 NEW-4); D-K5-1,none,T1,O3;J1,W2
VIZ-01a,Dossier map and locator figures (exporter),= K6 VIZ-01a over FIG-01a (sig.dossier-visuals/1 restricted build input; size caps; real-release size report).,M,FIG-01a; JUR-03,MAP-01b coverage table (soft; legend says 'rule pending'),exporter,A2;A3,W2
VIZ-02,Dossier template v2,"Owner of the one dossier template (UXR-19; K6 VIZ-02 widened): SIG-UI-010 order; Figure 1 and locator; network-figure slots with typed empty states until VIZ-01b; K5 'Where this comes from'; K7 'Next decisions' block; 'What we don't know' with K11 gap links; neutral 'Other public resources' block (D3 Q4, UXR-06); print (council brief page 1, map leads page 2).",M,VIZ-01a; FIG-01b; UXK14-3a; UXK14-3b; UXK14-9; JUR-03; JUR-04; DSRC-02; WX-04a (soft); RQ-03b (soft),none,T1 (T0 in print),A2;A3;A4;O1,W2
VIZ-03,Explore bar and scoped search placement,= K6 VIZ-03 (the three links carry sig.workspace-state/2; targets that ignore a facet show UXR-10's notice).,S,VIZ-02; SRCH-06; UXK0-4; UXK0-5,none,T1,O1,W2
WX-05,Evidence recommender repair,= K7 WX-05.,S,WX-01; TX-08a,none,exporter,A4,W2
WX-04a,"Watch pages, facets, dossier block and item pages",= K7 WX-04a; place routes use K4 display paths and vendor routes use GX-03 keys (C-10).,M,WX-01; JUR-04; RQ-01; TX-08a; TX-13a,none,T1,O2;A2,W2
TX-08b,"Evidence anchors, view original, claim and evidence API fixes",= J3 TX-08b.,M,TX-08a; G2 ACT-16,G2 steps 1-2 for actual captures,T0/API,J1,W2
EV-02,Evidence hub and artifact pages,= K8 EV-02; /evidence/<id>/ 301s to /evidence/claim/<id>/ through JUR-05.,M,TX-01; TX-03; TX-08b; UX10-3a; RQ-01 (handle grammar),L3 CP-8 byte binding (labels stay honest before),T1,J1;J3,W2
RQ-02,Detector routing and mapping campaigns,= K11 RQ-02.,M,RQ-01; D-K11-1; F5 PKG-01,none,exporter (hosted detector re-run: op go),O4,W2
RQ-03a,"Queue hub, facet routes and cards",= K11 RQ-03a.,M,RQ-01; JUR-04; UXK14-3a,none,T1,O4,W2
RQ-03b,"Task and campaign pages, redirects and dossier gap links",= K11 RQ-03b.,M,RQ-03a; TX-08a; GX-06a; JUR-05,none,T1,O4;A4,W2
RQ-04,Records-request drafts on tasks,"= K11 RQ-04 (DRAFT, never sent).",S,RQ-01; D-K11-3,none,T1,A4;O4,W2
UX9-3,Sources table,= K9 UX9-3 (supersedes J3 TX-05a; /data-freshness/** answer 301 through JUR-05's generator).,M,UX9-1; UX9-2; UXK14-3a; TX-07 (status row component),none,T1,O3;J1,W2
UX9-4,Per-source extracts and version index,= K9 UX9-4.,M,"TX-10b; TX-11; D-J3-5; D-K9-2; TX-14 (diffs, soft)",none,exporter (mirror writes: op go),O3,W2
UX10-3a,Source page A,= K10 UX10-3a (supersedes J3 TX-05b's first half); ground-truth links (UXR-06); runs strip from FIG-01b.,M,UX10-1; UX9-1; UX9-2; TX-02; FIG-01b; D-K10-1,none,T1,J1,W2
UX10-3b,Source page B,= K10 UX10-3b (supersedes J3 TX-05b's second half).,M,UX10-2; UX9-4; TX-06; TX-08b; DSRC-01; GX-06a,F5 PKG-06b (basis located_by_point),T1,J1;O3,W2
TX-06,Known issues and issues log,= J3 TX-06.,S,TX-03; D-J3-12,none,T1 (status lane),J1,W2
TX-07,Status lane,= J3 TX-07; renders K9's shared row component on /status/sources/.,M,TX-03; G2 ACT-05; G2 ACT-02; G2 ACT-13,none,T1 (status clock),-,W2
TX-10a,Data dictionary and metadata,"= J3 TX-10a (DCAT and PROV as linked files, D-J3-7; UXR-32).",M,F5 PKG-11; F5 PKG-09b,none,exporter,J1,W2
TX-10b,Downloads center,= J3 TX-10b plus the per-source statements slice (K9 C-8).,M,TX-11; G2 ACT-03; G2 ACT-07; D-J3-5; D-J3-8,none,T1/T0,O3;J1,W2
UXK14-6,"Home, About, How it works and methodology hub","= K14 UXK14-6: capability table bound to the release, persona start-here cards, example-question generator with its contract, golden-place card, 'What makes SIG different', Trust and method links (Methodology, How sure is SIG? /quality/, Editorial standards, Corrections, Known issues), 'Other public resources' on About.",M,UXK14-2; UXK14-3a; UXK14-4; TX-09; VIZ-02; D-K14-1 + D3 Q5; golden place (D3 4),none,T1,A1;J1;O1,W2
UXK14-7,Brand,"= K14 UXK14-7 (logo, favicon set, per-type social cards, meta descriptions; the logo's dashed edge is brand, never a legend symbol).",S,D-K14-2,none,T1,-,W2
UXK14-9,Print v2,"= K14 UXK14-9 (council brief page 1, running footer, terms list, QR code, greyscale check).",S,UXK14-3a; G3 REL-02; TX-13a,none,T0,A3,W2
UXK14-10,"Visual regression, dark and reduced-motion projects, operator gallery",= K14 UXK14-10.,M,UXK0-2; UXK14-1,none,CI,-,W2
UXK14-11,Onboarding content,"= K14 UXK14-11 (per-page reading keys, empty-state copy for every EmptySurface, annotated how-to-read-a-dossier page).",S,UXK14-3b; UXK14-4; VIZ-02,none,T1,A2;O4,W2
ACC-PLACES,"Places, sources, queue, watch and evidence acceptance","Merges K4 JUR-06, K5 DSRC-06, the K9/K10 acceptance tests, K7 KJ7-1..3 and KJ7-5..6, K8 and K11 journeys: crawl (bare ids, 0 x 404, every historical URL resolves), parity (dossier vs source, HTML = JSON twin = API), number truth, budgets, axe in both JS states, agent walkthroughs recorded as agent-verified; Class S republish readout.",M,JUR-05; DSRC-02; DSRC-03; UX9-3; UX10-3b; RQ-03b; RQ-04; WX-04a; EV-02; VIZ-02; UXK14-6; G3 cut-promote,none,all types,A1;A2;A3;A4;O1;O3;O4;J1,W2
MAP-01b,"Tile properties v2, map dictionary and coverage table","= K1 MAP-01b; the status property uses n_independent_lineages once L3 CONF-07b ships, and until then counts registry sources under the legend 'republications not yet collapsed' (UXR-14).",M,JUR-02b; GX-01; GX-05a; G3 REL-03b,F5 PKG-07; F5 PKG-08; L3 CONF-04 and CONF-07b; coverage rule D-K1-4,exporter,O1,W3
MAP-07,Map acceptance and republish,= K1 MAP-07.,S,MAP-01b; MAP-03a; MAP-03b; MAP-04; MAP-05; MAP-06; G3 cut-promote; G1 billing export,none,T2-map,A1;O1;O3,W3
GX-05b,Entity data contract B,= K2 GX-05b.,M,GX-05a; GX-04; JUR-02b,none,exporter,J2;J3,W3
GX-06b,Entity pages B,= K2 GX-06b; ego SVG from FIG-01b; map snippet from FIG-01a through VIZ-01a's component.,M,GX-06a; GX-05b; FIG-01b; VIZ-01a,none,T1,J2;J3,W3
GX-08a,Overview builder A and /graphs/**,= K2 GX-08a; per-place overview pages at /graphs/<overview>/<country>/<subdivision>/ (C-10).,M,GX-04; GX-05a; FIG-01b; JUR-02b,"L3 CONF-06 (publisher recorded as operator, for O4); I8 agency placement",exporter + T1,J2,W3
GX-08b,Overview builder B,= K2 GX-08b.,M,GX-08a; GX-07,I8 Flock share lists + D-K2-4 (O2 at scale); L3 CONF-13 (organisation identity),exporter + T1,J2,W3
GX-09a,Graph explorer A,= K2 GX-09a; Preact + sigma in the reserved box; /network/ 301 to /explore/?v=2&overview=access; removes @astrojs/react from public bundles and adds the bundle-content gate (the last of UXK0-6).,M,GX-08a; UXK0-2; UXK0-5; SRCH-05,none,T2-graph,J2,W3
GX-09b,Graph explorer B,"= K2 GX-09b; path, currency and dated parameters per UXR-09.",M,GX-09a; GX-07,none,T2-graph,J2,W3
VIZ-01b,Dossier network figures,= K6 VIZ-01b.,S,GX-01; GX-04; GX-05a; GX-07; GX-08a; FIG-01b,I8 agency placement through lookup@1; L3 CONF-06,exporter,J2;O1,W3
VIZ-04,In-place map activation on dossiers,"= K6 VIZ-04 (K1 app in embedded mode, click-only, desktop-only, no history writes).",M,MAP-03a; MAP-03b; MAP-02; VIZ-02; UXK0-3; UXK0-4,none,T1 + activated T2-map box,O1,W3
WX-02,Dated decision predicates,= K7 WX-02.,M,WX-01; T1 ontology ADR,none,exporter (hosted re-ingest: op go),O2,W3
WX-06,contract_expiring detector and renewal tasks,= K7 WX-06 (absorbs K11 RQ-06).,S,WX-01; RQ-01,none,exporter (hosted detector run: op go),O2;O4,W3
WX-03,Watch lane and cadence,= K7 WX-03.,M,TX-07; G2 ACT-05; D-K7-2 (G3 status publish class extended to watch/**),none,infra (scheduler: op go),O2,W3
WX-04b,Watch feeds v2,= K7 WX-04b.,M,WX-04a; WX-03; G3 REL-03b,none,T0 (feeds),O2,W3
EV-03,Claim viewer v2 and real capture diff,= K8 EV-03.,M,TX-08a; TX-12; G2 ACT-11; G2 ACT-14; D-K8-1; D-K8-2,L3 CP-8 byte binding,T1,J1;J3,W3
TX-12,Raw archive (raw-ok lane),= J3 TX-12.,M,TX-01; TX-08b; TX-11; D-J3-1,none,infra/T0,J1,W3
CX-01,Disagreements browser,"New (K12b I-11, NEW-17): /disagreements/ hub and /disagreements/place/<path>/ lists keeping three typed kinds apart: recorded contradictions (both sides, sources, dates), within-source coordinate conflicts (labelled identity defects until CONF-03b re-keys them) and declared-vs-located disagreements; counts from the release; links to entity and dossier sections (UXR-21).",M,TX-08a; GX-06a; JUR-03; UXK14-3b,L3 CONF-05 (contradiction recall); L3 CONF-03b (re-keyed collided subjects),T1,J3,W3
QB-01,"Quality basis, copies and possible duplicates on UX surfaces","New (reconciles L3 5.2 with K1/K2/K5; absorbs K5 DSRC-04's rendering half, its export half being L3 CONF-07b): per-record basis block in <ProvenancePanel>, the map selection panel, entity and record pages and K5's agree/disagree view; count intervals ('N records - between a and b listed cameras'); lexicon states 'copy' and 'possible duplicate'.",M,TX-08a; MAP-03a; GX-06a; DSRC-02; UXK14-4,L3 CONF-07b; L3 CONF-12,T1/T2 panels,A2;J1;J3,W3
TX-13b,"Site snapshots, edge selectors and the withBase refactor",= J3 TX-13b.,M,G2 ACT-15; G2 ACT-24 (HG-11); G3 REL-01; G3 REL-03b; D-J3-6,none,T1/T2 under /s/<pub>/,J4,W3
TX-14,"Changelog, record-id diffs and /v1/changes",= J3 TX-14.,M,TX-13b; the second activated release,L3 CONF-03a (else claim re-mint noise is disclosed),T1/API,J5,W3
CHG-01,Changes page and change feeds,"New (D3 J5; K12b I-08, NEW-19): /changes/ (latest vs previous release; 'SIG learned' separated from 'the world changed'; world vs belief time) and Atom feeds per place and per source from TX-14's diffs; per-entity feeds deferred until page counts are measured.",S,TX-14; JUR-03; UX9-1,L3 CONF-03a,T1 + T0 feeds,J5,W3
UX10-4,Source changelog,= K10 UX10-4.,S,TX-14; UX9-1,none,T1,J5,W3
TX-15,API parity,= J3 TX-15.,S,TX-10b; G2 ACT-17; G2 ACT-11,none,API (roll: op go),J1,W3
SRCH-08,Search result export,= K3 SRCH-08.,S,SRCH-07; TX-10b,none,T2-search,J1;O3,W3
ACC-EXPLORE,"Entity, graph and dossier-figure acceptance","Merges K2 GX-10 and K6 VIZ-05: K2 J-1..J-6, K6 VJ-1..VJ-6, the SIG-UI-D20 crawl, SIG-UI-DV01..DV12, parity (static figure = K5 figures = summed map cells), budgets including the activated box, axe in interaction states, print PDFs; Class S readout.",M,GX-06b; GX-09b; VIZ-01b; VIZ-04; QB-01; G3 cut-promote,none,all types,J2;J3;A3;O1,W3
TX-16,Transparency acceptance and HG-11 readout,= J3 TX-16.,S,TX-12; TX-13b; TX-15; UX10-3b; EV-03,none,all types,J1;J4,W3
ENH-01,T1 table and filter enhancements rollout,"Merges K9 UX9-3e, K5 DSRC-05 (sort and filter; chart brushing deferred), K4 JUR-04's enhanced index filter and the K7/K8/K11 'enhanced island' ideas as T1 kit uses, never new islands (C-19, C-20): <sig-table> on /sources/**, dossier sources explorers, /dossier/, /watch/, /evidence/ and /research-queue/, with a place <sig-typeahead> over <=200 KiB shards; URL state; budgets.",M,UXK0-4; UX9-3; DSRC-02; JUR-04; WX-04a; EV-02; RQ-03a,none,T1 (<=20 KiB initial; <=40 KiB after action; <=200 KiB data),O3;J1;O4,W4
RQ-05,Contribution path wiring,= K11 RQ-05.,S,RQ-03b; D-K11-4; G2 ACT-23 (intake) or the operator-named channel,none,T1,O4,W4
CAP-01,Round-11 UX capstone,"D3's 13 journeys x {390, 1440 px} x {JS on, JS off where the journey allows} on the promoted release, recorded agent-verified (never 'user-tested'), plus an operator walkthrough packet; the per-ask U-003.1..11 checks of K13 5.1; budgets and axe on the real release; cost read against $300/month (UXR-31).",M,every W0-W3 ticket; G2 ACT-24,L3 CONF-14 readout (for the correctness criteria),all types,A1;A2;A3;A4;J1;J2;J3;J4;J5;O1;O2;O3;O4,W4
CAP-02,Announce-readiness review,= K14 UXK14-12 + D3 5 + K14 7: checklist results recorded; operator gallery (every template x light/dark x 390/1440) for the 'beautiful' sign-off (D-K14-9); no agent sign-off (P4).,S,CAP-01; UXK14-10,none,all types,-,W4
