metric_id,name,definition,value,unit,scope,data_source,method,target,status,note
L2-M01,Exact-coordinate duplicate share,Share of geolocated published points that share exact coordinates (0.01 m) with at least one other published point (single-linkage; excess = points - clusters),0.1185 (26943 of 227335),share of points,release sites (12 compartments),public release sig-2026-09-27-ce480ab1 */sites.parquet,KD-tree query_pairs(0.01 m) + union-find (tools/release_quality.py),<0.01 after resolution; any remainder labelled as multi-camera mount,fail,Same-source 0.1064; cross-source 0.0199. Part is several cameras on one mount (legitimate); most is double ingestion (see M05)
L2-M02,Cross-layer duplicate share at 25 m,Share of geolocated points that have a point from a different source OR a different upstream layer (target) within 25 m (union-find; excess = points - clusters),0.1346 (30599 of 227335),share of points,release sites + spine target key,release sites + spine Q042 (entity -> source/target),KD-tree + union-find over pairs whose source/target differ (tools/round2.py),equal to resolver merges within 1 pp and published as one site,fail,Sensitivity: 1 m 0.1053; 10 m 0.1178; 25 m 0.1346; 50 m 0.1569. Estimated distinct points at 25 m = 196736
L2-M03,Dedup-ratio sensitivity to distance,1 - clusters/points for single-linkage over all pairs within threshold,0.119 / 0.135 / 0.157 / 0.173 / 0.224 / 0.292 / 0.371 / 0.511 at 0 / 1 / 5 / 10 / 25 / 50 / 100 / 250 m,ratio,release sites,release sites,tools/release_quality.py -> out/dedup_sensitivity.csv,a stated threshold with a curve that flattens near it,warn,The curve never flattens: beyond 10 m single-linkage chains distinct nearby cameras; a distance-only rule cannot define 'same site'. The resolver's 0.0375 sits below even the exact-coordinate floor
L2-M04,Resolver capture of cross-layer duplicates,Resolver dedup ratio (latest camera-site run) versus measured cross-layer duplicate share at 25 m,0.0375 vs 0.1346 (8724 merges; 11106 auto-write pairs; 33907 proposed awaiting review; 0 human decisions),ratio,spine camera_site_run camsite:5ddfe312 (2026-09-26T19:58:58Z),spine camera_site_run / camera_site_match (Q023/Q024),read-only SELECT,resolver ratio within 1 pp of the measured duplicate share,fail,Resolver merges about 28% of the measured cross-layer duplicates; 26168 pairs held back by a max-span cluster constraint
L2-M05,Mirror double counting,Share of a mirror layer's points with a point from its origin/sibling layer within 25 m,alpr_nationwide->DeFlock republish 0.695 (13238 of 19044); Nottingham<->Mark43 0.998; Toronto<->CoT GeoHub 0.975; MD open data<->Esri dashboard 0.942; 7 layers ingested twice under two target ids at 1.000,share of mirror points,named source/layer pairs,release sites + spine Q042,pairwise overlap table out/pair_overlap.csv,0 double-published mirror points (mirror marked as mirror; counted once),fail,The two OSM republishes share one source id; the resolver lists 11 mirror lineages but the release still publishes every row (n_sources=1 on all rows)
L2-M06,Multi-source sites published,Published site rows with n_sources > 1,0 of 236994,rows,release sites,release sites,DuckDB count,>0 wherever sources corroborate (at least 274 per resolver),fail,Every published row is observation-level; resolved sites (223901) are not exported
L2-M07,Subject-key collisions,Camera subjects carrying two or more differing current camera_latitude claims (distinct upstream records collapsed onto one id by a non-unique upstream ref),5278 subjects (2.27% of 232627); 4520 with spread >= 10 km; up to 242 claims on one subject,subjects,spine claim (camera_latitude),spine Q037/Q038,read-only SELECT grouping current claims by subject,0,fail,IL DOT 2936 (97.9% of its layer); FL 511 two layers 1964; these are the release's 5290 'conflicted' points withheld from the map
L2-M08,Claim-level redundancy,Share of current claims that repeat an existing (subject; predicate; value),0.1747 (439408 of 2514683),share of claims,spine claim,spine Q040/Q041,count(*) vs count(DISTINCT subject; predicate; md5(value)),~0 (re-observation recorded as a dated observation instead),fail,Every EFF Data Driven claim appears twice; procurement claims 2-3x; one camera ref re-inserted 58 times in one run
L2-M09,Same agency under several unlinked ids,EFF Data Driven agency subjects whose exact normalised name also exists as an Atlas subject or a Flock-portal slug,171 of 200 (170 Atlas; 71 Flock portal); 0 links,agencies,spine entity_identifier,spine Q025 + EFF 2016-2017 release (state for slugs),exact normalised-name match (lower bound),every matched pair linked or explicitly kept apart,fail,entity.merged_into is NULL for all 251019 entities; only 4 identifier schemes exist (no ORI/GEOID); Data Driven agencies carry no state so namesakes (e.g. Pasadena CA/TX) cannot be separated
L2-M10,Duplicate identifiers,Identifier values attached to more than one entity,3 values (1 camera subject key; 1 INSEE code; 1 US-state code),values,spine entity_identifier,spine Q026,read-only SELECT,0,warn,Small but each is a split entity
L2-M11,Entity-id stability across releases,Site entity ids of the 2026-09-24T154017Z national export still present in the 2026-09-27 release,230330 of 230330 (1.000); 65 geometries changed,share of ids,restricted national exports,gs://...-sig-restricted/exports/national/2026-09-24T154017Z (read-only copy),DuckDB join on entity_id,1.000,ok,Ids are stable; permalinks by entity_id are viable
L2-M12,Cross-source corroboration,Share of published points with a point from a different source within 25 m,0.0420,share of points,release sites,release sites,KD-tree cross-source pairs + union-find,disclosed per dossier,warn,Resolver: 274 multi-record sites independently corroborated vs 6237 single-lineage; corroboration is rare because most layers do not overlap
L2-M13,Per-dossier count inflation,Published points in a dossier divided by distinct points after 25 m cross-layer union,KY 2.25x (839 vs 373); NZ 2.08x; FL 1.71x (8001 vs 4692); MD 1.46x; DC 1.42x; GA 1.26x; MO 1.24x,ratio,jurisdiction dossiers,release sites + spine Q042,out/jurisdiction_agreement.csv,<=1.02x,fail,Dossier 'geolocated' figures count rows not sites; KY and MD are mirror layers of each other
L2-M14,Contradiction recall,Recorded contradictions versus detectable value disagreements,2 open contradictions vs >= 5278 subjects with divergent coordinates; 0 dissent rows in a 10% resolution sample (19121 multi-claim resolutions all 'uncontested'),count,spine contradiction + resolution,spine Q032/Q034/Q035/Q036,TABLESAMPLE SYSTEM(10) REPEATABLE; considered_claims value comparison,every disagreement above tolerance becomes a contradiction or dissent,fail,In a 3% sample 52% of multi-claim latitude resolutions differ at 4 dp yet are 'uncontested'; 39% of multi-claim camera_name resolutions differ
L2-M15,Null geometry,Published entities without a point,5290 of 232625 (2.27%),entities,release sites,release sites,point_status/geometry null count,0 (caused by M07 collisions),warn,All 5290 are collision subjects (M07); the dossier calls them 'conflicting evidence'
L2-M16,Points outside claimed jurisdiction,Geolocated points in a named jurisdiction lying > 2 km (and > 25 km) outside that jurisdiction's polygon,2807 of 61193 (4.59%) > 2 km; 2370 (3.87%) > 25 km; 2079 > 1000 km; 21 of 54 dossiers affected (15 with > 25 km),points,release sites (non-'unresolved'),release sites + Census 2023 cb_state_500k + Natural Earth 10m admin-0/admin-1,shapely STRtree point-in-polygon against the source's registry geography (I1 source_coverage.csv),0 beyond border tolerance,fail,Largest: CA 908 (FDOT D5 layer published as California; 838); GB-ENG 562; BD 447 (in Singapore); TH 155 (Hong Kong); IE-DL 114; NL 54 (Belgium); NZ 54 (Wellington UK)
L2-M17,Axis swaps,Points whose swapped (lat;lon) falls inside the claimed jurisdiction,562,points,release sites,as M16,swap test inside expected polygon,0,fail,All 562 from one Nottingham layer (drawn off East Africa)
L2-M18,Null island and sign flips,Points at exactly (0;0) or inside the jurisdiction after negating longitude,14 at (0;0) (GA 10; FL 3; DC 1) + 5 longitude sign flips (AZ 4; GA 1),points,release sites,as M16,exact/negation tests,0,fail,An export-time geometry gate would reject all of these
L2-M19,Assignable 'unresolved' points,Geolocated 'unresolved'-jurisdiction points that fall inside a US state polygon,153050 of 166142 (92.1%) across 53 states/DC/PR,points,release sites (jurisdiction='unresolved'),release sites + Census states,point-in-polygon,jurisdiction assigned by geometry with the method disclosed,fail,166210 entities (71.4%) are 'unresolved'; 154528 of them are the OSM ALPR layer
L2-M20,Coordinate precision,Distribution of decimal places (min of lat/lon) in published geometry,median 7 dp; 1681 (0.74%) <= 3 dp (>= ~100 m); 21405 (9.4%) >= 12 dp,points,release sites,release sites,regex on GeoJSON text,precision stated per row and <= source precision,warn,>= 12 dp is spurious precision from projection conversion; the 'precision' column says full_precision on every row
L2-M21,Technology typing,Camera subjects keyed 'traffic_camera' whose own registry target names another technology,180036 of 232628 (77.4%): ALPR 152102; CCTV/police 23989; enforcement 3945 (traffic 48945; unknown 3647),subjects,spine entity_identifier + target registry,spine Q025 + connectors/.../camera_registry_targets.toml + dot_511_targets.toml,keyword class of target id/agency/notes,0 mistyped; technology field exported,fail,Only 616 subjects carry an asset_type=ALPR claim; exports have no technology column; agent sample: 29 of 29 OSM-origin nodes tagged surveillance:type=ALPR
L2-M22,Entity-type mismatch,Entities typed 'deployment' whose connector subject kind is not a deployment,10238 of 250046 (4.1%): 5376 procurement notices; 1872 contracts; 1364 agenda items; 1079 funding instruments; 308 bills; 195 jurisdictions; 30 legal instruments; 9 CCOPS reports; 4 accountability events; 1 records request,entities,spine entity + entity_identifier,spine Q027,read-only SELECT,0,fail,All 17 typed entity tables (jurisdiction; contract; product; technology; person; policy; ...) hold 0 rows
L2-M23,Operator predicate misuse,Camera subjects whose camera_operator value names a publisher/community/account rather than an operating agency,172588 of 232627 (74.2%); 154528 'OpenStreetMap contributors (republished ...)',subjects,spine claim camera_operator,spine Q044/Q046,pattern classification of the 139 distinct operator values,0,fail,The OSM 'operator' organisation is the hub of 26839 entity-ref edges; agent sample: 4 of 6 OSM origin nodes carry a real operator tag SIG drops
L2-M24,Other predicate misuse,Values outside a predicate's domain,camera_status='false' on 793 subjects; NVLS pool membership encoded as agency->vendor configured_access (130 edges),subjects/edges,spine claim,spine Q045 + connectors/src/connectors/data_driven.py:620-650,value-domain review,0,warn,The 130-edge case is a documented modelling choice (ADR-113) but the edge is dated 2020-01-28 (release date) for 2016-2017 records
L2-M25,Node and edge counts,Entities by type and edges by predicate in the stored graph,251019 nodes (250046 deployment; 973 organization); 41962 distinct entity-ref edges (camera_operator 38871; seller 1287; buyer 1127; recipient 340; vendor 200; configured_sharing_partner 130; event_organizations 7); relationship table 130,count,spine,spine Q010/Q011/Q028,read-only SELECT,n/a (inventory),ok,Inventory only; 526 edge claims are duplicates
L2-M26,Isolated nodes,Entities with no incoming or outgoing edge,209122 of 251019 (83.3%),entities,spine,spine Q028 + Q030,networkx degree (tools/graph_structure.py),disclosed; falls as operators/agencies are linked,fail,Every camera without an operator entity-ref and every procurement/bill/atlas subject is an island
L2-M27,Connected components and degree,Components of size >= 2 and degree distribution,354 components; largest 26840 (a star on the OSM 'operator'); max degree 26839; 680 of 969 organisations have in-degree 1; no path longer than 2,count,spine,spine Q028,networkx,multi-hop structure where evidence supports it,warn,The graph is a set of stars; /network/ shows one of them (130 edges)
L2-M28,Unlabeled nodes,Published sites without a label; organisations without a name,192536 of 232625 sites (82.8%) unlabeled (map shows UUID); 0 of 973 organisations unnamed,entities,release sites + spine,release sites + restricted web/map.json + spine Q021,null/empty label count,< 5% or a derived label,fail,Spine: 189289 of 232628 camera subjects lack camera_name
L2-M29,Orphan entities,Entities with no current claim as subject or object,5 (4 'agency' organisations + 1 camera subject); 969 organisations have no subject claims (name only in identifier),entities,spine,spine Q031,NOT EXISTS over claim_current_idx,0,ok,Small; organisations carry no claims of their own
L2-M30,Undated edges and claims,Edge claims with neither valid time nor observed_at; claims with unbounded valid_period,41988 of 42488 edge claims (98.8%) undated; 2514683 of 2514683 claims (100%) have unbounded valid_period; 2334331 (92.8%) have observed_at NULL,claims,spine claim,spine Q012/Q028,read-only SELECT,every edge dated (observed or valid time),fail,Staleness cannot be computed for undated claims; freshness shows 0 stale because nothing is evaluable
L2-M31,Historical-only edges,Configured-access edges whose only support is a historical source,130 of 130 (100%): one EFF/MuckRock 2016-2017 dataset released 2020-01-28,edges,spine relationship + claim,spine Q020 + EFF release zip,read-only SELECT + upstream file,edges shown with date and currency HISTORICAL,fail,Agent sample: 10 of 10 sampled edges match the upstream NVLS=Y column (fidelity confirmed; currency not)
L2-M32,Claims with an evidence binding,Current claims with >= 1 claim_evidence row (role establishes),2514683 of 2514683 (1.000),claims,spine,spine Q013/Q014,EXISTS over claim_evidence_pkey,1.000,ok,Structural completeness only (see M33)
L2-M33,Bindings to byte-bearing captures,claim_evidence rows whose capture has bytes and an upstream URI; rows with locator/excerpt/extraction,0 of 2782187 (0.000); locator 0; excerpt 0; extraction_id 0,bindings,spine,spine Q014/Q015/Q016,join claim_evidence -> evidence_capture,1.000 for captured sources,fail,All bindings point at 285 zero-byte synthetic 'connector' captures (one per source run)
L2-M34,Evidence with upstream URL and hash,Captures with an http(s) source URI and bytes; artifacts with an http url,27 of 325 captures (8.3%; all licence/terms pages); 27 of 255 artifacts; 0 of 255 public evidence.json permalinks,captures/artifacts,spine + release web/evidence.json,spine Q015/Q017 + release,read-only SELECT,1.000,fail,ingest_run_capture (per-target URL+digest) is not readable by sig_read_public and was not measured
L2-M35,Attribution completeness,Release rows whose licence requires attribution but carry none; misattributed rows,66138 of 232625 entities (28.4%) empty-where-required; 228537 rows (96.4%) no terms URL; 3272 rows 'DeFlock community map'; 630 of 632 sharing rows attributed to 'The SIG project' instead of EFF & MuckRock,rows,release sites + sharing_edges,release parquet/csv,column checks by compartment (out/attribution_by_compartment.csv),0 empty/misattributed,fail,Spine: 0 of 220 source_registry rows carry homepage_url; 167 of 215 connector sources' rights record has no attribution text
L2-M36,Duplicate rows in sharing edges,Rows in sig_graph/sharing_edges.csv beyond distinct (subject; predicate; partner),186 of 632 (29.4%),rows,release sig_graph,release sharing_edges.csv,pandas drop_duplicates,0,fail,Each sharing_partner_degree fact appears twice (double ingestion); access edges appear as a literal plus an entity-ref twin
L2-M37,Release freshness claims,Freshness rows by status/volatility/stale count,178 of 178 'ok'; 178 volatility 'unknown'; 0 stale,sources,release web/freshness.json,release,count,stale evaluated per predicate volatility,fail,'ok' is the last ingest-run status; nothing is evaluable because claims are undated (M30)
L2-M38,SIG 'last content change' vs upstream edit date,For sampled layers: upstream layer editingInfo last edit versus SIG's recorded last_content_change,10 of 10 layers: upstream edit precedes SIG's date by 34 days to 5.7 years,layers,agent sample (15 layers),upstream layer metadata + release freshness.json,one GET per layer (?f=json),SIG date = upstream change date,fail,SIG records its own insert time as 'last content change'; the DeFlock republish SIG ingests was last edited 2026-08-22 and the ALPR-nationwide republish 2025-04-17
L2-M39,Spine drift and run staleness,Sources with inserts after the release cut; sources with no insert for > 7 days (as of 2026-09-30),20 sources inserted after the cut (spine 2514683 vs release 2423200 claims); 149 of 177 sources no insert > 7 days (median 11 days),sources,spine ingest_run_completion,spine Q043,read-only SELECT,cadence met per source,warn,24 sources report claims_inserted > claims_considered (bookkeeping anomaly)
L2-M40,Upstream completeness (sample layers),SIG subjects versus current upstream feature count for sampled layers,11 of 15 exact; SIG short in 3 (Surrey BC -92 = 13%; ACT speed -53 = 4.2%; TxDOT -4); WSDOT +1,layers,agent sample,upstream returnCountOnly / Socrata count + spine Q042,one GET per layer,exact or explained,warn,Upstream counts equal the 2026-09-18 enumeration: the republish layers are static
L2-M41,Source concentration,Share of published entities from the largest sources,top 1 (OSM ALPR republish) 66.4%; top 5 76.6%; 7 of 178 sources >= 1%,share of entities,release sites,release sites,groupby source_id,disclosed,warn,Quality of the graph is dominated by one republished crowd-sourced layer
L2-M42,Per-source anomaly rate,Entities with >= 1 anomaly (collision/null point; > 25 km outside; same-source exact duplicate) per source,weighted 21.4% (49735 entities); 62 of 178 sources > 5%; 24 > 50%; 87 sources 0,share of entities,release sites,out/per_source_anomaly.csv,union of M01/M07/M16 flags,< 2% per source,fail,Worst named: IL DOT 97.9%; IA DOT 99.2% (exact-coordinate pairs); FL 511 73.4%; FDOT D5 (as CA) 65.0%; Nottingham 100%; Bangladesh 100%
L2-M43,Agent sample: published sites vs upstream (agent review; not human-verified),Seeded random 50 published sites checked against the upstream layer (same ref within 50 m) and OSM origin,50 of 50 reproduce the upstream record (distance 0 m); OSM origin: 29 of 29 reachable have a surveillance node within 30 m (6 Overpass 504s),sites,agent sample seed 20260930,upstream ArcGIS/Socrata/Overpass (134 GETs),tools/verify_sample.py,>= 95% faithful,ok,Fidelity to the upstream copy; says nothing about whether the camera exists today. 29 of 29 are ALPR-tagged at the origin (SIG types them traffic_camera); 25 of 29 carry a manufacturer tag SIG drops
L2-M44,Agent sample: stored edges vs upstream (agent review; not human-verified),Seeded stratified 30 edges (10 access; 10 operator; 10 procurement) checked against public upstreams,access 10 of 10 confirmed (EFF NVLS=Y); operator 4 of 10 confirmed / 6 of 10 publisher-as-operator; procurement 6 confirmed / 3 inconclusive / 1 unverifiable and 0 of 9 retrieved contracts surveillance-related,edges,agent sample seed 20260930,EFF release zip + Overpass + Socrata,tools/verify_sample.py + manual reading of the retrieved records,>= 95% correct and on-topic,fail,Procurement portals are ingested without a topical filter (tree planting; pump-out services; shelter services; health insurance)
L2-M45,Least-privilege read path,Existence of a read-only login usable for audits,none: the only credential is the owner login 'sig' (used here with SET ROLE sig_read_public + read-only transaction),n/a,Cloud SQL sig-pg,db/deploy/access_control.sql + docs/build/reports/GCP_DEPLOYMENT.md §3-4,inspection,a dedicated NOLOGIN->LOGIN read role for audits,warn,Every continuous check proposed below needs this path
