d_id,kind,current_status,verified_truth,status_correct,proposed_status,blocker_class,proposed_disposition,depends_on,verify_command,evidence,note
D-P21.3-2,P,OPEN,"All four P21.3 inputs are provisioned outside any shell: SIG_DATA_GOV_KEY and the MuckRock refresh token are Secret Manager bindings on hosted jobs (secret names sig-data-gov-key, sig-muckrock-refresh present 17:26Z); SIG_OVERPASS_ENDPOINT/SIG_CIVICCLERK_BASE are non-secret endpoints with code defaults. Hosted live runs: congress_gov 2026-09-29 ok (20,008 emitted, data.gov key), civicclerk 2026-09-22 ok (5,311), osm_overpass 2026-09-28 ok (5,214); MuckRock auth path ran 2026-09-16 (execution sig-ingest-muckrock-fx2ch exit 0, refresh->JWT->request; 0 new claims because the API challenged the request - an external access issue, not a credential gap). The 'operator exports the env vars in the run shell' blocker is obsolete (the P25.9 sweep predates the P26.4 Secret-Manager bindings).",n,DONE (credential leg discharged by hosted scheduled jobs),none,already-done(hosted run rows congress_gov 2026-09-29 / civicclerk 2026-09-22 / osm_overpass 2026-09-28 + muckrock execution fx2ch 2026-09-16),none; optional read-back of the first scheduled muckrock fire 2026-10-01T06:00Z,"gcloud storage ls --project zeta-medley-508121-u7 'gs://zeta-medley-508121-u7-sig-restricted/ops/runs/{congress_gov,civicclerk,osm_overpass}/**' | tail -3 ; gcloud storage cat --project zeta-medley-508121-u7 <latest row> (outcome ok, mode live) ; after 2026-10-01T06:00Z: gcloud storage ls --project zeta-medley-508121-u7 gs://zeta-medley-508121-u7-sig-restricted/ops/runs/muckrock/2026-10-01/","live-read: GCS run rows + gcloud secrets list (names only) + gcloud run jobs executions list sig-ingest-muckrock (17:26-17:31Z); recorded-execution: docs/build/runs/P25.9.md:72, P25.2.md:20; code: live_targets.py:34, agency_registry_vocab.toml:64, ops/cadence.toml:125,340","F1 NEW-5. MuckRock yield (API challenge) is a source-access issue, not this row's scope - F1 NEW-7 (watch). If the operator prefers, re-dispatch P21.3 live_verification=true as a pure read-back."
D-P21.5-1,V,PARTIAL,"Zenodo sandbox deposit (version DOI 10.5072/zenodo.603732), GCS object-store push and live egress report are DONE (recorded 2026-09-15/16). The SWH save-now leg was declined 2026-09-16 on the premise 'repo stays private'; gh repo view (17:26Z) -> SteveVitali/Eleutheria visibility PUBLIC, so the sole blocker has lapsed (E1 NEW-14). sig-ops swh-save --now exists (ops/cli.py:238-247). The optional non-GCS push is not required.",y,PARTIAL -> DONE after the SWH leg,live-execution,live-return-pass(P21.5 - SWH save-now leg only; the optional non-GCS object-store push closes as wontfix(optional; GCS push done)),operator one-line ack reversing the 2026-09-16 decline (its premise lapsed),uv run sig-ops swh-save --repo-url https://github.com/SteveVitali/Eleutheria --now ; then curl -s https://archive.softwareheritage.org/api/1/origin/https://github.com/SteveVitali/Eleutheria/visit/latest/ (status full),"live-read: gh repo view --json visibility (PUBLIC, 17:26Z); code: ops/src/ops/cli.py:238-247; DEFERRALS.md:42 status cell",Blocker class operator -> live-execution. Tiny; in reach without recruiting. Also discharges part of SIG-EVID-019/GOV-022 (E1-21).
D-P21.7-1,V,OPEN,"Unchanged since 2026-09-24: ops/config.toml:58 registered = false; secret sig-maproulette-api-key exists (G1: v1 2026-09-23, no accessor binding, appeared in a transcript). Operator 2026-09-30T16:27Z: 'MapRoulette key can stay stale for now'. Contribution-back was deferred past go-public by the operator (2026-09-16). OSMF Organised Editing guidelines need >=2 weeks' community notice (E3 R14).",proposal,later-phase (leave the owed register),operator,"later-phase(trigger: operator opts into contribution-back - rotates sig-maproulette-api-key, publishes the OSM Organised-Editing page with >=2-week notice, sets registered=true; then live-return-pass(P21.7))",Track 0.3 key rotation (operator: not now),uv run python -m tasks maproulette push --challenge 1 --jurisdiction okc --dry-run (today REFUSED exit 3); after the trigger: the one-step re-run in docs/build/reports/CONTRIBUTION_BACK_LIVE.md,code: ops/config.toml:58; live-read: gcloud secrets list (names); operator-statement: META_PLAN 7.1 (16:27Z),"Section (f3) cites docs/build/CONTRIBUTION_BACK_LIVE.md, which does not exist; the file is docs/build/reports/CONTRIBUTION_BACK_LIVE.md (F1 NEW-8). Operator-only, 3-8 h + >=2 weeks."
D-JURIS.2-1,P,PARTIAL,"raa_prefectures, decp_fr, madada and declarationcamera_be are all LOADABLE (sig-connectors gate re-run 17:2xZ); the France legs landed live 2026-09-15/16 (decp_fr 7,234 spine claims, madada 26, RAA index + 8 recorded robots refusals; hosted run rows exist for decp_fr and raa_prefectures). The sole remainder is declarationcamera_be behind Belgian eID (HG-04, NoLiveTargets). The row's 'resolve the LO 2.0 disposition' text is stale (decided 2026-09-15, ADR-084). The operator cannot fill a Belgian-eID seat (E3 R9).",proposal,DONE (rights/flip scope) + WONTFIX (eID leg),external,"wontfix(Belgian-eID access leg: no eID holder available; the operator skipped the same HG-04 outreach class in D-JURIS.2-2, WONTFIX 2026-09-16)",operator E4 R1=a (and S5),uv run sig-connectors gate --source declarationcamera_be (LOADABLE) ; the NoLiveTargets boundary is docs/build/reports/live_runs/2026-09-16_declarationcamera_be.json,recorded-execution: gate outputs 17:2xZ; DEFERRALS.md:101; E4 R1; E3 R9,Blocker class rights -> external (E4 NEW-4).
D-SOURCES.2-2,P,OPEN,"documentcloud and courtlistener_recap are REFUSED (gate 17:2xZ). Packets quote the terms verbatim: the MuckRock ToS governing DocumentCloud forbids 'data mining, robots, or similar data gathering and extraction tools'; the FLP membership terms exclude building tools for organisations. Both packets' Decision lines already read 'declined' (maintainer delegated, 2026-09-17); GL-GATE-07's own text defers CourtListener.",proposal,WONTFIX (both declined),rights,wontfix(documentcloud: ToS forbids extraction; courtlistener_recap: FLP membership excludes SIG; re-arm on an affirmative DocumentCloud API grant or an FLP partnership tier),"operator E4 R2a=a, R2b=a",uv run sig-connectors gate --source documentcloud ; uv run sig-connectors gate --source courtlistener_recap (REFUSED stays correct); packet Decision lines carry the operator's line,"recorded-execution: gate 17:2xZ; docs/build/reports/rights/{documentcloud,courtlistener_recap}.md; E4 R2",No downstream dependency (targeted-lookup connectors only).
D-SOURCES.7-1,P,OPEN,"dot_511_la/_ga/_al/_md are LOADABLE (flipped 2026-09-18 under GL-GATE-07, live ok: la 5,220 / ga 83,653 / al 6,084 / md 4,968; hosted run rows exist for all four). Only dot_511_tx is REFUSED (personal-account ArcGIS item, empty licenseInfo, 2,798 rows); it likely overlaps camreg_txdot_rep_tx, which is flipped and live.",n,PARTIAL (4/5 flipped and live),rights,"ticket(R11 rights-flip batch: dot_511_tx flipped under GL-GATE-07 or declined as a duplicate of camreg_txdot_rep_tx, per E4 R3)",operator E4 R3 + S4,uv run sig-connectors gate --source dot_511_tx (LOADABLE after a flip) ; uv run sig-connectors run --source dot_511_tx --mode live (captures) - or the recorded decline,"recorded-execution: gate 17:2xZ (dot_511_la LOADABLE, dot_511_tx REFUSED); live-read: hosted run dirs dot_511_{al,ga,la,md}; E4 R3/S4",E4 NEW-1.
D-SOURCES.7-2,P,OPEN,Unchanged since 2026-09-17: no Iteris-platform (FL/NY/AZ/NV/PA/WI/AK/CT/NewEngland511) or OHGO key exists in Secret Manager (names listed 17:26Z); the hosts stay keyed_api/access_restricted in dot_511_targets.toml.,y,OPEN,operator,"operator-action(HG-09: register the free per-platform 511 keys into Secret Manager, P26.4 pattern; then an R11 wiring ticket graduates [[enumerated]] rows to [[targets]])","Stream I prioritisation (I7/I8); Q-21, Q-23 (cost/disk)",gcloud secrets list --project zeta-medley-508121-u7 --format='value(name)' (new key names present) ; then keyed uv run sig-connectors run --source dot_511_<st> --mode live produces captures,"live-read: gcloud secrets list (names only, 17:26Z); DEFERRALS.md:146","Operator-fillable, no recruiting. Weigh against Stream I coverage priorities."
D-SOURCES.8-1,P,PARTIAL,"10 of 14 flipped under GL-GATE-07 and live ok (hosted run dirs exist for all 10). Four remain REFUSED: camreg_edmonton_ab, camreg_hk_hk, camreg_qldc_au, camreg_bellevue_wa. They were skipped because they were absent from the P26.16 worklist, not by operator choice (E4 NEW-9). Bellevue's licence text expressly prohibits commercial use without written authorization.",y,PARTIAL,rights,ticket(R11 rights-flip batch: camreg_edmonton_ab/hk_hk/qldc_au on the non-US DBRight basis (E4 R4a-c); camreg_bellevue_wa only after the operator's commercial-use statement (R4d)),operator E4 R4a-d,uv run sig-connectors gate --source camreg_<id> (LOADABLE) ; uv run sig-connectors run --source camreg_<id> --mode live (captures),recorded-execution: gate 17:2xZ; live-read: hosted run dirs; E4 R4,A flip alone leaves compact_status not_contacted -> still REFUSED; the ticket must use the E4 section-2 recipe (E4 NEW-11).
D-SOURCES.8-2,P,OPEN,Unchanged since 2026-09-18: no QLDTraffic or NSW Live Traffic key in Secret Manager; both hosts enumerated keyed_api in camera_registry_targets.toml. QLDTraffic is also E4's R4c alternative for camreg_qldc_au.,y,OPEN,operator,operator-action(HG-09: register QLDTraffic + NSW Live Traffic API keys into Secret Manager; then an R11 wiring ticket),Stream I prioritisation; E4 R4c,gcloud secrets list --project zeta-medley-508121-u7 --format='value(name)' ; keyed live run produces captures + claims,"live-read: gcloud secrets list (names only, 17:26Z); DEFERRALS.md:161","Operator-fillable, no recruiting."
D-SOURCES.9-1,P,OPEN,"procportal_chicago_il REFUSED on compact, custody (LINK) and rights; /api/views/rsxa-ify5 carries no licence; the City ToU is uncaptured (chicago.gov ToU page 404). The same portal's camreg_chicago_il was flipped under GL-GATE-07 and runs live.",y,OPEN,rights,"ticket(R11 rights-flip batch: procportal_chicago_il per E4 R5 - ingestion_permitted, compact public_terms_only, custody LINK->MIRROR)",operator E4 R5,uv run sig-connectors gate --source procportal_chicago_il (LOADABLE) ; run --mode live captures,recorded-execution: gate 17:2xZ; docs/build/reports/rights/procportal_chicago_il.md; E4 R5,
D-SOURCES.9-2,F,OPEN,"bonfire REFUSED (all five gate fields false). The row's blocker ('a platform-wide robots refusal is never bypassed') is obsolete: GL-GATE-08/ADR-088 disregard robots, and procurement.py:1400-1403 records the Bonfire verdict as 'disregarded per GL-GATE-08 / ADR-088'. Real blockers: terms never captured; no reviewed markup contract (a captured body is ContentDrift by construction, procurement.py:2095-2099); /portal redirects to a login. Yield: 2 verified tenants.",proposal,"re-scope (kind P, rights + engineering) then WONTFIX",rights,"wontfix(low yield: 2 tenants, no parser, login-walled portal; re-arm through Stream I if procurement portals are prioritised)",operator E4 S2=b,uv run sig-connectors gate --source bonfire (REFUSED stays correct),"code: connectors/src/connectors/procurement.py:1400-1403, :2095-2099; recorded-execution: gate 17:2xZ; E4 S2",Blocker class external -> rights. P26.17 closed the analogous D-SOURCES.2-4 as RESOLVED-BY-GL-GATE-08. E4 NEW-3; A2 F-31 amendment.
D-SOURCES.9-3,F,OPEN,"opengov_procurement REFUSED. The wall is a Cloudflare managed challenge (HTTP 403, cf-mitigated: challenge, 10 slugs probed 2026-09-18); SIG-INGEST-013 forbids defeating it; there is no owner and no in-repo action. Nothing has changed since 2026-09-18.",proposal,later-phase (leave the owed register),external,later-phase(trigger: a documented public OpenGov Procurement endpoint/API with reviewable terms emerges; checked by a Stream-I pass),operator E4 S3=a,uv run sig-connectors gate --source opengov_procurement ; a single bounded probe recorded in a future Stream-I pass,recorded-execution: gate 17:2xZ; docs/build/reports/rights/opengov_procurement.md; E4 S3,
D-SOURCES.9-4,P,OPEN,"bidnet_direct and periscope_s2g REFUSED (compact, custody LINK, rights). The bidnetdirect.com ToS was never captured; robots allow public paths with Crawl-delay 5. No vendor-platform procurement portal has ever been flipped. periscope_s2g is the superseded predecessor surface (its packet is a skeleton).",y,OPEN,rights,"ticket(R11: capture the bidnetdirect.com terms verbatim into rights/bidnet_direct.md, then the operator decides (E4 R6a); close periscope_s2g as superseded (R6b=a))","E4 R6a (after the terms capture), R6b",uv run sig-connectors gate --source bidnet_direct (LOADABLE or a recorded decline) ; uv run sig-connectors gate --source periscope_s2g,"recorded-execution: gate 17:2xZ; docs/build/reports/rights/{bidnet_direct,periscope_s2g}.md; E4 R6","First vendor-platform case: decide individually, not by the GL-GATE-07 default."
D-SOURCES.12-1,P,PARTIAL,"Fully discharged: rights half executed under GL-GATE-07 (P26.16, 151/151 ok); the hosted wave tail was split to D-SOURCES.17-1 = DONE 2026-09-24; the 68 probe-error rows were each retried once at 2026-09-26T09:39:44Z with 0 recovered (40 link_rotted / 21 non_target / 7 unreachable, docs/build/reports/catalog_sweep_2026-09-26_retry.json); camreg_stalbert_ab is LOADABLE. The cell itself ends 'nothing actionable remains in this row'.",n,DONE 2026-09-26 (P31.13),none,already-done(P26.16 + D-SOURCES.17-1 DONE 2026-09-24 + catalog_sweep_2026-09-26_retry.json 0/68 recovered),operator E4 S1=a (confirmation only),"python3 -c ""import json;print(json.load(open('docs/build/reports/catalog_sweep_2026-09-26_retry.json'))['counts'])"" ; uv run sig-connectors gate --source camreg_stalbert_ab (LOADABLE)","code/recorded-execution: retry artifact counts read 17:31Z; gate 17:2xZ; DEFERRALS.md:210, :247",Owed register 36 -> 35. Blocker class rights -> none. E4 NEW-2; A2 F-28.
D-FEDERAL.1-1,V,OPEN,"Structural fix proven 2026-09-22 (execution z99t7: +304, quota_reached, no SIGKILL). The weekly cron fired 2026-09-28T05:00:05Z (live schedule '0 5 1 * 1', which also fires on the 1st, next 2026-10-01T05:00Z). Run row 2026-09-28T05-03-16: outcome quota_reached, 11/30 requests, 330 claims emitted, 8 slices deferred. The same tail keywords (predictive policing, geofence, data broker, gunshot detection, real time crime center, body camera, video surveillance) were deferred on both hosted runs. Cause: the sweep restarts at keyword 0 every run. daily_request_budget = 30 >= 19 keywords, so the cursor path is unused, and the runner never sets sweep_cursor. Meanwhile the api.data.gov key allows only ~10-11 requests per day. The row's closure premise ('successive daily crons page the deferred slices') is false by construction. No hosted +0 count has been recorded.",y,OPEN,engineering,ticket(R11: make the SAM.gov sweep resume where the last run stopped - persist a rotating cursor across runs and set daily_request_budget to the measured quota; apply the repo cron '0 5 * * 1' live; record the hosted +0 count),"none (alternative: operator api.data.gov key-tier upgrade, HG-09)",after two post-fix weekly fires: gcloud storage cat --project zeta-medley-508121-u7 'gs://zeta-medley-508121-u7-sig-restricted/ops/runs/sam_gov/<date>/*.json' -> the union of fetched keywords covers all 19 and sweep_skipped differs run to run ; gcloud scheduler jobs describe sig-sched-sam-gov --location us-central1 --project zeta-medley-508121-u7 -> schedule '0 5 * * 1' ; read-only count of sam_gov procurement_notice claims before/after an unchanged re-run = +0,"live-read: gcloud scheduler describe (lastAttemptTime 2026-09-28T05:00:05Z) + run rows 2026-09-22/-28 (17:25Z); code: connectors/src/connectors/procurement.py:846-872 (sam_gov_sweep_plan), :1748 (cursor read), runner.py:958-966 (budget only), data/procurement_vocab.toml:603-640; ops/cadence.toml:315-321",Blocker class scheduled -> engineering. F1 NEW-1; G1 NEW-9 covers the live cron drift. Closes about two weeks after the fix lands.
D-R6.1-EVAL,F,OPEN,"The hosted half is done (P30.2). The first-principles re-derivation needs human labels, and none exist (HUMAN-H5 PENDING). The compensating control (a provisional disclosure on every 'resolved sites' surface) is contradicted live: /methodology/ shows P/R/F1 1.000 on a 'human-verified holdout' (A2 F-06; F2b NEW-3). E3: the 0.98 gate needs >=149 pairs per tier and passes only 22-43% of the time even at 99% true precision.",y,OPEN,human,human-marker(187 P32.23 - via the F4 re-entry of rows 184-187),D-R10-HUMAN-1; Q-24 (certify vs measure); Q-28,after P32.23: re-build_gold_set from the human holdout -> re-measure P/R/F1 + B-cubed + kappa -> a new ADR ; today: grep -n '^Status' docs/build/readouts/HUMAN-H5.md (PENDING),code: readout 17:28Z; recorded-execution: DEFERRALS.md:331; live-read: A2 F-06,"The /methodology/ wording fix (F-06) is independent and in reach now; it restores this row's compensating control. CURRENT.md still lands it on P31.18, which was never recreated (F-28)."
D-R7.1-AUTH,P,OPEN,"Not built, by design (ADR-100: no homegrown accounts; external-IdP OAuth is a deliberate later decision). No demonstrated demand, ratified moderation/safety plan or contributor-exposure threat model exists, and even the anonymous channel it would extend is absent live (A2 F-03). This is a future option, not owed work.",proposal,later-phase (leave the owed register),operator,later-phase(trigger: demonstrated demand beyond the vetted curator set + a ratified moderation/safety plan + a contributor-exposure threat model -> a new ADR + ticket),D-P32.16-1 (the anonymous channel must exist first),none until triggered,code/doc: DEFERRALS.md:332; ADR-100; live-read: A2 F-03,
D-R7.2-SEND,P,OPEN,"records_requests_sent is hard-coded 0 (tasks/src/tasks/detect.py:263) and there is no transmit path. Hosted had records_request = 0 and 1 drafted research_task (P30.4, 2026-09-24; not re-queried). The operator can be the consenting filer outside the six residents-only states (E3 R13, Q-E3-10).",y,OPEN,operator,"operator-action(Q-E3-10: the operator decides whether to act as the consenting filer for non-residency-restricted jurisdictions; if not, later-phase(trigger: a consenting residency-valid filer))",Q-E3-10,a filed request is recorded via uv run sig-tasks records-outcomes record (BL-028) ; grep -n records_requests_sent tasks/src/tasks/detect.py stays 0 (never auto-send),code: tasks/src/tasks/detect.py:263 (read 17:28Z); E3 R13,1-4 h per request; MuckRock $0-20.
D-P30.2b-1,F,OPEN,"The engineering is shipped: the P31.10 review surface with seeded sample camsite-r10-seed-round10-v1 (400 items) and the P31.11 decision->clustering wiring. Hosted had 11,625 pending and 0 camera-site decisions (recorded by P31.10; F1 did not re-query). The curation app is loopback-only; Track 0.2 removed only the public /curate/ copy. The operator may make operational accept/reject decisions (E3 R12: 50-100 items is about 2-8 h).",y,OPEN,human,operator-action(the operator curates >=50-100 items of camsite-r10-seed-round10-v1 in the loopback app; then an R11 hosted verify leg: the next camera-site run shows human edges and N drops),operator time (Q-E3-1); operational decisions are never reused as reference labels,"next hosted camera_site_run.summary.human_review shows accepts/rejects > 0; an accepted pair clusters (N drops by one), a rejected one never clusters; re-run +0",recorded-execution: DEFERRALS.md:388 (P31.10/P31.11 cells); E3 R12,In reach without recruiting.
D-P30.2b-2,F,OPEN,"The device-kind/place soft conflict must be derived from training data and measured on a NEW frozen human holdout. No holdout exists (the P32.10 path is ready; 0 labels). Section (f3) labels the row engineering, but its binding blocker is the human holdout.",y,OPEN,human,human-marker(186 HUMAN-H5 -> 187 P32.23 via F4),D-R10-HUMAN-1,a rules-v3 soft conflict measured on the new frozen holdout; tier-3g precision re-measured >= 0.98 (resolution/evaluator.py report),recorded-execution: DEFERRALS.md:389,Blocker class engineering -> human. CURRENT.md lands it on P31.18 (F-28).
D-P31.4-1,V,OPEN,"Schedule intact at 17:24Z: sig-sched-camreg-batch-05 '35 3 10 * *' Etc/UTC, ENABLED, scheduleTime 2026-10-10T03:35:00Z, no lastAttemptTime. The job is pinned to sig-api@sha256:feff986c..., timeout 129600 s, maxRetries 0. Its last execution (tjqdq, 2026-09-23T22:25Z -> 09-24T03:35Z) succeeded. No camreg_osm_surveillance/2026-10-10/ prefix exists (dirs: 09-19, 09-23, 09-24, 09-25). Nothing has changed since 2026-09-28. Hazard (B1 NEW-4): future-dated memory (10-19...10-21) makes the replay look overdue. The pinned image lacks P31.7 re-sighting recording (G1 section 3.3, inference).",y,OPEN until read back,scheduled,"live-return-pass(P31.4 - read-only read-back after the 2026-10-10T03:35Z fire, per the G1 section 3.7 watch plan)",date -u >= 2026-10-10T03:35Z AND the scheduler's lastAttemptTime is set (B1 NEW-4 guard); ideally the R11 wave-1 ops tickets land first (G1 QA-3/4/5 alerts to the operator; QA-9 restore drill),"gcloud scheduler jobs describe sig-sched-camreg-batch-05 --location us-central1 --project zeta-medley-508121-u7 --format='value(lastAttemptTime,status)' ; gcloud run jobs executions list --job sig-ingest-camreg-batch-05 --region us-central1 --project zeta-medley-508121-u7 ; gcloud storage cat --project zeta-medley-508121-u7 'gs://zeta-medley-508121-u7-sig-restricted/ops/runs/camreg_osm_surveillance/2026-10-10/*.json' (outcome ok/partial, fetches 158 or resumed entries, claims_added ~1.37M, well under 1 h) + an ingest_run_completion row + n_tup_upd/n_tup_del 0",live-read: gcloud scheduler/run describe + executions list + gcloud storage ls (17:24-17:25Z); B1 section 7.1; G1 section 3.7,Never re-execute or roll back because a 10-10 prefix is missing before the fire. The re-sighting gap on feff986c should be disclosed in the read-back.
D-R10-HUMAN-1,P,OPEN,"The HUMAN-H4/H5 readouts read 'Status: PENDING. No human work or approval is asserted.' Tooling is tooling_ready (P32.9/P32.10) with 0 attestations and 0 labels. External reviewers cannot take part today: each needs a PG login and must hand-edit JSON workbooks, and sig-pg has 0 authorized networks (E3 NEW-2). The dossiers under review are stand-ins (E3 NEW-3), and the H4 frame needs P32.22's repaired snapshot (D-R10-LIVE-1). E3 estimates 145-375 h over 3-5 months, with >=2 independent labelers and 1 independent semantic reviewer.",y,OPEN,human,"human-marker(184 HUMAN-H4 -> 185 P32.22a -> 186 HUMAN-H5 -> 187 P32.23, re-entered per F4)",D-R10-LIVE-1 (snapshot); an R11 reviewer-UI / credentialed-import ticket (E3 NEW-2); D-P32.18/19/20-1 live captures (dossier review); Q-24/Q-25/Q-28,implement-spec spec=docs/tickets/184_HUMAN-H4__human-development-and-dossier-review.md (orchestrator pauses; operator records the readouts) -> 185 -> 186 -> 187 ; today: grep -n '^Status' docs/build/readouts/HUMAN-H4.md docs/build/readouts/HUMAN-H5.md,"code: readouts read 17:28Z; E3 sections 0, 5, 7",Not in reach without recruiting (Q-28).
D-R10-SOURCES-1,P,OPEN,"27 live-target rows sit across four return passes, all prepared_not_executed with approval_refs []. dossier_okc/_tulsa/_san_diego are REFUSED (gate 17:2xZ). 4 targets ride existing green sources (E4 B5). The other 23 need a rights basis (B1) and Part VIII screening (B2, all not_assessed). 5 target URLs diverge from the research record and 7 appear in none (E4 NEW-7, likely stand-in URLs). The pilot return pass names SRC-010 Sourcewell (E4 NEW-8). The pilot families have no registry rows (B6).",y,OPEN,rights,"operator-action(E4 B1-B6 batch decision, after an R11 prep ticket reconciles the target URLs, fixes the pilot return pass, drafts the Part VIII screens and the 3 registry rows)","R11 prep ticket (E4 NEW-7/NEW-8, Part VIII screening packets); Q-19","uv run sig-tasks acquisition check ; uv run sig-tasks acquisition pilot-check (0 violations) ; uv run sig-connectors gate --source dossier_okc (and _tulsa, _san_diego) -> LOADABLE ; the return passes gain approval_refs","recorded-execution: gate 17:2xZ; code: four return-pass JSONs (status, approval_refs) read 17:28Z; E4 section 4",Legs: D-P32.18/19/20/21-1. Operator-fillable (E3 R9: ~0.5-1.5 h per target).
D-R10-LIVE-1,V,OPEN,"Not executed. No hosted evidence-audit, recovery or freeze job or execution exists: Cloud Run jobs list at 17:30Z has no name matching recover|audit|candidate|release|eval|intake|freeze. The p32.22 LIVE_RETURN_PASS.json is prepared_not_executed with approval_refs []. Sqitch L44-52 (including recovery_apply) are very likely undeployed on hosted (B1 section 5.7, Q-B1-1). Stage-P prerequisites: deletion protection is off and a restore has never been drilled at scale (G1-03/04); the release_candidate constants carry false 2026-10-19 dates (B1 section 5.4).",y,OPEN,live-execution,"live-return-pass(183 P32.22 live_verification=true, as an R11 activation ticket with the operator's go on scope, ceilings and pinned inputs)","R11 wave-1 ops tickets (QA-1 deletion protection, QA-9 restore drill); hosted sqitch deploy of L44-52 (Q-B1-1) after D-P32.10a-1; B1 date-constant fix; the operator's go (section 7.1: production work as R11 tickets)",uv run sig-ops evidence-audit --dsn $SIG_HOSTED_DSN --capture-dir <OCFL root> --out <live-audit>/ -> sig-ops recovery-plan --audit <live-audit>/audit_report.json --out <live-audit>/ -> sig-ops recovery-apply ... --apply --execution-id <id> --authority <op-ref> --verify-rerun --rematerialize -> sig-ops recovery-freeze ... ; ceilings in docs/build/reports/p32.22-bounded-recovery/LIVE_RETURN_PASS.json; +0 re-run,live-read: gcloud run jobs list (17:30Z); code: return-pass JSON status read 17:28Z; B1 section 5.7; G1 risk table,"Realistic in Round 11 (engineering + operator go, no recruiting). HUMAN-H5/P32.23 is needed only for a *final* candidate."
D-R10-PUBLISH-1,P,OPEN,"No Round-10 exposure is live: /releases/, /research-dossier/, /intake/ and /intake/new all return 404 (17:27Z). sig-api runs sig-api@sha256:40a47da8... (revision sig-api-00011-wic, 2026-09-25) with the 18 pre-Round-10 paths. GATE-G3's release-exposure half was signed over p-17b713..., which holds 0 records and carries false dates (B1 recommends superseding it, Q-12). That signature therefore cannot carry a production candidate.",y,OPEN (annotate: the G3 exposure signature binds a superseded artifact),operator,"live-return-pass(191 P32.25 live_verification=true over a NEW hosted candidate, after a candidate-specific operator readout (HG-11))",D-R10-LIVE-1 -> D-P32.23a-1 -> new candidate readout (operator); the intake half needs D-P32.16-1; Q-9 (which Round-10 features ship); Q-12,per section (f3) + docs/build/reports/p32.25-accepted-release-verification/LIVE_RETURN_PASS.json rollback cases ; curl -s -o /dev/null -w '%{http_code}' https://surveillancegraph.org/releases/ -> 200 with the new publication id ; unauthenticated production probes + live origin/cache rollback proof,"live-read: curl 404s (17:27Z), sig-api openapi.json + gcloud run services describe sig-api (17:27Z); B1 section 5.8",
D-R10-MEMORY-1,H,OPEN,"The shadow tools pass today: obligation_events.py check -> 'green - 97 events (0 transitions)'; current_projection.py verify -> 'fresh - 546 input digests match'. But the log they validate was regenerated three times, 8 e0 anchors were mutated in place (B2 section 5.1), every recorded_at is future-dated 2026-10-21 (B1 NEW-7), and no transition has ever been recorded. A cutover now would enforce a single-writer protocol over falsified history. The skill entry points are out-of-repo (Q-13).",y,OPEN,engineering,"ticket(R11 memory repair: append-only corrections + e1 transition events (B2 section 5.1), a date-sanity guard (B1/B4), then the entry-point cutover at an operator-approved boundary per CLOSEOUT_WRITER_PROTOCOL.md contract/patch/1..3)","B3/B4 designs; Q-13 (skill changes), Q-14 (placement); operator approval of the boundary",python3 docs/build/tools/obligation_events.py check ; python3 docs/build/tools/current_projection.py verify (fresh post-cutover) ; the B2 check-append-only guard green on the repair PR ; every appended event has recorded_at <= its commit date,recorded-execution: both tools run 17:28Z; B2 section 5.1; B1 NEW-7,Blocker class operator -> engineering (the approval is moot until the log is repaired).
D-R10-USERS-1,P,OPEN,"No participants and no sessions: USABILITY_SESSIONS.json is absent (only USABILITY_TASK_PROTOCOL.md is in docs/build/reports/p32.24-investigation-journey-verification/). The protocol targets staged synthetic releases, not the live site (E3 NEW-5). Participants must be independent (E3 R8: 5 participants, 5-6 h; moderator 13.5-23 h).",y,OPEN,human,human-marker(a new R11 usability row after recruiting; the protocol re-targeted at the live site),"Q-28 (recruiting authority); Q-E3-2 (cash, $0-940 incentives)",USABILITY_SESSIONS.json lands ; implement-spec spec=docs/tickets/189_P32.24__investigation-journey-verification.md re-evaluates UX.independent_sessions,code: ls of the p32.24 report dir (17:28Z); E3 R8/NEW-5,Not in reach without recruiting.
D-P32.3-1,P,OPEN,"partner-name-audit exists (resolution/src/resolution/cli.py:492, :1372) but has never run against hosted (P32.3 ran with live_verification=false), so the number of legacy sig.org.name keys, and the effort, is unmeasured (E3 NEW-7: 1.7-42 h). F1 ran no hosted DB query (no credential path used). The live API already labels a flagged partner org by name (see D-P31.5-2 in the closed-row table).",y,OPEN,human,"operator-action(the operator records keep/split/same_as for every legacy sig.org.name key, after an R11 read-only hosted partner-name-audit run sizes N)",R11 ticket: a hosted read-only partner-name-audit run,uv run sig-resolution partner-name-audit --dsn $SIG_HOSTED_DSN -> split_keys exposure reviewed to 0 and every key carries a same_as/distinct/keep record,code: resolution/src/resolution/cli.py:1372; E3 R11/NEW-7,"Operator-fillable, no recruiting (E3 section 6)."
D-P32.10a-1,V,OPEN,"Still present: db/verify/shared_temporal_contract.sql:30 asserts count(*) = 27, and publication_dispositions adds a 28th facet, so a whole-plan sqitch verify divides by zero. make check and make test-db do not see it (they only deploy). Hosted is unaffected until sqitch L44-52 deploys (B1 section 5.7). The 'maintainer decision' is a design choice an R11 ticket can record in an ADR; it is not a human gate.",y,OPEN,engineering,ticket(R11 sqitch hygiene: a sqitch rework or new change makes the watermark assertion count-derived; add a CI job running full sqitch verify + revert over a fully deployed PG18),must land before any hosted deploy of L44-52 that runs verify,sqitch verify over a fully deployed PG18 container exits 0 (today: ERROR division by zero at verify/shared_temporal_contract.sql:30),code: db/verify/shared_temporal_contract.sql:30 (read 17:28Z),F5 carries it. Blocker unchanged (engineering).
D-P32.16-1,P,OPEN,"ops/config.toml [intake]: operational = false (:84), owner = """" (:87), staffed = false (:89). The receiver is not deployed at all: /intake/ and /intake/new return 404 live (17:27Z). /dispute/ returns 200 and promises one-click correction with no channel (A2 F-03, S0). The operator can be the owner, but the 72 h SLA needs a backup or honest single-maintainer SLAs (E3 R10). Q-27/Q-29 are open.",y,OPEN,operator,"operator-action(Q-27/Q-29: name the intake owner, ratify retention, choose a backup or single-maintainer SLAs and the public contact alias; then an R11 ticket deploys the receiver)",the /dispute/ honesty fix (F-03) is independent and comes first; deployment rides D-R10-PUBLISH-1's intake half,ops/config.toml [intake] operational=true + a named owner + staffed=true in a reviewed change ; curl -s -o /dev/null -w '%{http_code}' https://surveillancegraph.org/intake/new -> 200 and a submitted report reaches the loopback moderation queue,code: ops/config.toml:84-89; live-read: curl (17:27Z),Operator-fillable (4-8 h setup + 2-4 h/week).
D-P32.16a-1,V,OPEN,"Still present: db/revert/extensions.sql:7 'DROP EXTENSION IF EXISTS postgis;' has no CASCADE, while postgis_topology/postgis_tiger_geocoder depend on postgis in the postgis image. make check and make test-db do not see it.",y,OPEN,engineering,"ticket(R11 sqitch hygiene: a new change that owns the teardown order, or a reworked revert, plus the full-revert CI job)",none (same ticket as D-P32.10a-1),sqitch revert over a fully deployed PG18 container exits 0 (today: cannot drop extension postgis at revert/extensions.sql:7),"code: db/revert/extensions.sql:7, db/deploy/extensions.sql:12 (read 17:28Z)",
D-P32.18-1,P,OPEN,"The return pass docs/build/reports/p32.18-okc-dossier/LIVE_RETURN_PASS.json is prepared_not_executed with approval_refs [] (read 17:28Z). The registry rows are REFUSED (gate 17:2xZ), and /research-dossier/ returns 404 live. OKC: O1/O3 URLs diverge from the research record and O2 is absent from it; O4-O6 ride green sources (E4 B5). The offline dossier states retrieval dates (2026-10-02) for stand-in documents (B1 NEW-3).",y,OPEN,rights,live-return-pass(179 P32.18 live_verification=true),D-R10-SOURCES-1 decisions (E4 B1/B2/B5) + URL reconciliation; B1 NEW-3 fixture-date fix,implement-spec spec=docs/tickets/179_P32.18__oklahoma-city-evidence-dossier.md live_verification=true ; the packet docs/build/reports/p32.18-okc-dossier/LIVE_RETURN_PASS.json gains approval_refs + captured digests ; uv run sig-tasks acquisition pilot-check,code: return-pass JSON (read 17:28Z); recorded-execution: gate 17:2xZ; live-read: /research-dossier/ 404 (17:27Z); E4 section 4.2,Blocker class live-execution -> rights: nothing can execute until the HG-03 decision exists.
D-P32.19-1,P,OPEN,"The return pass docs/build/reports/p32.19-tulsa-dossier/LIVE_RETURN_PASS.json is prepared_not_executed with approval_refs [] (read 17:28Z). The registry rows are REFUSED (gate 17:2xZ), and /research-dossier/ returns 404 live. Tulsa: T1-T3 and T6 are absent from the research record; T4/T5 match. The offline dossier carries stand-in replay dates (2026-10-01, B1 NEW-3).",y,OPEN,rights,live-return-pass(180 P32.19 live_verification=true),D-R10-SOURCES-1 decisions (E4 B1/B2/B5) + URL reconciliation; B1 NEW-3 fixture-date fix,implement-spec spec=docs/tickets/180_P32.19__tulsa-evidence-dossier.md live_verification=true ; the packet docs/build/reports/p32.19-tulsa-dossier/LIVE_RETURN_PASS.json gains approval_refs + captured digests ; uv run sig-tasks acquisition pilot-check,code: return-pass JSON (read 17:28Z); recorded-execution: gate 17:2xZ; live-read: /research-dossier/ 404 (17:27Z); E4 section 4.2,Blocker class live-execution -> rights: nothing can execute until the HG-03 decision exists.
D-P32.20-1,P,OPEN,"The return pass docs/build/reports/p32.20-san-diego-dossier/LIVE_RETURN_PASS.json is prepared_not_executed with approval_refs [] (read 17:28Z). The registry rows are REFUSED (gate 17:2xZ), and /research-dossier/ returns 404 live. San Diego: S1/S5/S7 URLs diverge and S6/S8 are absent from research. SRC-027 audit workbooks are prohibited_until_review (E4 B3). The ~16 MB PAB recommendation and the 403 ALPR Use Policy need a method decision (E4 B4).",y,OPEN,rights,live-return-pass(181 P32.20 live_verification=true),D-R10-SOURCES-1 decisions (E4 B1/B2/B5) + URL reconciliation; E4 B3 (SRC-027 metadata-only) + B4 (byte-bound / 403); B1 NEW-3 fixture-date fix,implement-spec spec=docs/tickets/181_P32.20__san-diego-evidence-dossier.md live_verification=true ; the packet docs/build/reports/p32.20-san-diego-dossier/LIVE_RETURN_PASS.json gains approval_refs + captured digests ; uv run sig-tasks acquisition pilot-check,code: return-pass JSON (read 17:28Z); recorded-execution: gate 17:2xZ; live-read: /research-dossier/ 404 (17:27Z); E4 section 4.2,Blocker class live-execution -> rights: nothing can execute until the HG-03 decision exists.
D-P32.21-1,P,OPEN,"The return pass docs/build/reports/p32.21-acquisition-pilot/ACQ_PILOT_RETURN_PASS.json is prepared_not_executed with approval_refs [] (read 17:28Z). The registry rows are REFUSED (gate 17:2xZ), and /research-dossier/ returns 404 live. Pilot: SRC-006/007/011 have no registry rows (E4 B6). bounded_questions names SRC-010 Sourcewell, which the pilot rejected (tasks/src/tasks/acquisition_pilot.py:1336, E4 NEW-8). P2 rides ok_statute.",y,OPEN,rights,live-return-pass(182 P32.21 live_verification=true),D-R10-SOURCES-1 decisions (E4 B1/B2/B5) + URL reconciliation; E4 B6 (3 registry rows) + the NEW-8 fix; B1 NEW-3 fixture-date fix,implement-spec spec=docs/tickets/182_P32.21__source-pilot-and-maintenance-decision.md live_verification=true ; the packet docs/build/reports/p32.21-acquisition-pilot/ACQ_PILOT_RETURN_PASS.json gains approval_refs + captured digests ; uv run sig-tasks acquisition pilot-check,code: return-pass JSON (read 17:28Z); recorded-execution: gate 17:2xZ; live-read: /research-dossier/ 404 (17:27Z); E4 section 4.2,Blocker class live-execution -> rights: nothing can execute until the HG-03 decision exists.
D-P32.23a-1,P,OPEN,"Not executed. p32.23a LIVE_RETURN_PASS.json is prepared_not_executed. The staged fixture candidate p-17b713... holds 0 records and embeds false 2026-10-19 dates in its id and as-of (A2 F-15, B1 NEW-2). B1 recommends superseding it (Q-12) and building the production candidate with corrected constants.",y,OPEN,live-execution,"live-return-pass(188 P32.23a live_verification=true over the hosted repaired snapshot, with corrected date constants)",D-R10-LIVE-1; B1 section 5.4/5.8 constant fix; Q-12,"sig-ops release-candidate --dsn $SIG_HOSTED_DSN --snapshot .../REPAIRED_SNAPSHOT.json ... -> CANDIDATE_MANIFEST.json validates (consistent, materialization.plus_zero, complete, pointer_unchanged: true, published: false); hosted latest.json byte-identical before/after",code: docs/build/reports/p32.23a-release-candidate/LIVE_RETURN_PASS.json (read 17:28Z); A2 F-15; B1 NEW-2,
