query_id,engine_or_tool,query_or_url,run_at,hits_kept,notes
I9a-Q001,WebSearch,"""camera registry"" program police department site:.gov register your security camera",2026-09-30T18:59:45Z,5,"cell=I3-T06-C05-G0; new=2; dup=0; 10 results, all municipal registry programme pages (Pinole CA, Scottsdale AZ CamerEyes, Calistoga CA, Lafayette IN, Zionsville IN, North Park UT?, Batavia NY SafeCam, Dayton MN, CrimeWatch l/139979 = I3-C047 family); pages checked against registry: none registered; family row I9a-C001 + targets I9a-C004/C005/C007/C008/C009; fetch F003 exposed the Polaris cameraregistry.net platform (I9a-C002)"
I9a-Q002,WebSearch,"""Connect"" fusus camera registration ""real time crime center"" sheriff register integrate cameras",2026-09-30T18:59:45Z,1,"cell=I3-T06-C01-G0; new=1; dup=0; Connect Shawnee County, Connect Greenville County (2026-05-28), connect.volusiasheriff.gov, Connect Orange County (ocso.com/coc), Connect COS, Connect Sumner; agency-hosted white-label Axon Fusus registry sites -> I9a-C003 (related:axon_community_connect); journalism results are leads only"
I9a-Q003,WebSearch,"""Project Green Light"" partners list OR ""SafeCam"" program police camera registration city",2026-09-30T18:59:45Z,1,"cell=I3-T06-C05-G0; new=0; dup=1; Detroit PGL (dup: I3-C061 related); Dallas PGL council memo 2018 (dallas.gov PDF, lead); SafeCam pages Richfield MN (403), Edina MN, Minneapolis, Fridley, Batavia NY, Lawrence MA; Philadelphia SafeCam >4,000 systems per CBS (journalism lead) -> SafeCam pages folded into family I9a-C001 as a naming variant (members, not new)"
I9a-Q004,WebSearch,"Ring Neighbors ""Community Requests"" Axon Evidence agencies list police departments participating",2026-09-30T18:59:45Z,0,cell=I3-T06-C01-G0; new=0; dup=0; only Ring blog/support pages: mechanism (Verified agencies + Axon Evidence users) but no public agency list; negative for an agency-list channel
I9a-F001,urllib-get,https://scottsdaleaz.gov/police/services/security-camera-registration,2026-09-30T19:00:28Z,0,cell=I3-T06-C05-G0; cand=I9a-C001; status=403; sha256=2e69151c392d; host stopped (R4)
I9a-F002,urllib-get,https://www.lafayette.in.gov/2043/Camera-Registration,2026-09-30T19:00:29Z,1,cell=I3-T06-C05-G0; cand=I9a-C004; status=200; sha256=12a6bc9a25c6; registration routed to cityprotect.com/camera-registration (Motorola CrimeReports/CityProtect)
I9a-F003,urllib-get,https://www.zionsville-in.gov/762/Camera-Registry,2026-09-30T19:00:31Z,1,cell=I3-T06-C05-G0; cand=I9a-C005;I9a-C002; status=200; sha256=c9ed7b6b8a18; registration routed to polaris.cameraregistry.net (third-party registry platform)
I9a-F004,urllib-get,https://connect.volusiasheriff.gov/faqs,2026-09-30T19:00:32Z,1,cell=I3-T06-C01-G0; cand=I9a-C003; status=200; sha256=e5c502564617; redirect to /privacy-faqs/; unrendered template ({{ org }}) of an Axon Fusus registry site; tabs Camera Registration / Camera Integration
I9a-F005,urllib-get,https://www.ocso.com/coc,2026-09-30T19:00:35Z,0,cell=I3-T06-C01-G0; cand=I9a-C003; status=403; sha256=f90420f0d7ba; host stopped (R4)
I9a-F006,urllib-get,https://richfieldmn.gov/departments/public_safety/police_department/administrative_division/crime_prevention/safecam_program.php,2026-09-30T19:00:36Z,0,cell=I3-T06-C05-G0; cand=I9a-C001; status=403; sha256=d8b5cf32eab3; host stopped (R4)
I9a-F007,urllib-get,https://www.calistogaca.gov/Services/Police/Police-and-Public-Safety-Updates/Voluntary-Security-Camera-Registry,2026-09-30T19:00:38Z,1,cell=I3-T06-C05-G0; cand=I9a-C001; status=200; sha256=6cc10f3e2bf5; confidential list; programme-level facts only
I9a-F008,urllib-get,https://polaris.cameraregistry.net/,2026-09-30T19:01:25Z,1,cell=I3-T06-C05-G0; cand=I9a-C002; status=403; sha256=7f656e253757; body is a default Apache test page (platform root not public); host stopped (R4)
I9a-F009,urllib-get,https://www.edinamn.gov/1901/SafeCam---Register-Your-Surveillance-Cam,2026-09-30T19:01:26Z,0,"cell=I3-T06-C05-G0; cand=I9a-C001; status=403; sha256=32dc92c8ad08; Cloudflare 'banned based on browser signature'; host stopped (R4), no UA change"
I9a-F010,urllib-get,https://www.pinole.gov/?p=42666,2026-09-30T19:01:27Z,1,cell=I3-T06-C05-G0; cand=I9a-C008; status=200; sha256=76e98277609c; redirect to /services/security-camera-registry/
I9a-F011,urllib-get,https://www.daytonmn.gov/departments/police/resident_camera_registry.php,2026-09-30T19:01:30Z,1,cell=I3-T06-C05-G0; cand=I9a-C009; status=200; sha256=a623b5dfc095
I9a-Q005,WebSearch,"""cameraregistry.net"" police camera registry",2026-09-30T19:01:43Z,1,"cell=I3-T06-C05-G0; new=0; dup=1; platform already captured (I9a-C002); more members: Narragansett RI (tier-A) FAQ PDF, Aberdeen NJ, Summerset SD, Fairview Twp PA (CrimeWatch = I3-C047), Binghamton NY (Atlas row), SJPD archive-and-mapping (journalism), Milan IT (out-of-cell -> I5 GI2); family members only"
I9a-Q006,WebSearch,"Genetec Clearance ""camera registry"" police residents businesses register cameras city",2026-09-30T19:01:43Z,1,"cell=I3-T06-C01-G0; new=1; dup=0; vendor registry module (Genetec Clearance, 2021 press release); no customer list in results -> I9a-C010 LEAD-ONLY"
I9a-Q007,WebSearch,"Ring Flock Safety partnership ""Community Requests"" police agencies Nova 2025",2026-09-30T19:01:43Z,0,"cell=I3-T06-C01-G0; new=0; dup=0; snippets: Ring-Flock Community Requests integration announced Oct 2025, reported cancelled Feb 2026 (journalism leads, unfetched); no agency list; negative for a listing channel"
I9a-Q008,WebSearch,"city ordinance requires businesses security cameras connected police real-time crime center mandatory ""green light"" 2024 2025",2026-09-30T19:01:43Z,0,cell=I3-T06-C05-G0; new=0; dup=1; only Detroit 2017-18 PGL mandate coverage (Detroit PGL already I3-C061)
I9a-F012,urllib-get,https://www.narragansettri.gov/DocumentCenter/View/17317,2026-09-30T19:02:01Z,1,"cell=I3-T06-C05-G0; cand=I9a-C006; status=200; sha256=318a66b7fdf3; 'Polaris - CameraKit - FAQs (Dec 2022)' PDF; registrant data fields named (name, address, phone) = C3; no values read"
I9a-F013,urllib-get,https://www.genetec.com/products/operations/clearance/camera-registry,2026-09-30T19:02:03Z,0,cell=I3-T06-C01-G0; cand=I9a-C010; status=403; sha256=49ba428cdbe0; host stopped (R4)
I9a-F014,urllib-get,https://blog.ring.com/?p=7674,2026-09-30T19:02:04Z,0,cell=I3-T06-C01-G0; cand=none; status=403; sha256=32f2fa940d4b; host stopped (R4)
I9a-L001,local:docs/build/logs/next-phase/I3/raw/namsdl_2025.pdf,regex over LAPPA 2025 ALPR summary for posting/reporting duties (website|publicly post|publish|annual report|report to the),2026-09-30T19:03:28Z,0,"cell=I3-T01-C05-GS; file=docs/build/logs/next-phase/I3/raw/namsdl_2025.pdf; sha256=34814c0df94d; inventory-first shortlist: posting duties CA 1798.90.51, NE 60-3206, UT 41-6a-2003, MN 13.824 (BCA list); reporting duties AL ACJIC 265-X-6-.10, NH Saf-C 7204.01, OK DAC (UVED) annual report, VT 23 VSA 1607, VA 2.2-5517"
I9a-Q009,WebSearch,"Nebraska ""license plate reader"" annual report ""Crime Commission"" police department policy posted website 60-3206",2026-09-30T19:03:28Z,1,"cell=I3-T01-C04-GS; new=1; dup=0; item=NE; outcome=found; ncc.nebraska.gov hosts per-agency ALPR reports (Bellevue, Lincoln, Omaha, Papillion, Lexington PD, Buffalo County SO Flock + Vigilant) -> I9a-C011"
I9a-Q010,WebSearch,"Utah ""41-6a-2003"" automatic license plate reader policy posted ""Utah Public Notice""",2026-09-30T19:03:28Z,1,"cell=I3-T01-C05-GS; new=1; dup=0; item=UT; outcome=found; posted ALPR policies: UT MVED 422, Utah County SO 426, Wasatch SO 427, Herriman, Spanish Fork, Springdale, Emery County, Kaysville plate-reader page -> I9a-C013"
I9a-Q011,WebSearch,"Oklahoma District Attorneys Council ""Uninsured Vehicle Enforcement Diversion"" program annual report license plate readers",2026-09-30T19:03:28Z,0,"cell=I3-T01-C04-GS; new=0; dup=1; item=OK; outcome=found (same-as queue SRC-007 DAC-UVED; live_targets.toml:299 cites 47 O.S. 7-606.1); results were bills (SB359 2015-16, SB1392 2023-24) and journalism; DAC annual report itself not surfaced"
I9a-Q012,WebSearch,"Vermont Department of Public Safety ""automated license plate recognition"" annual report legislature January 15 1607",2026-09-30T19:03:28Z,1,cell=I3-T01-C04-GS; new=1; dup=0; item=VT (tier A); outcome=found; DPS 23 VSA 1607 annual reports 2014-2021 in legislature.vermont.gov repository -> I9a-C012
I9a-Q013,WebSearch,"""1798.90.51"" ""usage and privacy policy"" ""license plate"" police department site:.gov",2026-09-30T19:03:28Z,1,"cell=I3-T01-C05-GS; new=1; dup=0; item=CA; outcome=found; 9 posted SB 34 policies (San Bruno, Livermore, Manhattan Beach, Riverside SO, El Cajon, Montclair, Mountain View, Palm Springs, Newport Beach) -> family I9a-C014"
I9a-F015,urllib-get,https://ncc.nebraska.gov/sites/default/files/Bellevue%20PD%202024%20ALPR%20Report.pdf,2026-09-30T19:03:53Z,0,"cell=I3-T01-C04-GS; cand=I9a-C011; status=ERR DNS (nodename not known); sha256=e3b0c44298fc (empty); local resolver failure, not a refusal (same class as I3 NE DNS failure)"
I9a-F016,urllib-get,https://legislature.vermont.gov/assets/Legislative-Reports/2019-ALPR-Report.pdf,2026-09-30T19:04:24Z,1,cell=I3-T01-C04-GS; cand=I9a-C012; status=200; sha256=0cd1410ea981
I9a-F017,urllib-get,https://sheriff.utahcounty.gov/forms/policies/426-Automated_License_Plate_Readers__(ALPRs).pdf,2026-09-30T19:04:25Z,1,cell=I3-T01-C05-GS; cand=I9a-C013; status=200; sha256=bd6cc6a03d8e; Lexipol-template policy 426
I9a-F018,urllib-get,https://www.sanbruno.ca.gov/DocumentCenter/View/1315,2026-09-30T19:04:27Z,1,cell=I3-T01-C05-GS; cand=I9a-C014; status=200; sha256=159d9a47fa72; Lexipol-template policy 427
I9a-F019,WebFetch,https://ncc.nebraska.gov/sites/default/files/Bellevue%20PD%202024%20ALPR%20Report.pdf,2026-09-30T19:06:23Z,1,cell=I3-T01-C04-GS; cand=I9a-C011; status=200 (tool); run_at=upper bound (date -u after the call; issued after 19:04:27Z); sha256=34f7f462389c (tool-saved binary); first attempt via a different network path after a DNS failure (not a refusal); fillable form 'ALPR Privacy Act Data Collection' (60-3206(3)(a)): list names + confirmed/non-correlated match counts; aggregate only; PDF metadata carries a staff author name (not copied)
I9a-F020,WebFetch,https://ncc.nebraska.gov/,2026-09-30T19:06:23Z,0,cell=I3-T01-C04-GS; cand=I9a-C011; status=200 (tool); run_at=upper bound (date -u after the call; issued after 19:04:27Z); sha256=n/a (WebFetch summary); link to /automatic-license-plate-reader-resources; no terms text on page
I9a-F021,WebFetch,https://ncc.nebraska.gov/automatic-license-plate-reader-resources,2026-09-30T19:06:23Z,1,"cell=I3-T01-C04-GS; cand=I9a-C011; status=200 (tool); run_at=upper bound (date -u after the call; issued after 19:04:27Z); sha256=n/a (WebFetch summary); 89 reports, ~29 agencies incl. NSP, 2018-2026; 'ALPR Data Collection Template'"
I9a-Q014,WebSearch,"""license plate reader"" law ""signed into law"" 2026 governor restricts sharing immigration state",2026-09-30T19:08:19Z,3,"cell=I3-T01-C11-GS; new=3; dup=0; post-LAPPA (Sept 2025) enactments: WA SB 6002 (2026-03-30), CT (Lamont), NM (Lujan Grisham), OR (lawmakers approve); journalism = leads; origins fetched F026-F029 -> I9a-C015..C018; item=WA/NM/OR/CT; outcome=found"
I9a-Q015,WebSearch,"Illinois State Police ""Expressway Camera"" annual report license plate readers General Assembly",2026-09-30T19:08:19Z,1,cell=I3-T01-C04-GS; new=1; dup=0; item=IL; outcome=found; ISP ALPR annual reports FY2023-FY2026 + ALPR Transparency Page -> I9a-C019
I9a-Q016,WebSearch,"Alabama Criminal Justice Information Center ""license plate reader"" rules 265-X-6 annual report audit agencies",2026-09-30T19:08:19Z,1,"cell=I3-T01-C04-GS; new=1; dup=0; item=AL; outcome=found (duty lead); Ala. Admin. Code ch. 265-X-6 (State LPR Registry, audit, annual report to the Commission) -> I9a-C020 LEAD-ONLY"
I9a-Q017,WebSearch,"""real-time crime center"" ""camera integration"" program businesses share live video police sign up Genetec OR Verkada OR Milestone city",2026-09-30T19:08:19Z,0,"cell=I3-T06-C01-G0; new=0; dup=0; more Axon Fusus 'Connect' members (Spokane County Connect WA, CameraConnect DC, Connect Memphis TN, Connect Little Rock AR [tier A, journalism lead], Rocky Mount NC Business Camera Program, Columbus GA) -> members of channel I9a-C003, not new; no Genetec/Verkada/Milestone programme surfaced (negative)"
I9a-F022,urllib-get,https://isp.illinois.gov/CriminalInvestigations/TransparencyPage,2026-09-30T19:08:43Z,1,cell=I3-T01-C04-GS; cand=I9a-C019; status=200; sha256=c9288f1a7044
I9a-F023,urllib-get,https://isp.illinois.gov/StaticFiles/docs/DII/FY26%20ALPR%20Annual%20Report-signed.pdf,2026-09-30T19:08:45Z,1,cell=I3-T01-C04-GS; cand=I9a-C019; status=200; sha256=0e1a9048c1b9; per-county installation tables FY23-FY26
I9a-F024,urllib-get,https://admincode.legislature.state.al.us/api/chapter/265-X-6,2026-09-30T19:08:46Z,1,cell=I3-T01-C04-GS; cand=I9a-C020; status=200; sha256=a75da5a8f142; PDF of chapter 265-X-6 (rules effective 2022-03-17); rule author name not copied
I9a-F025,urllib-get,https://www.spokanecounty.gov/5465/Spokane-County-Connect-Program,2026-09-30T19:08:47Z,0,cell=I3-T06-C01-G0; cand=I9a-C003; status=403; sha256=0e8206062414; host stopped (R4)
I9a-F026,urllib-get,https://app.leg.wa.gov/billsummary?BillNumber=6002&Year=2026&Initiative=false,2026-09-30T19:09:02Z,1,"cell=I3-T01-C11-GS; cand=I9a-C015; status=200; sha256=e8917f39e0d1; ESSB 6002 'Concerning driver privacy protections', Governor signed Mar 30, Chapter 239 2026 Laws, effective 3/30/2026"
I9a-Q018,WebSearch,Connecticut public act automated license plate recognition out-of-state immigration sharing Lamont signed bill number cga.ct.gov,2026-09-30T19:09:06Z,1,cell=I3-T01-C11-GS; new=0; dup=1; item=CT; outcome=found; sHB 5449 (2026) 'An Act Concerning Automated License Plate Reader Systems'; PA 26-14 per snippets (lead); CT Mirror 2026-08-31 and school-bus LPR journalism (leads); counted with Q014's CT item
I9a-Q019,WebSearch,New Mexico 2026 license plate reader bill signed Lujan Grisham nmlegis SB OR HB automatic license plate,2026-09-30T19:09:06Z,1,cell=I3-T01-C11-GS; new=0; dup=1; item=NM; outcome=found; SB 40 (2026) confirmed at nmlegis (F028); counted with Q014's NM item
I9a-Q020,WebSearch,Oregon 2025 bill license plate reader data restrict sharing signed Kotek HB olis.oregonlegislature.gov,2026-09-30T19:09:06Z,1,cell=I3-T01-C11-GS; new=0; dup=1; item=OR; outcome=found; SB 1516 (2026 R1) confirmed at OLIS (F029); counted with Q014's OR item
I9a-F027,urllib-get,https://www.cga.ct.gov/asp/cgabillstatus/cgabillstatus.asp?selBillType=Bill&which_year=2026&bill_num=5449,2026-09-30T19:09:20Z,0,cell=I3-T01-C11-GS; cand=I9a-C018; status=ERR TLS certificate verify failed (local trust store); sha256=e3b0c44298fc (empty)
I9a-F028,urllib-get,https://www.nmlegis.gov/Legislation/Legislation?chamber=S&legType=B&legNo=40&year=26,2026-09-30T19:09:21Z,1,"cell=I3-T01-C11-GS; cand=I9a-C016; status=200; sha256=a63d023ad90a; 'DRIVER PRIVACY AND SAFETY ACT', Signed by Governor - Chapter 20 - Mar. 4"
I9a-F029,urllib-get,https://olis.oregonlegislature.gov/liz/2026R1/Measures/Overview/SB1516,2026-09-30T19:09:23Z,1,"cell=I3-T01-C11-GS; cand=I9a-C017; status=200; sha256=07b71c3a4d86; summary: restricts ALPR uses, 30-day retention, policies for ALPR vendor contracts, limits sharing with non-Oregon agencies"
I9a-F030,WebFetch,https://www.cga.ct.gov/asp/cgabillstatus/cgabillstatus.asp?selBillType=Bill&which_year=2026&bill_num=5449,2026-09-30T19:09:27Z,1,"cell=I3-T01-C11-GS; cand=I9a-C018; status=200 (tool); sha256=n/a (WebFetch summary); run_at=date -u immediately before the call; tool summary: title 'An Act Concerning Automated License Plate Reader Systems', substitute raised HB 5449; the summariser reported no PA number (conflicts with the PA 26-14 snippet; unresolved)"
I9a-Q021,WebSearch,"""CommandCentral Community"" camera registry police department register",2026-09-30T20:13:50Z,1,"cell=I3-T06-C01-G0; new=0; dup=0; no CommandCentral Community agency listing surfaced; results = municipal registry programme pages (Cincinnati [Axon Fusus], Rancho Cucamonga, Rockford Community Camera Network, Chesterfield MO, Delta, Caln Twp) + Atlas rows (Fairfield, Chamblee) = members of family I9a-C001 / channel I9a-C003 (not new); Cincinnati captured as target I9a-C021 (top-100 city)"
I9a-Q022,WebSearch,"""surveillance technology"" ordinance adopted city council 2025 OR 2026 annual surveillance report approval police",2026-09-30T20:13:50Z,1,"cell=I6-T00-C06-G0; new=1; dup=1; Austin TX TRUST Act resolution 2026 (new jurisdiction -> I9a-C022); Sebastopol CA Ord 1164 (2026 amendment of ch. 8.80; I6 not-reached item; F033 403); Seattle (dup ccops_seattle: Q2 2026 determination report, 2026 equity report)"
I9a-Q023,WebSearch,"""license plate reader"" bill 2026 signed governor Maryland OR Virginia OR Illinois OR Vermont OR Minnesota OR Colorado law data sharing",2026-09-30T20:13:50Z,0,"cell=I3-T01-C11-GS; new=0; dup=1; item=IL; outcome=negative (ISACo 2026-08-18 analysis F034: none of HB5151/SB3816/HB5231/SB3257 passed); VA 2025 HB2724 = dup I3-C041; WDBJ 2025-10 'VA 1 of 3 states that passed LPR laws this year' (journalism lead, unfetched); Landline article F035 challenge page"
I9a-Q024,WebSearch,"state law ""facial recognition"" police use enacted 2025 statute warrant requirement legislature signed",2026-09-30T20:13:50Z,1,"cell=I6-T00-C11-GS; new=1; dup=1; inventory: CDT/Tech Policy Press 2025-01-06 state FRT law status (15 states end-2024) -> I9a-C023; MD SB182/2024 = dup I4-C105; WA = dup I4-C100; MN SF1242 (2025, pending) and WV SB688 (2025 intro) leads; MT/UT warrant laws = per-state items"
I9a-F031,urllib-get,https://techpolicy.press/status-of-state-laws-on-facial-recognition-surveillance-continued-progress-and-smart-innovations,2026-09-30T20:14:31Z,1,"cell=I6-T00-C11-GS; cand=I9a-C023; status=200; sha256=274946bbdf8d; 15 states with police-FRT limits by end-2024 (OR, NH bodycam-only; AL, IL, MN, MA, NJ, VT; CO, MD, ME, MT, UT, VA, WA)"
I9a-F032,urllib-get,https://services.austintexas.gov/edims/document.cfm?id=466941,2026-09-30T20:14:33Z,1,"cell=I6-T00-C06-G0; cand=I9a-C022; status=200; sha256=3e5be96ed535; File ID 26-1072, Council backup 2026-02-05, TRUST Act resolution directing an ordinance by 2026-03-24"
I9a-F033,urllib-get,https://sebastopol.municipal.codes/enactments/Ord1164,2026-09-30T20:14:36Z,0,cell=I6-T00-C06-G0; cand=none; status=403; sha256=3e50b763398a; host stopped (R4)
I9a-F034,urllib-get,https://www.isacoil.org/Resources/1f0471fa-0108-4d64-b967-ebeae6d62873/ALPR%20Legislation%20-%202026.pdf,2026-09-30T20:14:37Z,0,"cell=I3-T01-C11-GS; cand=none; status=200; sha256=31c7253c600f; ISACo legislative analysis 2026-08-18: 4 IL ALPR bills, none passed (IL negative); sponsor names are legislators (institutional)"
I9a-F035,urllib-get,https://landline.media/states-pursue-rules-for-license-plate-readers/,2026-09-30T20:14:39Z,0,cell=I3-T01-C11-GS; cand=none; status=200 challenge page ('Please wait while your request is being verified'); sha256=de22e8ffad29; host stopped (R4)
I9a-F036,urllib-get,https://www.cincinnati-oh.gov/police/news/cpd-launches-voluntary-community-camera-registry/,2026-09-30T20:14:40Z,1,cell=I3-T06-C01-G0; cand=I9a-C021; status=200; sha256=203a81c51949; 2025-01-27 CPD 'Real-Time Crime Center in the Cloud' powered by Axon Fusus incl. camera registry
I9a-Q025,WebSearch,Urbana Illinois surveillance technology ordinance annual report police city council,2026-09-30T20:16:28Z,1,cell=I6-T00-C06-GP; new=1; dup=0; item=Urbana IL; outcome=found (journalism leads: ordinance approved 6-1 after ~20 months; use report + use policy 60 days before approval; annual report); origin fetch failed (F040 TLS) -> I9a-C029 LEAD-ONLY
I9a-Q026,WebSearch,"Northampton OR Lawrence OR Medford Massachusetts ""surveillance technology"" annual report city council ordinance police",2026-09-30T20:16:28Z,0,cell=I6-T00-C06-GP; new=0; dup=0; item=Northampton MA; outcome=negative (only the 2017 resolution R-17.396 F038 and a 2018 CBD fixed-camera ordinance per snippets; ecode360 F039 403; no annual report located); item=Lawrence MA; outcome=negative (nothing surfaced); item=Medford MA; outcome=negative (no reports surfaced; ordinance = dup I6-C013)
I9a-Q027,WebSearch,"city council passes surveillance oversight ordinance 2025 ""surveillance technology"" police approval Minneapolis OR Milwaukee OR ""Ann Arbor"" OR Evanston OR Durham",2026-09-30T20:16:28Z,0,cell=I6-T00-C06-G0; new=0; dup=1; Milwaukee CCOPS campaign 2025 (not passed; journalism lead); Minneapolis RT4 campaign (not passed); ACLU NorCal model ordinance; Restore the Fourth (dup I6-C012)
I9a-Q028,WebSearch,2026 legislative session license plate reader laws enacted states tracker list Washington Oregon Connecticut New Mexico Virginia,2026-09-30T20:16:28Z,2,"cell=I3-T01-C11-GS; new=2; dup=0; MultiState 2026-09-23 tracker article (F037) -> I9a-C030; new items KY HB 58 (2026) -> I9a-C024 and CT SB 397 = PA 26-14 -> I9a-C025 (corrects C018); leads: 2025 enactments AR, ID, VA (Stateline syndication 2025-10, unfetched); SC H4013 (2025-26) bill; FL/TX executive actions; MO EO"
I9a-F037,urllib-get,https://www.multistate.us/insider/2026/9/23/automatic-license-plate-readers-face-growing-state-restrictions-in-2026,2026-09-30T20:16:45Z,1,"cell=I3-T01-C11-GS; cand=I9a-C030; status=200; sha256=7b0f1096ab6d; 2026 enactments named: WA SB 6002, NM SB 40, KY HB 58, CT SB 397; FL + TX executive action; MO governor EO; IN/NV/OH/UT/VA to consider next session"
I9a-F038,urllib-get,https://www.northamptonma.gov/DocumentCenter/View/9831,2026-09-30T20:16:47Z,0,"cell=I6-T00-C06-GP; cand=none; status=200; sha256=019f1e6bde20; resolution R-17.396 (2017-09-21, amended 2017-10-19) opposing municipally operated surveillance cameras downtown; not a reporting instrument"
I9a-F039,urllib-get,https://ecode360.com/44639713,2026-09-30T20:16:48Z,0,cell=I6-T00-C06-GP; cand=none; status=403; sha256=d94fab0629bc; host stopped (R4)
I9a-F040,urllib-get,https://ipmnewsroom.org/urbana-enacts-ordinance-to-require-council-approval-for-use-of-surveillance-technology/,2026-09-30T20:16:49Z,0,cell=I6-T00-C06-GP; cand=I9a-C029; status=ERR TLS unexpected EOF; sha256=e3b0c44298fc (empty); not retried
I9a-F041,urllib-get,https://apps.legislature.ky.gov/record/26rs/hb58.html,2026-09-30T20:17:08Z,1,cell=I3-T01-C11-GS; cand=I9a-C024; status=200; sha256=cf3d256c6e7b; 'AN ACT relating to privacy protection'; last action 04/10/26 signed by Governor (Acts Ch. 71)
I9a-F042,WebFetch,https://www.cga.ct.gov/asp/cgabillstatus/cgabillstatus.asp?selBillType=Bill&which_year=2026&bill_num=397,2026-09-30T20:17:17Z,1,"cell=I3-T01-C11-GS; cand=I9a-C025; status=200 (tool); sha256=n/a (WebFetch summary); run_at=date -u immediately before the call; substitute raised SB 397 'AN ACT CONCERNING DEMOCRACY AND GOVERNMENT ACCOUNTABILITY AND THE USE AND RETENTION OF DATA DERIVED FROM AUTOMATED LICENSE PLATE READER SYSTEMS', Public Act No. 26-14, signed 5/4/2026"
I9a-Q029,WebSearch,Missouri Governor Kehoe executive order automatic license plate readers 2026,2026-09-30T20:17:17Z,1,"cell=I3-T01-C11-GS; new=1; dup=0; item=MO; outcome=found; EO 26-18 (2026-09-16) per governor.mo.gov (F043) -> I9a-C026; journalism leads (KCUR 2026-09-16/23, Hoodline): 30-day deletion, no FRT integration, no sale of data, DPS to set safeguards"
I9a-Q030,WebSearch,Florida Texas ban license plate reader cameras state roads right-of-way executive action September 2026 DeSantis Abbott Flock,2026-09-30T20:17:17Z,2,cell=I3-T01-C11-GS; new=2; dup=0; item=FL; outcome=found (FDOT memo EOM26-01 2026-08-31 -> I9a-C027); item=TX; outcome=found-lead (governor order 2026-08-28 on state funds for Flock; origin not fetched; Texas Tribune = journalism lead) ; EFF deeplink F044 cites IJ cancellation database -> I9a-C028 (out-of-cell->I3-T01-C14-G0)
I9a-F043,urllib-get,https://governor.mo.gov/actions/executive-orders?page=0,2026-09-30T20:17:40Z,1,cell=I3-T01-C11-GS; cand=I9a-C026; status=200; sha256=5b97bfa74b13; '09/16/2026 - Executive Order 26-18 - Gov. Mike Kehoe orders entities receiving state funding to implement minimum standards governing Automated License Plate Reader (ALPR) technology'
I9a-F044,urllib-get,https://www.eff.org/deeplinks/2026/09/texas-and-florida-step-back-alprs,2026-09-30T20:17:43Z,1,"cell=I3-T01-C11-GS; cand=I9a-C027;I9a-C028; status=200; sha256=1fc11cc86ebf; NGO account (lead-grade for the orders): TX order 2026-08-28; FDOT memo 2026-08-31 removal within 30 days, permits revoked; links to FDOT EOM26-01 PDF, Texas Tribune, IJ database"
I9a-F045,urllib-get,https://fdotwww.blob.core.windows.net/sitefinity/docs/default-source/design/bulletins/eom26-01.pdf,2026-09-30T20:17:51Z,1,"cell=I3-T01-C11-GS; cand=I9a-C027; status=200; sha256=3b6101be4f58; 1-page image-only PDF (17 embedded images, no text layer); not machine-readable here (no OCR); WebFetch also could not read it"
I9a-F046,urllib-get,https://www.sos.mo.gov/library/reference/orders/2026/eo18,2026-09-30T20:17:58Z,0,cell=I3-T01-C11-GS; cand=I9a-C026; status=403; sha256=1f415788f457; host stopped (R4)
I9a-F047,urllib-get,https://ij.org/institute-for-justice-unveils-new-database-tracking-cancelations-of-license-plate-reader-contracts/,2026-09-30T20:18:34Z,0,cell=I3-T01-C11-GS; cand=I9a-C028; status=403 (Cloudflare 1010 browser-signature ban); sha256=2b58dd87e35a; host stopped (R4); raw capture holds a network address - not copied
I9a-L002,local:docs/build/logs/next-phase/I3/raw/namsdl_2025.pdf,"page read pp.6-9 of LAPPA 2025 ALPR summary: applicability, audit, log and aggregate-report duty lists",2026-09-30T20:21:12Z,0,"cell=I3-T01-C04-GS; file=docs/build/logs/next-phase/I3/raw/namsdl_2025.pdf; sha256=34814c0df94d; run_at=upper bound (first date -u after the local op; op ran after 20:18:34Z); 23 states + DC + USVI regulate ALPR (Sept 2025); aggregate-report duty in 11 jurisdictions: AL, AR, CA, MD, NE, NH, NC, OK, VT, VA, USVI (p9 fn32); audit duty: AL, ID, MD, MN, MT, NC, VA, USVI (p8); remaining unverified report-duty items after I3+I9a: AR, NC (USVI = territory, I5 GT scope)"
I9a-Q031,WebSearch,"Arkansas ""12-12-1805"" automatic license plate reader report OR Arkansas State Police ALPR annual report legislature",2026-09-30T20:21:12Z,1,"cell=I3-T01-C04-GS; new=1; dup=0; item=AR (tier A); outcome=found (duty; no published statistics located): ArDOT 12 CAR 150 Arkansas Highway Police LPR rules (F048) -> I9a-C032; leads: DPS proposed LPR rules 2024-07-15, AG opinions 2023-091/2024-075, repossession LPR limits (commercial T04, law-firm summaries)"
I9a-Q032,WebSearch,"North Carolina ""20-183.31"" license plate reader report State Bureau of Investigation OR ""Joint Legislative Oversight"" ALPR annual report",2026-09-30T20:21:12Z,1,"cell=I3-T01-C04-GS; new=1; dup=0; item=NC; outcome=found-blocked: SBI 'Initial Report on the Pilot Program to Install ALPRs in NCDOT Rights-of-Way' (2026-04-07) at webservices.ncleg.gov (F049/F050 403) -> I9a-C033 LEAD-ONLY; journalism leads: pilot made permanent (WSOC), NC budget 2026 roadside ALPR (Hoodline); GS 20-183.31 policy duty (-> C05-GS item NC)"
I9a-Q033,WebSearch,Texas Governor Abbott order state agencies Flock cameras funds August 28 2026 gov.texas.gov,2026-09-30T20:21:12Z,0,"cell=I3-T01-C11-GS; new=0; dup=1; item=TX; outcome=found-lead-no-origin (no written order located; only a spokesman statement in journalism: KBTX/KWTX/KERA/Texas Tribune 2026-08-28); MVCPA grants 'at least 3,200 Flock cameras since 2023' (journalism lead) = dup I6-C028 MVCPA"
I9a-Q034,WebSearch,Idaho 2025 license plate reader law signed governor House Bill automated license plate reader Idaho Code 49-1432,2026-09-30T20:21:12Z,1,"cell=I3-T01-C11-GS; new=1; dup=0; item=ID; outcome=found (S1180 2025, ch. 316, Idaho Code 49-1432; in LAPPA 2025, absent from the 2022 seed) -> I9a-C031; leads: ID H0577 (2026), H688 (2024)"
I9a-F048,urllib-get,https://media.ark.org/ardot/12-CAR-150-License-Plate-Reader-Rules.pdf,2026-09-30T20:21:31Z,1,"cell=I3-T01-C04-GS; cand=I9a-C032; status=200; sha256=f921a3e065d2; 5 pp, 'DRAFT 2 12/20/2024'; 12 CAR 150-103(f)(1) AHP 'shall compile the statistical data in accordance with Arkansas Code 12-12-1805 to allow the general public to review'; compiled data retained 18 months"
I9a-F049,urllib-get,https://webservices.ncleg.gov/ViewDocSiteFile/118452,2026-09-30T20:21:32Z,0,cell=I3-T01-C04-GS; cand=I9a-C033; status=403; sha256=ac8a43390af6; host stopped (R4)
I9a-F050,urllib-get,https://webservices.ncleg.gov/ViewDocSiteFile/105562,2026-09-30T20:21:33Z,0,"cell=I3-T01-C04-GS; cand=I9a-C033; status=403; sha256=d52c6ecb4ffa; R4 LAPSE: issued in the same batch ~1 s after F049, before its 403 was read; no further request to the host"
I9a-F051,urllib-get,https://legislature.idaho.gov/sessioninfo/2025/legislation/S1180/,2026-09-30T20:21:34Z,1,cell=I3-T01-C11-GS; cand=I9a-C031; status=200; sha256=4c0c09320780; 'Signed by Governor on 04/04/25; Session Law Chapter 316; Effective: 07/01/2025'
I9a-F052,urllib-get,https://apps.itd.idaho.gov/Apps/MediaManagerMVC/PressRelease/Preview/11563,2026-09-30T20:21:36Z,0,cell=I3-T01-C11-GS; cand=none; status=200; sha256=e3e34565fdcc; ITD DMV 2025 law changes release; no ALPR content in the fetched text (0 kept); staff contact on page not copied
I9a-Q035,WebSearch,"site:boarddocs.com ""Flock"" ""license plate"" agreement",2026-09-30T20:22:41Z,1,"cell=I3-T01-C07-G0; new=1; dup=2; extension of the I3 capped cell (I3 q=15); site: operator not honoured (no boarddocs.com hits); agency-hosted agenda attachments instead: Placer County SO Flock (DocumentCenter), Louisville CO Laserfiche WebLink (tenant louisvilleco already in agenda_tenants), Miami-Dade 2022 Flock pilot (govaction, related I5-C204), Riverside County BOS Flock amendments (channel = I5-C209), Mayfield Village OH Flock lease resolution -> family I9a-C035"
I9a-Q036,WebSearch,"site:granicus.com ""Flock Safety"" agreement license plate recognition cameras",2026-09-30T20:22:41Z,0,"cell=I3-T01-C07-G0; new=0; dup=1; no granicus.com hits; journalism leads only: LAPD ending Flock agreement (ABC7; Fortune 2026-07-15), OKC council Flock contract, Wake County judge blocks Flock installs (WRAL), Riverside dup"
I9a-Q037,WebSearch,"""Motorola Solutions"" OR ""Vigilant"" license plate reader contract agenda item city council approve 2026 renewal ""LEARN""",2026-09-30T20:22:41Z,1,"cell=I3-T01-C07-G0; new=1; dup=1; Des Moines council communication 26-235 (2026-06-29; Sourcewell 101223-MOT) -> I9a-C034; Hialeah FL Vigilant resolutions 2020-2025 (AgendaCenter = I5-C126; F054 403); Pasadena CA agenda reports (2020, 2022; related I4 Pasadena items); Covington KY Axon contract 2026-09 (journalism)"
I9a-Q038,WebSearch,deflock.me data export download API OpenStreetMap ALPR cameras dataset crowdsourced,2026-09-30T20:22:41Z,0,"cell=I3-T01-C15-G0; new=0; dup=2; DeFlock = OSM Overpass surveillance:type=ALPR (dup I3-C069/osm_overpass); OzWatch (dup I5-C343); forks/guides (ae5au/deflock GitHub, dabeaz 'Flock Hunting', stateofsurveillance.org, mapatlas blog) are viewers of OSM - mirrors, not origins; snippet: 127,878 US ALPR features on 2026-08-09 (lead)"
I9a-F053,urllib-get,https://councildocs.dsm.city/communications/2026/26-235.pdf,2026-09-30T20:23:14Z,1,"cell=I3-T01-C07-G0; cand=I9a-C034;I9a-C035; status=200; sha256=2b599054019a; meeting 2026-06-29 item 43 roll call 26-0761; Motorola LPR software via Sourcewell 101223-MOT, $31,440/yr x 5 (NTE $157,200); prior Vigilant LEARN subscription expiring 2026-06-30; LPR on BWC, in-car video and stationary traffic cameras; submitter = chief of police (institutional; not copied)"
I9a-F054,urllib-get,https://www.hialeahfl.gov/DocumentCenter/View/20615/Resolution-No-2025-159-,2026-09-30T20:23:15Z,0,cell=I3-T01-C07-G0; cand=I9a-C035; status=403; sha256=6f4daa2c779e; host stopped (R4)
I9a-F055,urllib-get,https://media.rivcocob.org/proceeds/2023/p2023_10_31_files/03.36001.pdf,2026-09-30T20:23:16Z,0,cell=I3-T01-C07-G0; cand=I9a-C035; status=406; sha256=80a265bed528; not retried with other headers (R4); host stopped
I9a-Q039,WebSearch,"""ALPR Watch"" OR ""alpr.watch"" OR ""haveibeenflocked"" map data Flock cameras community project dataset",2026-09-30T20:24:03Z,0,"cell=I3-T01-C15-G0; new=0; dup=3; DeFlock/OSM (dup), Flock Finder (dup registry flock_finder; WiGLE RF-derived), FlockWatch corpus (dup I3-C064); leads: Wausau Pilot & Review 'The Watch Ledger' WI statewide tracker (journalism dataset; URL not surfaced -> I3-T01-C14-G0 lead), Cybernews 140K map article, brotherless.dedyn.io project list"
I9a-Q040,WebSearch,"Flock ""network audit"" OR ""organization audit"" OR ""sharing list"" public records release police department pdf 2026 agencies with access",2026-09-30T20:24:03Z,0,"cell=I3-T03-C13-G0; new=0; dup=3; MuckRock requests (Oak Park IL, Danville; host blocked per I3/I6, not fetched), Have I Been Flocked audit-log guide + records (dup registry), agency statements (Los Altos CA F056 403; Perry GA Flock page), 'Flock - Client List' substack (F057 403), runtimewire Alpharetta 2,000-org sharing (journalism lead); snippets describe Organization vs Network audits (per-search rows = Part VIII block) and statewide/national lookup settings (T03 lead)"
I9a-Q041,WebSearch,"""annual surveillance report"" 2025 police ""surveillance technology"" city pdf council",2026-09-30T20:24:03Z,0,cell=I6-T00-C06-GP; new=0; dup=5; item=San Diego; outcome=found-current (SDPD 2025 annual surveillance report = dup live_targets/SRC-003); item=Columbia MO dup I6-C018; Seattle city auditor 2025 review dup ccops_seattle; Berkeley 2025 dup ccops_berkeley; St Louis STU 2025 dup I6-C016
I9a-Q042,WebSearch,"Colorado facial recognition ""accountability report"" agency posted SB22-113 ""24-18-302"" notice of intent",2026-09-30T20:24:03Z,0,"cell=I6-T00-C11-GS; new=0; dup=2; item=CO (FRT); outcome=found (dup I4-C102/I4-C103: C.R.S. 24-18-301..309 accountability reports; members Arvada, Wheat Ridge NOI page); lead: ACLU of Colorado 2025 privacy report"
I9a-F056,urllib-get,https://www.losaltosca.gov/DocumentCenter/View/2543/Community-Message-Regarding-Flock-Safety-Automated-License-Place-Reader-ALPR-Data,2026-09-30T20:24:33Z,0,cell=I3-T03-C13-G0; cand=none; status=403 (Cloudflare 1010); sha256=4b31e3643c63; host stopped (R4); raw capture holds a network address - not copied
I9a-F057,urllib-get,https://waghn001.substack.com/p/flock-client-list,2026-09-30T20:24:34Z,0,cell=I3-T03-C13-G0; cand=none; status=403; sha256=83e3f91105cb; host stopped (R4)
I9a-Q043,WebSearch,"residents map Flock cameras spreadsheet local group ""Eyes Off"" OR ""Deflock"" city chapter map license plate cameras public google map",2026-09-30T20:25:04Z,0,"cell=I3-T01-C15-G0; new=0; dup=1; local DeFlock chapters (Willard MO, DeFlock Dakota, Harrisonburg) and FlockHopper routing map all draw on OSM/DeFlock (mirrors); Denver Gazette 2025-10 '1,091 Colorado locations' map (lead; DeFlock-derived); journalism how-to guides only -> cell closes saturated (K=3 zeros: Q038, Q039, Q043)"
I9a-Q044,WebSearch,state laws law enforcement drones warrant requirement statutes list states unmanned aircraft police use reporting requirement annual report,2026-09-30T20:25:04Z,0,"cell=I6-T00-C11-GS; new=0; dup=1; UAS inventory leads: EPIC 'State Drone and UAV Policy' tracker (unfetched; age unknown), CA Assembly drone background-paper appendix, MN 2020 drone law (House news), NJ, Ohio HB 251 warrant law; IL ICJIA drone-ownership report duty = dup I4-C006; item=UAS; outcome=inventory-lead (per-state not verified)"
I9a-Q045,WebSearch,"states that require a warrant for cell site simulator use statute list ""cell site simulator"" state law annual report",2026-09-30T20:25:04Z,0,"cell=I6-T00-C11-GS; new=0; dup=0; item=CSS; outcome=negative (no current inventory surfaced; EFF 2016 IL article, WA 2015 warrant law, law-review articles only; CA CalECPA lead)"
I9a-Q046,WebSearch,Washington SB 6002 automated license plate reader agency policy posted website requirements 2026 law enforcement ALPR policy,2026-09-30T20:25:04Z,1,"cell=I3-T01-C05-GS; new=1; dup=0; item=WA; outcome=found: WA AGO 'Registered ALPR Systems' list under RCW 10.130 (F059) -> I9a-C036; leads: AWC 2026-03-13, MRSC 2026-04 insight (AG model policy by 2027-07-01; agency policies by 2027-12-01)"
I9a-F058,urllib-get,https://www.atg.wa.gov/automated-license-plate-reader-alpr,2026-09-30T20:25:23Z,0,cell=I3-T01-C05-GS; cand=none; status=404; sha256=61642e620126; dead search-result URL
I9a-F059,urllib-get,https://www.atg.wa.gov/ALPR,2026-09-30T20:25:29Z,1,cell=I3-T01-C05-GS; cand=I9a-C036; status=200; sha256=99f76e20735d; 'Automated License Plate Reader (ALPR) System Registration'; RCW 10.130.030 registration + certification; table Agency Name / Submitted Date / Agency Policy
I9a-L003,local:docs/build/logs/next-phase/I9a/raw/I9a-F059.bin,"parse of the Registered ALPR Systems table (rows, policy links, hosts)",2026-09-30T20:26:01Z,0,"cell=I3-T01-C05-GS; file=docs/build/logs/next-phase/I9a/raw/I9a-F059.bin; sha256=99f76e20735d; run_at=upper bound (date -u after the op); 76 agency rows (67 police, 9 sheriff), 76 policy links: 55 on the AGO S3 bucket, 5 PowerDMS, rest agency sites; submitted dates in Aug-Sep 2026"
I9a-Q047,WebSearch,"New Mexico ""Driver Privacy and Safety Act"" license plate reader agencies policy OR report OR register Department of Public Safety 2026",2026-09-30T20:26:30Z,1,cell=I3-T01-C04-GS; new=1; dup=0; item=NM; outcome=found (future-dated duty): SB 40 final text requires each ALPR-using agency to report to DPS by April 1 each year (F060) -> I9a-C037; ALPR information declared confidential/not a public record (snippet; verify)
I9a-Q048,WebSearch,Oregon SB 1516 license plate reader law enforcement agencies adopt policy vendor contract report 2026 implementation,2026-09-30T20:26:30Z,0,"cell=I3-T01-C05-GS; new=0; dup=1; item=OR; outcome=duty-without-posting (agencies must adopt ALPR use + vendor-contract policies; no posting or registry duty surfaced; signed 2026-03-31 per snippets) = dup I9a-C017; members: Albany OR PowerDMS policy; leads: OLIS measure analyses 95061/95484, Bend Source (Bend de-Flocking), KLCC; vendor blog on SB 1516 (D6, not fetched)"
I9a-Q049,WebSearch,"DHS ""AI use case inventory"" ""license plate"" CBP OR ICE 2025 inventory entry",2026-09-30T20:26:30Z,0,cell=I3-T03-C16-G0; new=0; dup=1; DHS 2025 AI Use Case Inventory (F062) = dup I4-C115; ICE license-plate AI use case (snippet: DHS-2577 via a third-party explorer; Nextgov/FedScoop 2026-01 leads); ACLUM-hosted PDF copy = mirror
I9a-Q050,WebSearch,"""Flock Safety"" homeowners associations businesses share cameras with police ""Flock for Business"" customers Lowe's Home Depot network police access",2026-09-30T20:26:30Z,0,"cell=I3-T04-C02-G0; new=0; dup=1; 404 Media 2025-08-06 (F061): records from Johnson County TX SO via EFF show access to Flock cameras at 173 Lowe's locations + Home Depot stores; the records (cdn.muckrock.com JCSO_Agency_Sharing.pdf, 2025-07-23) = dup I6-C032; vendor 'Business Network' posts (D6, not fetched); Techdirt CA HOAs, Fort Worth private-camera access, Jax Today 2026-08-24 (journalism leads)"
I9a-F060,urllib-get,https://www.nmlegis.gov/Sessions/26%20Regular/final/SB0040.PDF,2026-09-30T20:27:03Z,1,"cell=I3-T01-C04-GS; cand=I9a-C037; status=200; sha256=3a2934bd0c21; 6 pp final text; section A: agency report to DPS by April 1 each year: cameras owned/leased by mobile vs stationary, databases compared, total queries incl. purposes"
I9a-F061,urllib-get,https://www.404media.co/home-depot-and-lowes-share-data-from-hundreds-of-ai-cameras-with-cops/,2026-09-30T20:27:04Z,0,cell=I3-T04-C02-G0; cand=none; status=200; sha256=447f58ec33c9; article 2025-08-06; records link = cdn.muckrock.com JCSO_Agency_Sharing.pdf (not fetched; dup I6-C032)
I9a-F062,urllib-get,https://www.dhs.gov/ai/use-case-inventory,2026-09-30T20:27:06Z,0,cell=I3-T03-C16-G0; cand=none; status=200; sha256=b8d94812ec2e; 2025 inventory page with downloadable spreadsheet (dup I4-C115); 'updated regularly throughout 2026'
I9a-Q051,WebSearch,"""Digital Recognition Network"" OR ""DRN Data"" commercial license plate data police department subscription contract council approves",2026-09-30T20:28:03Z,0,"cell=I3-T04-C02-G0; new=0; dup=1; DRN (Motorola) about page (vendor D6, unfetched); journalism on repossession LPR networks (Engadget 2019, Jalopnik, Carscoops 2026-09); council items: Des Moines (dup I9a-C034), Fresno legislation 24-1228 (agendas.fresno.gov), Forest Park IL (Motorola), Minot ND 2026-01 LPR approval (tenant minot_nd already enumerated; journalism lead; tier-B ND) -> no new commercial-data channel; cell closes saturated (K=2: Q050, Q051)"
I9a-Q052,WebSearch,"""Fusus"" real-time crime center launch sheriff OR police department 2026 press release camera integration county",2026-09-30T20:28:03Z,2,"cell=I3-T05-C02-G0; new=2; dup=1; agency Fusus/RTCC deployment documents: Elizabeth City NC memo 2024-10-11 (F063) -> I9a-C039; NC 'APD' Fusus/RTIC council presentation 2026-04 hosted by Enlace Latino NC (F064) -> family I9a-C038; Delray Beach PD 2024 release (F065 403); Colorado Springs RTCC (= Connect COS, member of I9a-C003); OCSD, Chicopee MA, Tupelo MS (tier A; journalism lead), Brookhaven MS (journalism lead)"
I9a-Q053,WebSearch,"""Genetec AutoVu"" OR ""ELSAG"" OR ""Rekor Scout"" police department license plate recognition purchase approved 2025 2026 city",2026-09-30T20:28:03Z,0,"cell=I3-T01-C02-G0; new=0; dup=1; no Genetec/ELSAG/Rekor customer disclosure surfaced (Rekor docs + reseller pages = marketing, excluded); agency ALPR purchase items instead (members of family I9a-C035): Marina CA (Flock Falcon x15), Downers Grove IL RES 2026-11196 (Minuteman ALPR), Lathrop CA 2023, Montvale NJ (GTBM), Laredo TX and Wood County TX (journalism leads); Starbridge buyer page (paid, dup I6-C006)"
I9a-Q054,WebSearch,"county ""surveillance technology"" ordinance board of supervisors annual surveillance report sheriff county adopted",2026-09-30T20:28:03Z,0,cell=I6-T00-C06-G0; new=0; dup=2; Santa Clara County (dup queue SRC-021; privacy.santaclaracounty.gov/surveillance-technology current); SF 19B (dup ccops_sf); Alameda County 2018 surveillance workgroup minutes (lead; no ordinance evidenced); ACLU NorCal 2018 SCC annual reports copy (mirror)
I9a-F063,urllib-get,https://elizabethcitync.gov/vertical/sites/%7B81CF1C17-216A-4959-BE57-0B405379B891%7D/uploads/Memorandum_AXON_Enterprise_Inc._Purchased_FUSUS_10-14-24.pdf,2026-09-30T20:28:37Z,1,"cell=I3-T05-C02-G0; cand=I9a-C039; status=200; sha256=168626d94a30; memo 2024-10-11 'AXON Enterprise, Inc. Purchased FUSUS': ECPD Intelligence Center combining public and private camera feeds, CAD, officer geolocation"
I9a-F064,urllib-get,https://enlacelatinonc.org/wp-content/uploads/2026/04/Review-with-Council-.pdf,2026-09-30T20:28:38Z,1,"cell=I3-T05-C02-G0; cand=I9a-C038; status=200; sha256=85bf7d7b3f90; 26-page council presentation 'Fusus & The Real-Time Intelligence Center' (April 28 worksession; $400,000 Fusus software line; current Fusus access bundled in BWC/fleet contract; Durham comparison); hosted by an NGO = mirror, origin council unknown ('APD')"
I9a-F065,urllib-get,https://www.delraybeachfl.gov/Home/Components/News/News/768/988?arch=1,2026-09-30T20:28:40Z,0,cell=I3-T05-C02-G0; cand=I9a-C038; status=403; sha256=2a52c4367334; host stopped (R4); delraybeach Legistar tenant is already enumerated
I9a-Q055,WebSearch,"""inspector general"" OR ""state auditor"" OR ""city auditor"" audit police surveillance technology license plate readers report 2025 OR 2026 findings",2026-09-30T20:29:21Z,1,"cell=I6-T00-C04-G0; new=1; dup=2; Austin Office of the City Auditor 'APD License Plate Reader Audit Report' May 2025 (F066) -> I9a-C042; Minneapolis auditor state-mandated ALPR audit 2026-02 and MN 13.824 audits (Mounds View, Roseville, Belle Plaine) = dup I3-C040 family (lrl.mn.gov); Palo Alto independent police auditor Flock review 2026-05 (journalism lead); Minneapolis auditor reports page (lead)"
I9a-Q056,WebSearch,"statewide contract ""license plate recognition"" OR ""license plate reader"" state procurement cooperative contract Ohio OR Georgia OR ""New York OGS"" OR Pennsylvania COSTARS Flock Motorola",2026-09-30T20:29:21Z,1,"cell=I6-T00-C08-GS; new=1; dup=1; vendor contract-vehicle disclosure page (Leonardo/ELSAG, F068) -> I9a-C040 naming state contracts: item=NY (HIRE PC69032) found-lead; item=AR (4600055190) found-lead; item=KY (MA 758 1700001214) found-lead; item=MD (ATS marketplace 161860) found-lead; item=NM (60-000-15-00032) found-lead; item=OH (800470) found-lead; item=PA (COSTARS 033-E22-045 PlateLogiq via Pavilion; dup I6-C003 Pavilion, not fetched) found-lead; Atlas rows (derived); Ohio city Flock renewals (journalism)"
I9a-Q057,WebSearch,"state grant program awards ""license plate readers"" 2025 OR 2026 governor announces grants local law enforcement list of recipients",2026-09-30T20:29:21Z,1,"cell=I6-T00-C10-GS; new=1; dup=0; item=AL; outcome=found (ADECA PSN grant announcement 2025-07-16 naming 7 grantees for LPR systems, F067) -> I9a-C041; item=VA; outcome=found-lead (VSP auto-theft prevention grants FY2025: ~$1.43M to 112 agencies, 75% LPR - Cardinal News 2025-12-16, origin not fetched); item=FL; outcome=found-lead (Cabinet-approved ~$4.6M for ~440 LPRs to 18 agencies since Sept 2025 under the immigration-enforcement grant initiative - WLRN/Fox35 2026-09, origin not fetched)"
I9a-Q058,WebSearch,"site:nextrequest.com ""license plate"" OR ""Flock"" OR ""surveillance"" records request police",2026-09-30T20:29:21Z,0,"cell=I6-T00-C13-G0; new=0; dup=1; site: operator not honoured; only MuckRock Flock request pages (host blocked for I3/I6; not fetched) and journalism (404 Media: judge rules Flock images are public records - court lead; SAN: Flock threatens site hosting leaked plate data = leak provenance, excluded)"
I9a-F066,urllib-get,https://services.austintexas.gov/edims/document.cfm?id=452710,2026-09-30T20:29:48Z,1,"cell=I6-T00-C04-G0; cand=I9a-C042; status=200; sha256=3399cc05ee5f; 'APD License Plate Reader Audit Report', May 2025, Office of the City Auditor; trial March 2024-March 2025; recommends Flock contract changes to prevent unauthorized sharing"
I9a-F067,urllib-get,https://adeca.alabama.gov/2025/07/16/gov-ivey-announces-project-safe-neighborhoods-grants-for-several-law-enforcement-agencies/,2026-09-30T20:29:51Z,1,"cell=I6-T00-C10-GS; cand=I9a-C041; status=200; sha256=21b9af588ebe; 2025-07-16; seven PSN grants ~$77,490 (federal pass-through) for LPR systems; post author = agency staff (not copied)"
I9a-F068,urllib-get,https://www.leonardocompany-us.com/lpr/how-to-buy/procurement-contracts,2026-09-30T20:29:52Z,1,"cell=I6-T00-C08-GS; cand=I9a-C040; status=200; sha256=80f787b69832; vendor page listing GSA GS-07F-0004Y (to 2031-09-30), NY HIRE award 23173 / PC69032 (2020-06-01 to 2028-05-31), AR 4600055190 (2025-05-01 to 2026-04-30), KY MA 758 1700001214 (to 2026-09-30), MD ATS marketplace 161860, NM 60-000-15-00032, OH 800470"
I9a-Q059,WebSearch,"""Oakland Privacy"" OR ""NYU Policing Project"" OR ""EPIC"" surveillance technology dataset database download police agencies spreadsheet 2025",2026-09-30T20:30:45Z,0,cell=I6-T00-C14-G0; new=0; dup=2; EFF Atlas launch (dup eff_atlas_of_surveillance); Oakland PAC 2025-11-06 agenda packet (dup ccops_oakland); NYU Policing Project surveillance-technology resource page (no dataset; lead); no downloadable multi-class NGO dataset surfaced
I9a-Q060,WebSearch,"DHS privacy impact assessment 2025 ""license plate reader"" OR ""facial recognition"" ICE CBP PIA published dhs.gov privacy documents",2026-09-30T20:30:45Z,0,"cell=I6-T00-C16-G0; new=0; dup=2; DHS PIA collection (dup I4-C167 hub); ICE commercial-LPR-data PIA (CDT blog, lead; SORN side = I3-C072); CBP e3 PIA 2024-11; Mobile Fortify without a PIA (journalism lead)"
I9a-Q061,WebSearch,"BoardDocs public site list of organizations ""go.boarddocs.com"" agenda platform counties cities school boards API enumerate",2026-09-30T20:30:45Z,0,"cell=I6-T00-C07-G0; new=0; dup=1; no public tenant directory; URL pattern go.boarddocs.com/<state>/<site>/Board.nsf/Public (dup registry boarddocs gated; I4-C203); LlamaIndex BoardDocsReader = third-party reader, not an API"
I9a-Q062,WebSearch,"OpenGov procurement public portal ""procurement.opengov.com"" license plate reader OR surveillance cameras bid award city",2026-09-30T20:30:45Z,0,"cell=I6-T00-C09-G0; new=0; dup=1; OpenGov (dup opengov_procurement gated); Syracuse moved to OpenGov 2025-12-16 (tenant lead); paid aggregators (Starbridge dup I6-C006, Govly, NationGraph analysis) excluded; Tampa parking LPR and Fort Worth LPR solicitations (snippets)"
I9a-Q063,WebSearch,"DLA LESO 1033 program ""property allotted"" data download xlsx 2025 law enforcement agencies Excel",2026-09-30T20:31:44Z,0,"cell=I6-T00-C16-G0; new=0; dup=1; DLA eFOIA library quarterly LESO xlsx as of 2025-12-31 (dup queue SRC-024); state 1033 coordinator pages (CO DPS, CSP, NJ OEM 2025-10-14, WI WEM, GA DPS) = leads for state-level LESO rosters; run_at=upper bound (first tool timestamp after the call, F069; issued after 20:30:45Z)"
I9a-Q064,WebSearch,"Granicus IQM2 OR ""CivicPlus AgendaCenter"" OR ""CivicClerk"" public agenda portal list of client municipalities enumerate tenants directory",2026-09-30T20:31:44Z,0,"cell=I6-T00-C07-G0; new=0; dup=0; negative: no vendor tenant directory is public; IQM2/NovusAGENDA being sunset by Granicus (vendor lead); CivicPlus ~4,200 clerk customers (vendor claim); run_at=upper bound (first tool timestamp after the call, F069; issued after 20:30:45Z)"
I9a-Q065,WebSearch,"bonfirehub.com OR bidnetdirect.com ""license plate recognition"" OR ""real time crime center"" solicitation award police 2026",2026-09-30T20:31:44Z,2,"cell=I6-T00-C09-G0; new=2; dup=2; no Bonfire/BidNet hits; out-of-cell grant channels found instead: Florida Legislature Local Funding Initiative Requests (F069) -> I9a-C043; US House Community Project Funding disclosure letters (F070) -> I9a-C044; Albany CA 2026 fixed-ALPR RFP (tenant albanyca already enumerated); ATF 'License Plate Reader Data Access' award 2026-02-26 ~$4.13M (aggregator snippet; federal award = related usaspending; T04 lead); Havelock NC LPR+PTZ RFP 2026-01; run_at=upper bound (first tool timestamp after the call, F069; issued after 20:30:45Z)"
I9a-Q066,WebSearch,"GovQA OR JustFOIA public records portal released records ""license plate reader"" Flock contract police department public archive",2026-09-30T20:31:44Z,0,"cell=I6-T00-C13-G0; new=0; dup=2; only MuckRock Flock multirequests (host blocked; not fetched) and agency Flock pages (Medina MN; Grand Rapids transparency portal - Flock-hosted portals are refused); no GovQA/JustFOIA public archive surfaced; run_at=upper bound (first tool timestamp after the call, F069; issued after 20:30:45Z)"
I9a-F069,urllib-get,https://www.flsenate.gov/PublishedContent/Session/FiscalYear/FY2024-25/LocalFundingInitiativeRequests/FY2024-25_S3177.pdf,2026-09-30T20:31:44Z,1,"cell=I6-T00-C09-G0; cand=I9a-C043; status=200; sha256=f913dd532b16; LFIR 'Tampa Police Department LTR Technology & Real Time Crime Center Data Integration', request dated 11/13/2023, ~25 more LPR cameras + RTCC integration incl. consenting private CCTV, $200,000 state + $200,000 local"
I9a-F070,urllib-get,https://harriganforms.house.gov/UploadedFiles/CPF_Disclosure_Letter_RTCCCVVCTF_Technology_Initiative.pdf,2026-09-30T20:31:46Z,1,cell=I6-T00-C09-G0; cand=I9a-C044; status=200; sha256=fae631781d54; CPF request FY2027 for a City of Hickory NC Real-Time Information & Crime Center integrating DFR and ALPR
I9a-Q067,WebSearch,"""community control over police surveillance"" ordinance passed 2026 city council vote CCOPS adopted",2026-09-30T20:32:49Z,0,"cell=I6-T00-C06-G0; new=0; dup=2; campaigns only: ACLU of Georgia 'Protect Our Privacy' Atlanta CCOPS campaign and a Doraville GA presentation (not adopted), Milwaukee coalition (not adopted); ACLUM CCOPS page (dup I6-C013 family); ACLU snippet '26 cities ... nearly 18 million people' (lead; same figure as the registry denominator); Somerville (dup ccops_somerville) -> cell closes saturated (K=3 zeros: Q027, Q054, Q067)"
I9a-Q068,WebSearch,"BART surveillance technology annual report 2025 ""surveillance use policy"" board of directors",2026-09-30T20:32:49Z,0,"cell=I6-T00-C06-GP; new=0; dup=1; item=BART; outcome=found-current (2025 Surveillance Annual Report, FY Jul 2024-Jun 2025, posted 2025-10; series 2020-2025 on bart.gov) = dup queue SRC-018; origin fetch F072 403"
I9a-Q069,WebSearch,"Wausau Pilot ""Watch Ledger"" Flock cameras Wisconsin tracker",2026-09-30T20:32:49Z,1,"cell=I3-T01-C14-G0; new=1; dup=0; Wausau Pilot & Review 'Watch Ledger' (WI statewide ALPR tracker: mapped cameras, agencies in the Flock network, per-agency search counts, transparency postings, contract status) + a plate-lookup tool built on audit logs -> I9a-C045 (metadata only; block); links to USA TODAY tool and Have I Been Flocked (dup registry); F071 403"
I9a-Q070,WebSearch,"""Genetec Citigraf"" OR ""CommandCentral Aware"" OR ""Motorola Solutions"" real-time crime center city selects launches 2025 2026 police",2026-09-30T20:32:49Z,0,cell=I3-T05-C02-G0; new=0; dup=0; only the Motorola CommandCentral Aware 'missions' product release 2026-04-20 and its syndications (marketing naming no customer: excluded); no Genetec Citigraf customer disclosure surfaced
I9a-F071,urllib-get,https://wausaupilotandreview.com/2026/09/05/have-you-been-flocked-a-new-wausau-pilot-tool-lets-you-check-your-own-plate/,2026-09-30T20:33:07Z,0,cell=I3-T01-C14-G0; cand=I9a-C045; status=403; sha256=098c5d517232; host stopped (R4)
I9a-F072,urllib-get,https://www.bart.gov/sites/default/files/2025-10/2025%20Surveillance%20Annual%20Report%20-%201.pdf,2026-09-30T20:33:08Z,0,cell=I6-T00-C06-GP; cand=none; status=403; sha256=c3b2f65bf7ee; host stopped (R4); queue row SRC-018 origin refuses the plain urllib client
I9a-Q071,WebSearch,"github dataset Flock ""shared networks"" OR ""network sharing"" agencies csv records 2026 license plate reader open data repository",2026-09-30T20:33:32Z,1,"cell=I3-T01-C14-G0; new=1; dup=3; UW Center for Human Rights report 'Leaving the Door Wide Open' (2025; WA Flock sharing with Border Patrol, from records-request audits; F075) -> I9a-C046; FlockWatch corpus (dup I3-C064); Wausau tracker (dup I9a-C045); Spokane County network-audit CSV (per-search rows = Part VIII block; not fetched); leads: Range Media 'public Flock data', ACLU MA Flock tracking page, ACLU-MN 2025-12-11 testimony to the MN LCDP, HIBF 'shadow network' (dup registry)"
I9a-Q072,WebSearch,"Axon annual report 10-K 2025 Fusus ""real-time"" customers agencies number cameras connected disclosure",2026-09-30T20:33:32Z,0,"cell=I3-T05-C02-G0; new=0; dup=1; Axon FY2025 10-K and 2025-05-07 EX-99.1 on sec.gov surfaced but NOT fetched: SEC EDGAR requires a declared contact User-Agent (P16 - record the need, do not call); snippet leads (unverified, possibly third-party): Fusus 'used by more than 250 policing agencies'; Axon fixed ALPR launched mid-2025 integrating with Fusus; Elizabeth City memo = dup I9a-C039 -> cell closes saturated (K=2 zeros: Q070, Q072)"
I9a-Q073,WebSearch,"""Flock Safety"" press release 2026 customers ""cities"" ""law enforcement agencies"" number announces funding OR acquisition license plate",2026-09-30T20:33:32Z,0,"cell=I3-T01-C02-G0; new=0; dup=0; vendor funding posts and private-market profiles only (vendor D6 claims in snippets: '4,800 law enforcement agencies and nearly 1,000 businesses'; 2026-04 valuation) - marketing without named customers, excluded; Flock is private (no SEC filings) -> cell closes saturated (K=2 zeros: Q053, Q073)"
I9a-Q074,WebSearch,"state library ""reports to the legislature"" mandated agency reports online database search state documents depository law enforcement report",2026-09-30T20:33:32Z,2,"cell=I6-T00-C04-GS; new=2; dup=1; item=MD; outcome=found (DLS Mandated Reports, F073) -> I9a-C047; item=FL; outcome=found-blocked (Dept of State 'Reports Required by Florida Statute' searchable database; F074 403) -> I9a-C048 LEAD-ONLY; item=MN; outcome=found (LRL mandates search = same host as I3-C040; dup)"
I9a-F073,urllib-get,https://dls.maryland.gov/library/mandated-reports,2026-09-30T20:33:57Z,1,"cell=I6-T00-C04-GS; cand=I9a-C047; status=200; sha256=e875eab44a50; State Govt 2-1257; reports required by legislation, statute, COMAR or Executive Order are catalogued as official submissions; electronic copies online"
I9a-F074,urllib-get,https://dos.myflorida.com/library-archives/research/florida-information/government/state-resources/government-documents/required-reports/required-reports-faq/,2026-09-30T20:33:58Z,0,cell=I6-T00-C04-GS; cand=I9a-C048; status=403; sha256=86f9213df235; host stopped (R4)
I9a-F075,urllib-get,https://jsis.washington.edu/humanrights/publication/9480/,2026-09-30T20:33:59Z,1,cell=I3-T01-C14-G0; cand=I9a-C046; status=200; sha256=90695c710c58; UWCHR 2025: >=8 WA agencies enabled direct sharing with US Border Patrol in 2025; 10 more exposed to Border Patrol searches without explicit sharing; ~80 public agencies use Flock in WA (reportedly)
I9a-Q075,WebSearch,"Washington legislature ""reports to the legislature"" agency reports search OR Texas State Library ""state publications"" depository mandated reports online",2026-09-30T20:34:43Z,0,"cell=I6-T00-C04-GS; new=0; dup=0; item=TX; outcome=found-lead (TSLAC index of state agency reports required by law, via TRAIL; 2009 SB 1270 text on capitol.texas.gov - not fetched); item=WA; outcome=found-lead (state publications distribution centre under the state librarian; 2005-06 bill text only - not fetched)"
I9a-Q076,WebSearch,"Virginia State Police ""Help Eliminate Auto Theft"" OR HEAT grant awards license plate readers fiscal year 2025 localities list",2026-09-30T20:34:43Z,1,"cell=I6-T00-C10-GS; new=1; dup=0; item=VA; outcome=found-blocked: 2025 HEAT Annual Report PDF (heatreward.com, F076 403) -> I9a-C049 LEAD-ONLY; journalism leads (Cardinal News 2025-06-03, 2025-12-16: FY2025 ~$1.43M to 112 agencies, 75% LPR; 2026-02-04: budget amendment would discontinue auto-theft grants funding LPR)"
I9a-Q077,WebSearch,"""Flock Group"" OR ""Flock Safety"" statewide contract state term contract agencies may purchase Georgia OR Tennessee OR ""South Carolina"" OR Indiana QPA",2026-09-30T20:34:43Z,0,"cell=I6-T00-C08-GS; new=0; dup=2; item=GA/TN/SC/IN; outcome=negative (no statewide Flock contract surfaced; cooperative vehicles only: OMNIA R250203 = dup I6-C002, TIPS, Region 4 ESC, Sourcewell, BuyBoard); DeKalb County GA Flock MSA agenda 2025-09-16 (tenant dekalbcountyga already enumerated); lead: SC documented 200+ unpermitted cameras and a 2023 moratorium on new installations (a SCDOT right-of-way permit inventory - T01 lead for I3/I5); HigherGov/GovConInABox aggregators excluded"
I9a-Q078,WebSearch,zenodo OR dataverse OR figshare dataset police surveillance technology adoption US agencies ALPR drones facial recognition 2025,2026-09-30T20:34:43Z,0,"cell=I6-T00-C14-G0; new=0; dup=2; Atlas of Surveillance data library (dup eff_atlas_of_surveillance; 'last updated Aug 12, 2026' snippet); no repository-hosted multi-class dataset; lead: Raleigh News & Observer scrape added 300+ Flock agencies to the Atlas (derived from refused Flock portals) -> cell closes saturated (K=2 zeros: Q059, Q078)"
I9a-F076,urllib-get,https://heatreward.com/wp-content/uploads/2026/02/25VHH117_2025-HEAT-Annual-Report_Final.pdf,2026-09-30T20:35:13Z,0,"cell=I6-T00-C10-GS; cand=I9a-C049; status=403; sha256=e0da5c9b6341; HTML block page, not the PDF; host stopped (R4)"
I9a-Q079,arcgis-hub-search,https://hub.arcgis.com/api/search/v1/collections/dataset/items?q=police+cameras&limit=100&startindex=101,2026-09-30T20:36:05Z,0,"cell=I3-T07-C03-G0; new=0; dup=1; status=200; sha256=93f82251a3f6; numberMatched=355; continuation page of I3-Q086 (items 101-200): relevance collapses into Survey123 forms, DC moving-violation layers and CAD calls; Seattle PD CCTV = dup I3-C081; no new police CCTV layer"
I9a-Q080,arcgis-hub-search,https://hub.arcgis.com/api/search/v1/collections/dataset/items?q=public+safety+cameras&limit=100,2026-09-30T20:36:09Z,0,"cell=I3-T07-C03-G0; new=0; dup=30; status=200; sha256=e5d85b7dc268; numberMatched=149; 30+ camera items already in the registry or I3-I5 candidates (Chattanooga, Essex, Dubuque, Brea PD, Wilmington, DC, Baltimore ATVES, Austin traffic, New Orleans); non-dup hits are Survey123 camera-registration forms (Montrose, Iberville, Upper Arlington, an RTCC interest form = members of I3-C086 family), an Essex mirror copy, 2015 red-light layers (ATE = I4) and a Tempe BWC summary (I4); Flower Mound 'cameraspublish' item described 'Private camera locations as provided to the PD' -> schema probe F077 -> cell closes saturated (K=2 zeros: Q079, Q080)"
I9a-F077,urllib-get,https://gismaps.flower-mound.com/wafmp/rest/services/Collector/cameraspublish_FS/FeatureServer/0?f=json,2026-09-30T20:36:27Z,0,cell=I3-T07-C03-G0; cand=none; status=200 body error 499 'Token Required'; sha256=ca1489e43448; metadata-only probe of a private-camera-registry layer: the service is token-secured (not public) - only the Hub item title/description is public; contrast with the public I3-C085 hazard layer of the same town
I9a-Q081,federalregister-api,"https://www.federalregister.gov/api/v1/documents.json?conditions[term]=""real-time crime center"" OR ""real time crime center""&conditions[publication_date][gte]=2024-01-01&per_page=50&order=newest",2026-09-30T20:36:44Z,0,"cell=I6-T00-C11-G0; new=0; dup=0; status=200; sha256=32408d1fe46a; count=0 (documented public API, no key; API itself = dup I6-C024)"
I9a-Q082,federalregister-api,"https://www.federalregister.gov/api/v1/documents.json?conditions[term]=""facial recognition"" ""law enforcement""&conditions[publication_date][gte]=2025-01-01&per_page=50&order=newest",2026-09-30T20:36:47Z,0,"cell=I6-T00-C11-G0; new=0; dup=1; status=200; sha256=4496f58e7b37; count=11: DHS biometric entry-exit rules (2025-10-27; 2026-08-10 fee rule), USCIS biometrics NPRM 2025-11-03, DHS SORN 2025-07-21, FTC AI accuracy policy 2026-07-07 - federal border/biometric items (I4 T28/T11 domain), no new multi-class channel -> cell closes saturated (K=2 zeros: Q081, Q082)"
I9a-Q083,WebSearch,"""license plate"" cameras Flock council approves agreement 2026 Mississippi OR ""West Virginia"" OR Arkansas OR Wyoming OR Maine police department city",2026-09-30T20:37:13Z,0,"cell=I3-T01-C07-G0; new=0; dup=3; tier-A gap-state customer leads (journalism; origins not fetched): Huntington WV council 6-4 Flock contract ~$2.1M/5 yrs incl. ALPR, audio, drones (ACLU-WV suit); Town of Jackson WY Flock contract amendment, 28 LPRs (tenant jackson_wy already enumerated); City of Jackson MS 16 Flock LPRs 2024-09 (tenant jackson_ms, CivicClerk, already enumerated); Maine: Lewiston and York active, Falmouth moved Flock -> Axon (vendor blog, lead); Hayward CA granicusideas 2024 item; Riverside County 2026-01-13 item (family I9a-C035); all noted as members/leads of I9a-C035, none new; extension total for the I3 cell = 4 queries (3 of 7 allowed remain)"
I9a-Q084,WebSearch,ACLU Massachusetts tracking ALPR cameras Flock towns list map data Massachusetts municipalities contracts,2026-09-30T20:37:13Z,0,"cell=I3-T01-C14-G0; new=0; dup=1; ACLU of Massachusetts 'Get The Flock Out' toolkit page (F079 403); leads: >=80 MA police departments contracted with Flock, >=25 cancelled in 18 months (NBC Boston/WGBH 2026-09-09); Suffolk Superior Court ordered Massachusetts State Police to disclose Flock camera locations and search logs (Boston 25; court lead - MSP ALPR network = T01/T03); a Google Docs export (unknown owner, not fetched)"
I9a-Q085,WebSearch,"Montana ""facial recognition"" ""44-15"" state law report OR Utah ""77-23e"" facial recognition Department of Public Safety annual report legislature",2026-09-30T20:37:13Z,1,"cell=I6-T00-C11-GS; new=1; dup=0; item=UT (FRT); outcome=found: Utah Code 77-23e-106(3) annual FRT report to the Government Operations Interim Committee (F078) -> I9a-C050; item=MT (FRT); outcome=found-lead (MCA 44-15 definitions on archive.legmt.gov, not fetched; CDT inventory I9a-C023 lists MT warrant rule)"
I9a-Q086,WebSearch,court ruling 2026 Flock camera images public records Washington judge Skagit OR Sedro-Woolley appeal decision license plate reader data,2026-09-30T20:37:13Z,0,"cell=I3-T01-C12-G0; new=0; dup=0; P3 probe: Skagit Superior Court (2025 ruling; 2026-04-17 refusal to vacate after the WA Driver Privacy Act) held Flock images are public records (Cascadia Daily, 404 Media, InvestigateWest - journalism leads; no court origin fetched; per-image records are Part VIII plate-level - never a feed) -> P3 cell closes (K=1 zero)"
I9a-F078,urllib-get,https://le.utah.gov/~2021/bills/sbillenr/SB0034.htm,2026-09-30T20:37:41Z,1,cell=I6-T00-C11-GS; cand=I9a-C050; status=200; sha256=e79a33a1ab7b; enrolled SB 34 (2021) 'Governmental Use of Facial Recognition Technology'; 77-23e-106(2) statistics on request; (3) yearly report (Aug 1 - Oct 15) to the Government Operations Interim Committee
I9a-F079,urllib-get,https://www.aclum.org/?p=13357,2026-09-30T20:37:42Z,0,cell=I3-T01-C14-G0; cand=none; status=403; sha256=bba908914587; host stopped (R4) (I6 reached aclum.org earlier in its own row)
I9a-Q087,WebSearch,"state-funded ""real-time crime center"" grant program statewide report legislature 2025 OR 2026 RTCC funding list agencies state",2026-09-30T20:38:19Z,1,"cell=I3-TRES-C04-GS; new=1; dup=2; P3 residual probe (class T05, state reporting): MN HF 3198 (2025-26) appropriation + biennial report for the Northwest Metro Regional RTCC (F080) -> I9a-C051 LEAD-ONLY (enactment unverified); Santa Monica RTCC via CA BSCC ORT grant (related I6-C029, journalism); FL LFIR S1451/S1990 and House CPF letters (Aguilar; Norcross - Camden County PD) = members of I9a-C043/I9a-C044; AZ S.2755 approps summary (lead)"
I9a-Q088,WebSearch,"police ""commercial"" license plate data subscription Vigilant ""commercial data"" OR ""LEARN commercial"" OR ""DRN"" ordinance approve city 2025 2026",2026-09-30T20:38:19Z,0,"cell=I3-TRES-C07-G0; new=0; dup=3; P3 continuation of I3's Columbus Vigilant commercial-data probe: Des Moines (dup I9a-C034), Houston HPD Investigative Data Platform 2020 committee deck, Fresno ID16-405 (2016), San Diego PAB 2023 Vigilant staff report (dup queue SRC-003/SRC-005), vendor Plate Locate release (D6) -> P3 cell closes (K=1 zero)"
I9a-Q089,WebSearch,"public.powerdms.com police policy manual public ""license plate"" OR ""unmanned aircraft"" OR ""facial recognition"" policy published",2026-09-30T20:38:19Z,0,"cell=I6-T00-C05-G0; new=0; dup=1; P3 probe: PowerDMS public portals = registered platform powerdms_public_portals (gated) - members surfaced: Lincoln ME PD UAV policy O-31 (tier-A ME; F081), NM State Police OPR:56 UAS (tier-B NM), Asheville PD 514 UAS, Richland WA 605 UAS; agency-site UAS policies (Alton IL 508 2026, Cook County SO 2026, Culver City, Bolingbrook) = I4 T14 items -> P3 cell closes (K=1 zero)"
I9a-Q090,WebSearch,Schmidt v. City of Norfolk Flock license plate reader Fourth Amendment ruling 2026 federal court decision,2026-09-30T20:38:19Z,0,"cell=I6-T00-C12-G0; new=0; dup=1; P3 probe: Schmidt v. Norfolk (E.D. Va. summary judgment for the city 2026-01-27; 4th Cir. appeal, ACLU/EFF amicus 2026-04-20) - court metadata only, reachable via CourtListener (related I3-C088 / courtlistener_recap gated; I6-C038 bulk); counsel and vendor posts = leads -> P3 cell closes (K=1 zero)"
I9a-F080,urllib-get,https://www.revisor.mn.gov/bills/94/2025/0/HF/3198/versions/latest,2026-09-30T20:39:03Z,1,"cell=I3-TRES-C04-GS; cand=I9a-C051; status=200; sha256=61dc61673e36; 'A bill for an act relating to public safety; requiring a report; appropriating money for Northwest Metro Regional Real Time Crime Center' ($2,000,000 FY2026, $1,000,000 FY2027 to Brooklyn Park; participating cities listed)"
I9a-F081,urllib-get,https://public.powerdms.com/LincolnMEPD/documents/2224478,2026-09-30T20:39:06Z,0,cell=I6-T00-C05-G0; cand=none; status=200; sha256=7c86e0532941; PDF policy (Lincoln ME PD UAV policy per snippet) - member of registered powerdms_public_portals; no row
I9a-Q091,WebSearch,"""Range Media"" public Flock data OR Flock camera dataset newsroom records statewide 2026 download",2026-09-30T20:39:40Z,0,"cell=I3-T01-C14-G0; new=0; dup=0; no Range Media dataset surfaced; results were SEO content-farm pages (excluded) and a Mar Vista neighbourhood council packet -> cell closes saturated (K=2 zeros: Q084, Q091)"
I9a-Q092,WebSearch,Huntington West Virginia city council Flock Safety agreement resolution 2026 cityofhuntington agenda,2026-09-30T20:39:40Z,0,"cell=I3-T01-C07-G0; new=0; dup=1; tier-A WV lead (journalism only, no city origin surfaced): council approved 2026-07-14 (6-4) a 5-year >$2.1M Flock purchase and services agreement (>40 LPRs, 17 cameras, 2 drones, 2 gunshot detectors) plus a 2-year support agreement ($77,560); ACLU-WV lawsuit; Putnam County WV reevaluating Flock (WCHS) -> leads recorded under family I9a-C035"
I9a-Q093,WebSearch,"state law private security camera registry police program statute OR ""camera registry"" legislation state enacted real-time crime center access private cameras",2026-09-30T20:39:40Z,0,cell=I3-TRES-C05-GS; new=0; dup=0; P3 residual probe (T06 state policy/statute): only New York 'Safe Streets Security Camera Registry Act' bills 2011-2021 (not enacted; nysenate.gov) -> item=NY; outcome=negative (no enacted state camera-registry statute found) -> P3 cell closes (K=1 zero)
I9a-Q094,WebSearch,"Arkansas city council agenda packet ""Flock Group"" license plate reader agreement 2026 police department resolution pdf",2026-09-30T20:39:59Z,1,"cell=I3-T01-C07-G0; new=1; dup=0; tier-A AR origins: Haskell AR Resolution 19-2025 (F083) -> I9a-C052; Little Rock Board of Directors agenda PDFs 2025-02-18 (LRPD Flock via Insight Public Sector) and 2025-10-21 (F082 challenge); leads: KATV 'Searcy joins six Arkansas cities suspending Flock cameras', Marshall AR installs Flock; Govly meeting pages (paid aggregator, excluded); extension 6 of 7 used (the last query still yielded) -> cell closes extended, capped-unsaturated"
I9a-F082,urllib-get,https://littlerock.gov/city-administration/board-of-directors/meeting-agenda/AGENDA%20-%20WEB%20-%202-18-2025/R%20-%20LRPD%20Flock%20Safety%20Cameras%20with%20Insight%20Public%20Sector.pdf,2026-09-30T20:40:12Z,0,cell=I3-T01-C07-G0; cand=I9a-C035; status=200 challenge page ('Please wait while your request is being verified'); sha256=f26ec0e6d296; host stopped (R4)
I9a-F083,urllib-get,https://www.haskellar.gov/assets/pdf/resolutions/2025/19-2025.pdf,2026-09-30T20:40:13Z,1,"cell=I3-T01-C07-G0; cand=I9a-C052; status=200; sha256=8d1a02ca5ca8; Resolution 19-2025: contract with Flock Safety - 4 LPR cameras $12,000, 2 Flex LPR $7,000, install $4,400 (first year $23,400), then $19,000/yr"
I9a-Q095,WebSearch,"""Office of Inspector General"" OR ""Department of Investigation"" police ""surveillance technology"" audit OR review report 2025 2026 city compliance POST Act OR ordinance",2026-09-30T20:41:19Z,0,cell=I6-T00-C04-G0; new=0; dup=2; NYC DOI OIG-NYPD annual POST Act compliance audits (2024-05-30 report; DOI testimony 2025-02-19; nyc.gov/assets/doi) = related ccops_nyc_post (the audit is the oversight leg of the registered POST disclosures); Seattle OIG consolidated surveillance usage review 2024 (SMC 14.18.060) = related ccops_seattle; Digidog disclosure coverage (journalism)
I9a-Q096,WebSearch,"PlanetBids OR DemandStar OR ""Periscope"" bid ""license plate recognition"" OR ""surveillance camera system"" police award 2026 city bid results",2026-09-30T20:41:19Z,0,"cell=I6-T00-C09-G0; new=0; dup=1; no PlanetBids/DemandStar/Periscope platform page surfaced; BidNet Direct statewide solicitation page (dup registry bidnet); solicitations (snippets): Berkeley RFP 26-11794-C 2026-07-07 (52 ALPR, 16 PTZ, drones; related ccops_berkeley), Wichita LPR hardware/software (50 cameras), Donora PA, Franklin Twp NJ; lead: FBI seeking nationwide near-real-time LPR access (journalism; T03 federal)"
I9a-Q097,WebSearch,"city contract register search vendor ""Flock"" OR ""Axon"" OR ""ShotSpotter"" contracts database public portal contracts awarded list open data procurement",2026-09-30T20:41:19Z,0,"cell=I6-T00-C09-G0; new=0; dup=1; City of Chicago Vendor, Contract and Payment Search (F084) = same institution as the registered Chicago contracts dataset (sources.toml data.cityofchicago.org rsxa-ify5) - alternative interface, not independent; T01 currency leads: Denver ended Flock and awarded Axon ($150,000, 1 yr; Denver Gazette 2026-02-24, Denverite 2026-03-18); Peoria Flock MSA 71 Falcons $910,300 (paid-aggregator snippet); MuckRock ShotSpotter contract requests (not fetched) -> cell closes saturated (K=2 zeros: Q096, Q097)"
I9a-Q098,WebSearch,"""city auditor"" OR ""county auditor"" audit ""surveillance technologies"" police drones cameras license plate report 2025 2026 multiple technologies",2026-09-30T20:41:38Z,0,"cell=I6-T00-C04-G0; new=0; dup=4; CCOPS-jurisdiction outputs only: Seattle City Auditor 2025 usage review (2026-09; SDOT CCTV feeds used by the SPD RTCC without documented procedures - lead), SF biannual surveillance technology inventory 2026-03 and SF Controller 2025 compliance audit (related ccops_sf), Berkeley 2026-03-24 public safety technology item (52 Flock ALPR; related ccops_berkeley), SDPD 2025 (dup SRC-003) -> cell closes saturated (K=2 zeros: Q095, Q098)"
I9a-F084,urllib-get,https://webapps1.chicago.gov/vcsearch/city/vendors/102512086A/contracts,2026-09-30T20:41:54Z,0,"cell=I6-T00-C09-G0; cand=none; status=200; sha256=aeb662c3019b; 'Contracts for SHOTSPOTTER INC': 1 record, area acoustic gunshot surveillance system, Chicago Police Department (award details not copied); related to the registered Chicago contracts dataset"
