theme_id,theme,severity_max,finding_ids,personas_affected,spec_ids_violated,new_needs,draft_requirement,acceptance_test,size,dependencies
TH-02,"Rights, attribution and Part VIII safety at publish time",S0,RI-01 (C2 NEW-2; C3 NEW-2; linked J4 NEW-6); RI-03 (C2 NEW-16; C3 NEW-9; linked E1 NEW-4; J1 NEW-2; J1 NEW-3; J4 NEW-3; E2 H-2); RI-42 (C2 NEW-31; C4 NEW-22); linked non-C: J4 NEW-1; E1 NEW-12; F1 NEW-3,P9-T1 partial; P7-T2 partial; P1-T3 partial; P10-T3 success (handle keys exposed); data subjects; upstream licensors,SIG-PUB-002; SIG-PUB-003; SIG-LIC-004a; SIG-LIC-006; SIG-LIC-008; SIG-LIC-011; SIG-EXPORT-005; SIG-EXPORT-006; SIG-GEO-013; SIG-CONTRIB-020; SIG-API-004 (all MET in matrix),neutral source-identifier policy with re-key/redirect; publish-time content screen over identifiers and labels; publish-time redistribution gate,"DR-C6-01 MUST no personal name/handle in any public identifier (adopts DR-C3-13) | DR-C6-02 MUST per-source upstream attribution on every row, tile and API obligation (adopts DR-C3-09) | DR-C6-03 MUST licence and attribution wherever data appears incl. JSON, every printed page and a site licence statement | DR-C6-04 MUST publish refuses rows whose source terms forbid redistribution",publish-time screen finds 0 handle hits and every personal-looking id of the 58 ArcGIS-owner-derived ids is re-keyed; 0 rows with attribution_required=1 and empty attribution; 0 rows whose attribution differs from the registry; datapackage licence URLs 200; licence line on every PDF page; a planted forbidden-terms row aborts publish,L,"G2 ACT-06 and ACT-07 (hosted write + republish, operator go x2); E2 H-2/E2-12; F5 PKG-08; J4 redistribution matrix; HG-03 for J4 NEW-1 sources; operator decision on re-key redirects"
TH-01,Honesty of public claims and fixtures shown as real,S0,RI-05 (C2 NEW-1; C2 NEW-12 part; C4 NEW-27; linked G1 NEW-7); RI-06 (C2 NEW-12 part; linked E1 NEW-1; E3 NEW-1; E2 NEW-1; E2 H-1); RI-18 (C2 NEW-13; C3 NEW-4; C3 NEW-20; linked F-06; E1 NEW-10; E2 H-4); RI-36 (C2 NEW-19); RI-38 (C2 NEW-30 part; C3 NEW-15); linked non-C: E1 NEW-7; E1 NEW-3; F2b NEW-5,P11-T2 fail (y); P5-T2 partial; P3-T3 partial; P2 trust lost; P10; named agencies and vendor,SIG-UI-042; SIG-UI-043; SIG-UI-045; SIG-UI-048; SIG-UI-049; SIG-UI-012; SIG-CHART-013; SIG-METRIC-004; SIG-METRIC-008b; SIG-METRIC-009; SIG-METRIC-010 (MET); SIG-EVAL-006 (MISSING),fixture-leak build/publish guard; fixtures use invented visibly-synthetic entities; status-word binding rule,"DR-C6-05 MUST production build/publish fails on fixture data or denylisted fixture tokens | DR-C6-06 MUST status words (reviewed, human-verified, Releasable, reproducible, one click, operating, complete) render only when bound to recorded state | DR-C6-07 MUST eval figures show n, labeller type, run/window and PROVISIONAL (adopts DR-C3-03) | DR-C6-08 MUST copy names only metric kinds present in the release",planted fixture token aborts publish; post-publish live crawl finds 0 fixture tokens and no demo task pages; phrase-binding unit test passes; /editorial-standards/ shows 'Not yet performed' and builds; C3 re-trace of /methodology/ finds 0 mismatch; 'resolved sites' carries '(provisional)' on every page,M,"E2 H-1/H-4/H-5/H-6; G2 ACT-06 with verbatim operator copy confirmation; E3/F4 (Q-8, Q-24) before any 'human-verified' can be true"
TH-13,Corrections and disputes,S0,RI-04 (C2 NEW-3; C4 NEW-20; linked F-03; G2 NEW-5; E2 H-3); RI-32 (C4 NEW-8); RI-56 (C4 NEW-17); RI-57 (C4 NEW-19); RI-58 (C4 NEW-15; C4 NEW-16; C4 NEW-30; C4 NEW-18); RI-60 (C2 NEW-34),P10-T1 fail (y); P10-T2 success; P11-T3 partial; C4 T6 abandoned; data subjects with privacy-harm reports,SIG-UI-033; SIG-UI-032; SIG-GOV-001; SIG-GOV-003; SIG-GOV-004; SIG-GOV-011; SIG-FIND-006; SIG-FIND-008 (all MET),handling rule for the interim e-mail channel (retention; no plates or third-party personal data); per-record report-this deep link,"DR-C6-09 MUST /dispute/ and footer state the operated truth, the interim channel and its handling rule; no 'one click'/'anonymous' while not operating | DR-C6-10 MUST intake hardening before operational flips (adopts DR-C4-11) | DR-C6-11 MUST reporter sees outcome, response and link (DR-C4-12) | DR-C6-12 SHOULD pre-filled report-this link and a mobile-fit form | DR-C6-13 SHOULD corrections log start date and why counts are zero",built HTML has 0 'one click' strings while [intake].operational=false; P10-T1 completes in <=2 clicks with a stated channel; reviewer detail 200 over PG (PKG-05 Docker test); composed e2e via web origin; C4 NEW-19 checks pass,S (notice) + M (PKG-05) + L (operation),"Q-29 (answered: operator personal address; G2 NEW-5 risk accepted); Q-27; G2 ACT-06, ACT-17, ACT-20, ACT-23; HG-11 (G2 step 7); D-P32.16-1; F5 PKG-05"
TH-07,"Downloads, API and data access",S0,RI-02 (C3 NEW-1; C3 NEW-10; linked G2 NEW-6; F3 NEW-6; J4 NEW-6; E2 H-5); RI-15 (C2 NEW-8; linked J1 NEW-1; F-09 part); RI-43 (C3 NEW-17; linked J1 NEW-11); linked non-C: J1 NEW-12,P3-T1 fail; P7-T1 fail; P11-T1 fail; P7-T2 partial; P2 (rows behind a figure),SIG-API-002; SIG-API-003; SIG-API-004; SIG-API-008; SIG-API-013; SIG-EXPORT-001; SIG-EXPORT-002; SIG-EXPORT-006; SIG-EXPORT-013; SIG-METRIC-004; SIG-UI-049 (all MET),public Data and downloads page; Table Schemas per resource; schema.org Dataset/DCAT metadata; low-egress path sequenced before linking,"DR-C6-14 MUST /v1/dossier and /v1/coverage return the release-backed record or 404; complete:false when evaluated=0; no placeholder IRIs (adopts DR-C3-12) | DR-C6-15 MUST a Data and downloads page linked from nav and every dossier with per-artifact licence, unit, rows, bytes, sha256, release id; /terms resolves on the site origin | DR-C6-16 MUST one row per entity or declared unit; Table Schema on every resource (adopts DR-C3-10) | DR-C6-17 MUST downloads linked only via the low-egress path with a budget alert",for all 55 slugs the API subject set is a subset of the release dossier subjects; parity test vs static JSON; 0 placeholder literals; P3-T1 and P7-T1 complete from / in <=3 clicks with 0 dead links; portal row_count equals distinct entities or is disclosed; 104/104 resources have a schema,L,API image roll: G2 ACT-08 then ACT-11 (hosted L44-52 + ADR-124 allows) or an operator-approved hotfix (G2 NEW-6); F5 PKG-09 and PKG-06a; J3 (page design); J4; G1 QA-10/ACT-03; Q-10
TH-03,Provenance and evidence linkage,S1,RI-07 (C2 NEW-7; C3 NEW-12 part; linked J1 NEW-4; J1 NEW-8; J1 NEW-10); RI-08 (C2 NEW-15; linked J1 NEW-7); RI-17 (C2 NEW-14; C3 NEW-3; C3 NEW-13; C3 NEW-12 part; linked F-05); linked non-C: J4 NEW-5,P2-T1 fail; P4-T1 fail; P11-T1 fail; P11-T2 fail (y); P2-T2 partial (y); P1-T1 partial (y); P10-T3,SIG-UI-014; SIG-UI-028; SIG-UI-030; SIG-UI-043; SIG-UI-044; SIG-METRIC-003; SIG-METRIC-005; SIG-CONTRIB-020 (MET); SIG-CHART-011 (MET-DIFFERENTLY); SIG-EVID-009; SIG-EVID-010,per-source public pages (J3 source explorer); per-dossier provenance summaries from the exporter; public capture metadata for real OCFL captures,"DR-C6-18 MUST every material dossier figure reaches its rows and a named source + evidence record (capture date, digest, locator, view-original where licensed) in <=2 clicks, or states what is unavailable | DR-C6-19 MUST sources render by publisher name with link, licence, capture dates and a per-source page | DR-C6-20 MUST 'How we know this' page-specific or labelled Site-wide; labels match values; tier split reconciles (adopts DR-C3-02)","agent crawl from the 9 C2 dossiers reaches an evidence record for >=1 figure in <=2 clicks; claim_views non-empty; 0 pages show a source id without its name; box equals C3 page-specific recompute (PT 1/1, FL 4/4, TX 4/5, MD 7/8, GB-ENG 11/12, unresolved 58/58)",XL,"J3 (source explorer, per-record provenance); J4 (capture bytes); F5 PKG-10, PKG-12; G3 release model; republish"
TH-04,"Jurisdiction, geometry and count correctness",S1,RI-10 (C3 NEW-14 part; C3 NEW-6 part; linked F-44; F-04; I1 NEW-1); RI-11 (C3 NEW-6; linked I1 NEW-2); RI-19 (C3 NEW-14 part; C2 NEW-30 part; linked F-04; I1 NEW-4); RI-20 (C3 NEW-5; linked I1 NEW-3); RI-44 (C3 NEW-19); linked non-C: I1 NEW-9,"P1-T1 partial (y; Oklahoma pilot has no dossier); P3-T2 partial; P5-T1 success on a count incl. (0,0)/sign flips; P2 quoting any state figure",SIG-IDENT-006; SIG-ONTO-010; SIG-UI-048; SIG-UI-008; SIG-METRIC-003; SIG-METRIC-004; SIG-METRIC-009; SIG-RECON-058 (all MET),"export geometry QA gate (point-in-polygon, axis order, null island); technology class on every site row; sub-state (city/county) scope or explicit 'no city-level record'","DR-C6-21 MUST one canonical (scheme, code) jurisdiction key; no mixed schemes; full place name everywhere (adopts DR-C3-11) | DR-C6-22 MUST export geometry gate quarantines and discloses outside/null/swapped points (adopts DR-C3-05) | DR-C6-23 MUST 'unresolved' is not a jurisdiction; SHOULD assign geolocated unresolved subjects by point-in-polygon | DR-C6-24 MUST one resolved/geolocated/conflicted definition; join not clamp (adopts DR-C3-04) | DR-C6-25 SHOULD same-source duplicate check | DR-C6-26 MUST technology class per site row (PKG-07)","0 dossiers spanning 2 schemes; ID/MN/DE/CO/SA/GA/CA each name one place; polygon re-run of C3 check finds 0 undisclosed outside points; home/index counts exclude 'unresolved'; latitude ratio equals the geolocated total (227,335 of 232,625 this release); Flock/DeFlock layers read ALPR",XL,"F5 PKG-06 (06a/06b), PKG-07, PKG-11; I8 (same QA for new sources); F4 NEW-5 (resolver input mix); republish (G2/G3)"
TH-05,"Findability, IA, navigation and search",S1,RI-09 (C2 NEW-10; linked F-04 part); RI-50 (C4 NEW-28; C4 NEW-20 part; C2 H05 scorecard); RI-51 (C2 NEW-27; linked F-09 part); RI-52 (C2 NEW-26; C4 NEW-13; C4 NEW-29); RI-59 (C2 NEW-33; linked F2b NEW-8),"P1-T1 partial (y); P6-T1 fail (y); P3-T2 partial; P5-T1 ('GA' never expanded); P12-T1 success; P9-T2 partial; all personas (jargon, error pages)",SIG-UI-043; SIG-UI-045; SIG-UI-046; SIG-UI-048; SIG-UI-049; SIG-UI-037; SIG-UI-050; SIG-CONTRIB-016e; SIG-LIC-007a (all MET),gazetteer place search with honest nearest-record answers; sitemap and Dataset metadata; branded error pages,"DR-C6-27 MUST search resolves jurisdiction names/aliases to their dossier and city/county names to an honest nearest-record answer; state in URL | DR-C6-28 MUST no requirement ids, gate names, snake_case, UUIDs or raw enums in public prose outside a technical-details disclosure | DR-C6-29 SHOULD sitemap, unique titles/meta, Dataset schema, branded 404/403/410, favicon, HSTS","55 jurisdiction names + 20 US city names (incl. Austin, Oklahoma City) resolve 100% to a dossier or the honest nearest-record answer; 'Canberra' finds AU-ACT; HTML body lint finds 0 SIG-/GATE-/HG-/snake_case tokens outside code/details; sitemap lists all dossiers; 0 duplicate titles",M,DR-C6-21 (names); J3 (Dataset metadata); G1 (headers); G2 ACT-06
TH-12,"Epistemic legibility: absence, contradictions, freshness",S1,RI-12 (C2 NEW-5; C3 NEW-7; linked F2a NEW-1); RI-21 (C2 NEW-29; C3 NEW-8; C3 NEW-21; linked F-08; G1 NEW-13); RI-35 (C2 NEW-20; C3 NEW-11),P1-T2 partial (y); P6-T1 fail ('who runs it' unanswered); P2-T3 partial; P11-T2 fail; P3,SIG-TIME-010; SIG-TIME-012; SIG-UI-003; SIG-UI-004; SIG-UI-007; SIG-UI-008; SIG-UI-009; SIG-UI-011; SIG-UI-012; SIG-UI-014a; SIG-METRIC-006; SIG-METRIC-007; SIG-METRIC-009 (MET); SIG-UI-010 (AT-RISK-INTEGRATION),none (pure spec conformance),"DR-C6-30 MUST every valueless field states its absence kind and links to the closing task; no bare section; banner counts every labelled field (adopts DR-C3-06) | DR-C6-31 MUST freshness shows 'not evaluable (n)', volatility, all evidence sources and the data age (adopts DR-C3-07) | DR-C6-32 MUST contested marker wherever the figure appears; contradiction headline counts what it says (adopts DR-C3-08)","0 bare 'unknown' and 0 empty sections across 55 dossiers; banner count equals labelled fields; freshness.json carries staleness_not_evaluable and pages show data age; FL 8,001 figure carries a marker linking its 1,964 conflicted subjects",L,F5 PKG-10; PKG-12 (lifecycle -> Timeline); republish
TH-10,The printed dossier (council-meeting task),S1,RI-13 (C2 NEW-6; C4 NEW-23; C4 NEW-7 part),P1-T3 partial (design centre's defining task); council member (inference: 'neutral but not actionable'); C4 P1-T3 completed_with_detour,SIG-UI-013; SIG-UI-011; SIG-UI-012; SIG-UI-035; SIG-GEO-013; SIG-LIC-004a; SIG-DOS-002 (all MET),one-page council brief as page 1,"DR-C6-33 MUST every printed page on every print path carries site name, place name, as-of pair, release id, permalink, licence line and page n of m; no chrome-only or empty-heading page; page count scales with content | DR-C6-34 SHOULD page 1 is a council brief (place, named agencies/technologies/sources, next decision date or typed absence, top 3 unknowns with records-request route)",PyMuPDF check of the 9 sampled PDFs: as-of + permalink + licence text on every page; 0 pages under 200 body chars; PT prints on <=2 pages; AJ-A3 passes,M,"TH-04 (names, technology); TH-03 (source names); TH-12 (absence kinds); TH-08 (release id)"
TH-08,"Citations, permalinks and release identity",S1,RI-14 (C2 NEW-4; linked F-07; J1 NEW-5); RI-39 (C2 NEW-28; linked F-11),P2-T2 partial (y); P3-T3 partial; P5-T2 partial; P7-T2 partial,SIG-UI-034; SIG-UI-035; SIG-TIME-008; SIG-FIND-001; SIG-FIND-002; SIG-EXPORT-003; SIG-GOV-019 (all MET),none (release namespaces are the spec's own design),"DR-C6-35 MUST no reproducibility claim until a release-pinned route is live; then the cite URL is release-namespaced, byte-stable across releases (410 tombstone after withdrawal), canonical, with a visible notice for un-honourable as-of | DR-C6-36 MUST release id beside the as-of pair on every page, JSON and print; methodology lists all manifest reproducibility inputs, defines 'evaluable' and states the avoidance position (adopts DR-C3-14)",cite URL sha256 identical before and after a staged republish; live as_of probe shows the notice; C3 re-trace finds all 5 manifest inputs on site,L (interim copy S),"G3 release model (pending); F5 PKG-03, PKG-04; G2 ACT-16, ACT-17, ACT-24; HG-11"
TH-06,Map and network,S1,RI-16 (C2 NEW-9); RI-22 (C2 NEW-11; C4 NEW-6; linked F-09 part); RI-45 (C2 NEW-23); RI-46 (C3 NEW-16); RI-53 (C4 NEW-24),P6-T1 fail (y); P6-T2 fail (y); P12-T2 fail (y); P4-T2 partial; C4 T4 abandoned (y); journalist/organizer 'who shares with whom' unanswerable,SIG-UI-016; SIG-UI-017; SIG-UI-018; SIG-UI-019; SIG-UI-021; SIG-UI-022; SIG-UI-024; SIG-UI-025; SIG-GEO-006; SIG-UI-037; SIG-UI-050; SIG-FIND-004; SIG-CHART-013 (all MET),"basemap (tile source, licence, egress decision); no-JS local lists outside the island","DR-C6-37 MUST map draws every published point at a resolvable zoom over an attributed basemap with labels, density bins and coverage underlay; empty viewport says uncovered vs none recorded | DR-C6-38 MUST per-jurisdiction/area no-JS list pages (<=150 KiB, CSV) reachable without the island | DR-C6-39 MUST network nodes/edges named (ADR-124-withheld orgs shown as withheld); three access-edge types filterable and typed incl. archive records (adopts DR-C4-06); unclassified sharing claims counted | DR-C6-40 SHOULD real layer toggles, informative popups, no suppressed counts in the table | DR-C6-41 SHOULD workspace links carry the query",z12 frames at 10 sampled published coordinates each show >=1 point; Austin and Canberra frames show points; P6-T2 and P12-T2 complete with the island blocked; 0 UUID-only labels on /network/; P4-T2 answered,L,"basemap licence/egress decision (J4/G1; Q-10); DR-C6-21, DR-C6-26; ADR-124 allows (G2 ACT-10); F5 PKG-10; TH-14. Code: node labels fall back to ids (exports/src/exports/spine_export.py:994-995)"
TH-16,Round-10 surfaces readiness,S1 (S0 on exposure),RI-23 (C4 NEW-2; C4 NEW-32; linked F-16; B1 NEW-3; E3 NEW-3); RI-24 (C4 NEW-11; C4 NEW-26; C4 NEW-31; linked F-15; B1 NEW-2; F5 NEW-5); RI-25 (C4 NEW-3); RI-26 (C4 NEW-1); RI-27 (C4 NEW-9; linked F-14); RI-28 (C4 NEW-10; linked F-02; G1 NEW-6); RI-29 (C4 NEW-5); RI-30 (C4 NEW-7); RI-31 (C4 NEW-4); RI-54 (C4 NEW-14; linked G2 NEW-2); RI-55 (C4 NEW-12),C4 T1 abandoned; T3 abandoned; T4 abandoned (y); T5 completed (y); T6 abandoned; T7 abandoned (y); re-aimed P1-T1/T2 (y); P2 (citations); P10 and data subjects (withdrawals),SIG-FIND-001; SIG-FIND-002; SIG-FIND-003; SIG-FIND-004; SIG-FIND-005; SIG-FIND-006; SIG-FIND-008; SIG-DOS-001; SIG-DOS-002; SIG-UI-012; SIG-UI-013; SIG-UI-024; SIG-UI-033; SIG-UI-044 (MET); SIG-EVAL-006 (MISSING),per-assertion acquisition labels (DR-C4-03); single owner of the publish (DR-C4-07); build-time future-date guard (DR-C4-15),"adopt DR-C4-01..DR-C4-15 as the exposure bar | DR-C6-42 MUST no Round-10 route exposed (HG-11) until a real candidate (superseding p-17b713) builds in export mode, the link crawl finds 0 unexpected non-200s, research dossiers show acquisition labels and derived review status, and C4's T1-T7 plus re-aimed P1 tasks show 0 wrong-conclusion risk on that candidate",C4-protocol re-run report attached to the G2 step-7 readout; PKG-03 AC (0 unexpected non-200s; every withdrawn alias 410 with tombstone); DR-C4-01..15 each verified,XL,"G2 ACT-12..ACT-24; F5 PKG-03, PKG-04, PKG-05; B1 date fixes; HG-03 (ACT-22 live captures); HG-11; Q-9; Q-12; Q-27"
TH-09,Journalist workflow: sourced headline numbers,S2 (owned; journalist task failures mostly via TH-03/TH-08/TH-01),RI-33 (C2 NEW-17; linked F-09 part); RI-34 (C2 NEW-18); RI-37 (C3 NEW-18; linked F2b NEW-8),"P2-T1 abandoned (fail, y); P11-T1 fail; P3-T2 partial",SIG-UI-049; SIG-METRIC-003; SIG-METRIC-005; SIG-EXPORT-003 (MET); SIG-CHART-011 (MET-DIFFERENTLY),quotable key-figures block; glossary of counted units; per-figure machine pointers (DR-C3-01); number-truth CI (DR-C3-15),"DR-C6-43 MUST home leads with <=6 key figures, each a quotable sentence (value, unit, denominator, not-a-census, as-of, release id, provisional flag) with a where-this-comes-from link; 127 ratios move to /coverage-metrics/ | DR-C6-44 MUST one label per quantity site-wide via a glossary | DR-C6-45 MUST every displayed number renders from a public release artifact with a pointer; CI recomputes figures from bulk (adopts DR-C3-01, DR-C3-15)","the journalist persona completes P2-T1 from / in <=5 minutes with a sourced figure whose source artifact is reached in <=3 clicks; home <=5 screens tall at 390 px (36,036 CSS px today); C2 7 cross-page table shows one label per value; C3 number_trace re-run 0 mismatch and 0 untraceable",L,F5 PKG-10; TH-03; TH-08 (release id); G3
TH-11,Organizer workflow: local action,S2 (owned; organizer task failures mostly via TH-04/TH-06/TH-12/TH-05),"RI-40 (C2 NEW-21); RI-41 (C2 NEW-22; linked G1 NEW-7); linked non-C: I1 NEW-4; I1 NEW-7; organizer lens in C2 JOURNEYS (P1, P6)",P8-T1 fail; P8-T2 partial (y); P1-T4 partial; P7-T3 success; organizer lens on P1 and P6 (0 of 6 organizer-like tasks succeeded),SIG-UI-007; SIG-UI-011; SIG-UI-014a; SIG-UI-014b; SIG-UI-026; SIG-UI-027; SIG-UI-027a; SIG-UI-031; SIG-TASK-002; SIG-TASK-010; SIG-TASK-015; SIG-TASK-016; SIG-CONTRIB-019 (MET; SIG-UI-010 AT-RISK-INTEGRATION),"public records-request templates per gap; per-dossier agency and approving-body list; comparison view with CSV; no-account how-to-help path; routing governance claims (agenda, procurement, CCOPS) to jurisdiction pages","DR-C6-46 MUST no-JS jurisdiction filter on the research queue; task cards show plain subject, what is sought, closing condition, effort and how to help | DR-C6-47 MUST gap/task pages never claim a task was filed on GET; offer closing evidence, a ready-to-file records request with the records law, and where to send findings | DR-C6-48 SHOULD dossiers name agencies/operators, technology classes and approving bodies (or typed absence), link the jurisdiction watch; comparison view with CSV; governance claims routed to jurisdiction pages",P8-T1 completes in <=3 minutes; filter lists every jurisdiction with tasks; 78/78 task pages' copy verified; P8-T2 wrong-conclusion n; AJ-O1..AJ-O4 pass,L (UI) + XL (data routing and acquisition),"TH-04 (names, technology); TH-12 (absence kinds); TH-03 (sources); Stream I (I2, I7, I8: renewal/contract/agenda data); J3; decision on a public contributor channel (ADR-068 posture)"
TH-14,Performance budgets,S2,RI-47 (C2 NEW-32); RI-48 (C2 NEW-24; C4 NEW-25),P12-T2 fail (y); P6,SIG-UI-036; SIG-UI-041; SIG-UI-050; SIG-FIND-005 (MET); ADR-134,none,"DR-C6-49 MUST budgets enforced in CI on a real-data export-mode build: /map/ document <=153,600 B; totals within ADR-134 ceilings; CLS <=0.1 on every island; content-page mobile perf >=0.9 (adopts DR-C4-13) | DR-C6-50 SHOULD mobile map: collapsible attribution, map >=50% of viewport height, list link above the fold",Lighthouse CI over the export-mode build passes and the live re-measure agrees,M,F5 PKG-03a (export-mode CI build); DR-C6-38
TH-15,Accessibility,S2,RI-49 (C2 NEW-25; C4 NEW-21),P12; keyboard and screen-reader users,"SIG-FIND-005; SIG-UI-005 (MET); WCAG 2.2 AA 1.4.10, 2.5.3, 1.3.1",none,DR-C6-51 MUST every public page reflows at 320 CSS px and long ids wrap (adopts DR-C4-14); axe incl. moderate and best-practice finds 0 violations on the sampled set; label-in-name passes; one main landmark incl. print; /map/ unresolved list collapsed behind one control,axe plus a headless 320-px check run in CI on the sampled set; manual hatch-contrast check recorded,S-M,none (can ship with G2 ACT-06)
