row,id,cat_ids,title,sub_round,phase,kind,depends_on,operator_gate,live_stage,est_runs,window_constraints,notes
201,P34.1,R11-CI-01,TC-PIN: toolchain pin and CI hygiene (must land before 2026-10-19),11A,P34,ticket,,none,none,1.0,must land before 2026-10-19T00:00Z (ubuntu-latest -> Ubuntu 26),"size M | CF-01: owns the docs-job push trigger, cancel-in-progress for PRs only and the pinned-test rewrite + ADR; SEED-02 wires guards into the PR-triggered docs job only | catalog: early R11 (deadline 2026-10-19)"
202,P34.2,R11-CI-02,"TC-TRUTH: recorded-CI verifier, external delta, flake policy, advisory gate",11A,P34,ticket,P34.1;SEED-02,Q-H2-4 [B-15] -> default: no re-run; allow-listed flakes go to blockedOn,none,1.0,none,size M | owns S0/S1: F-20(S1) | catalog: early R11
203,P34.3,R11-ACT-01,"Ops data protection (QA-1, QA-2, QA-6, QA-7 + bucket versioning + disk cap)",11A,P34,ticket,,"named mutation (A-15 [A-15] -> default a): no per-step go; listed in the GATE-B pre-authorisation (exact rows, expiry = sub-round end, voided by a new material fact; OM-10) · Q-23 disk cap [B-11] -> default: autoresize cap 25 GB",production write,0.5,"QA metadata actions: allowed inside AR-3 windows, never 03:00-10:00Z",size S | owns S0/S1: F-275(S1) | +$0.3/mo (S1a upper end) | catalog: early R11 (wave 0)
204,P34.4,R11-ACT-02,"Alerts that reach a human (QA-3, QA-4, QA-5, QA-8 disable)",11A,P34,ticket,,"named mutation (A-15 [A-15] -> default a): no per-step go; listed in the GATE-B pre-authorisation (exact rows, expiry = sub-round end, voided by a new material fact; OM-10) · OD-01 [A-1] -> default c (no Track-0; this ticket executes); Track 0.5 alerts already live 2026-10-01T00:09Z — ticket verifies, extends (QA-5/QA-8) and codifies",production write,0.5,"allowed inside AR-3 windows, never 03:00-10:00Z; before the 10-10T03:35Z replay if R0 allows",size S | owns S0/S1: F-273(S1) | +$1/mo (S1a upper end) | catalog: early R11 (wave 0)
205,P34.5,R11-ACT-03,"Cost guard: budget alert at the ceiling, billing export, visible spend ledger",11A,P34,ticket,,OD-02/OD-03 [A-2] -> default: ceiling = infra only; budget alert + billing export land in this ticket · billing-admin step is OP-12 (operator),production write,0.5,any time (billing metadata),size S | +$0.1/mo (S1a upper end) | catalog: early R11 (wave 0)
206,P34.6,R11-ACT-04,Restore drill at scale + restore-point procedure + monthly logical export,11A,P34,ticket,P34.3,"named mutation (A-15 [A-15] -> default a): no per-step go; listed in the GATE-B pre-authorisation (exact rows, expiry = sub-round end, voided by a new material fact; OM-10) (clone create/delete) · OD-01 [A-1] QA-9 timing -> default: the drill runs here",production write,1.0,"separate clone instance: allowed inside AR-3, never 03:00-10:00Z, never concurrent with sig-materialize; ideally before 10-10","size M | owns S0/S1: F-01(S0),F-285(S1) | +$0.5/mo (S1a upper end) | catalog: early R11 (wave 0)"
207,P34.7,R11-MEM-01,M1 check-append-only full modes + replay oracle + nightly replay,11A,P34,ticket,SEED-02,none,none,1.0,none,size M | catalog: early R11
208,P34.8,R11-MEM-03,M3 obligation_events repair + correction/transition data,11A,P34,ticket,SEED-02,none,none,1.0,none,size M | CF-03: applies every DEFERRALS lead-token transition SEED-14 queued; 11A exit requires 0 pending | catalog: early R11
209,P34.9,R11-MEM-02,M2 ledger-contract validator + no-vacuous-pass (G5 + G11),11A,P34,ticket,SEED-02,none,none,1.0,none,size M | catalog: early R11
210,P34.10,R11-ACT-05,One allow-listed publish path (no hand rsync; never deletes release trees),11A,P34,ticket,,none,none,1.0,none,"size M | owns S0/S1: F-02(S0),F-160(S1),F-277(S1) | catalog: early R11 (wave 0)"
211,P34.11,R11-K13-UXW0-1,"Honest home, dossier and coverage copy",11A,P34,ticket,P34.10,"OD-07 [B-2] -> default b: removal-only corrections ship; new sentences stay ""pending review"" until confirmed verbatim",publish (rides R11-ACT-06/07),1.0,AR-3 + AR-2,"size M | owns S0/S1: F-05(S1),F-100(S1),F-109(S1),F-132(S1),F-136(S1),F-422(S1) | catalog: early R11 (wave 0)"
212,P34.12,R11-K13-UXW0-3,Research-queue truth fixes,11A,P34,ticket,P34.10,OD-07 [B-2] -> default b,publish (rides R11-ACT-06/07),0.5,AR-3 + AR-2,size S | catalog: early R11 (wave 0)
213,P34.13,R11-K13-UXW0-4,"Chrome, format and accessibility quick fixes",11A,P34,ticket,P34.10,OD-07 [B-2] -> default b,publish (rides R11-ACT-06/07),1.0,AR-3 + AR-2,size M | owns S0/S1: F-103(S1) | catalog: early R11 (wave 0)
214,P34.14,R11-K13-UXW0-5,Jurisdiction display names (interim),11A,P34,ticket,,OD-07 [B-2] -> default b,publish (rides R11-ACT-06/07),0.5,AR-3 + AR-2,size S | owns S0/S1: F-105(S1) | catalog: early R11 (wave 0)
215,P34.15,R11-K13-UXW0-6,"Map, network and search island honesty",11A,P34,ticket,,OD-07 [B-2] -> default b,publish (rides R11-ACT-06/07),0.5,AR-3 + AR-2,size S | catalog: early R11 (wave 0)
216,P34.16,R11-GOV-01,"Public-repo honesty corrections (governance doc, 'counsel' reviewer entries)",11A,P34,ticket,,"Q-E2-07/Q-E2-10 [A-4] -> default: text correction only (false claims removed, spec clauses stay owed); wording via B-2",none,0.5,none,size S | owns S0/S1: F-189(S1) | catalog: early R11
217,P34.17,R11-ACT-06,Web honesty wave + republish #1 (copy and small code on the 09-27 data),11A,P34,ticket,P34.10;P34.11;P34.12;P34.13;P34.14;P34.15,"IN-TICKET PAUSE: republish go, verbatim (HG-11 semantics; never pre-authorised) · OD-07 [B-2] -> default b · OD-08 [B-8] -> default a: email-only, SLA text ""pending review"" until confirmed",publish,1.0,PUB; web-bucket republish allowed inside AR-3 windows outside 03:00-10:00Z,"size M | owns S0/S1: F-03(S0),F-06(S1),F-096(S0),F-098(S1),F-107(S1),F-108(S1),F-133(S1),F-183(S0),F-185(S1),F-192(S1),F-198(S1),F-201(S1) | CF-12: depends on UXW0-1/3/4/5/6 (direction inverted from K13) | catalog: early R11 (wave 0)"
218,P34.18,R11-SAFE-01,Personal-handle source-id rename with append-only aliases (S0 RI-01),11A,P34,ticket,P34.10,DR-C6-01 [B-3] -> default a (re-key; old->new map restricted) · G2-S0X [B-1] -> default yes; ships in P34.21 re-export,production write + publish,1.0,re-export rides P34.21,"size M | owns S0/S1: F-097(S0),F-131(S0) | catalog: early R11 (wave 0)"
219,P34.19,R11-SAFE-02,Withdraw forbidden-terms and demo sources from publication (D-J3-5),11A,P34,ticket,P34.10,Q-J4-2/D-J3-5 + I7-C1 [A-8] -> default: withdraw the NEW-1 rows and restrict camreg_txdot_rep_tx,publish,0.5,publication rides P34.21,size S | owns S0/S1: F-403(S1) | catalog: early R11 (wave 0)
220,P34.20,R11-K13-UXW0-2,Watch and evidence empty-state truth + interim artifact list,11A,P34,ticket,P34.10,OD-07 [B-2] -> default b (as UXW0-1),publish (rides R11-ACT-06/07),1.0,AR-3 + AR-2,size M | owns S0/S1: F-389(S1) | interim mitigation for: F-522 | catalog: early R11 (wave 0)
221,P34.21,R11-ACT-07,Attribution defect + publish-time attribution gate + re-export and republish #2,11A,P34,ticket,P34.6;P34.10;P34.18;P34.19;P34.20,"IN-TICKET PAUSE: republish #2 go, verbatim · hosted backfill = named mutation (A-15 [A-15] -> default a): no per-step go; listed in the GATE-B pre-authorisation (exact rows, expiry = sub-round end, voided by a new material fact; OM-10) · A-8/B-3 defaults as P34.18/P34.19",production write + publish,2.0,hosted backfill not before 2026-10-13T12:00Z (AR-3) -> live leg queued if reached earlier; AR-3 + AR-2; then PUB,"size L (split a/b at T3) | owns S0/S1: F-111(S1),F-138(S1),F-186(S1),F-387(S0),F-405(S1),F-531(S1) | CF-12: content rows P34.18-P34.20 precede it; CF-15/CF-17: bundle kept, defaults make it decision-independent | catalog: early R11 (wave 0)"
222,P34.22,R11-ACT-12,"Date truth in code: release constants, fixture capture dates, future-date literal test",11A,P34,ticket,SEED-08;SEED-03,"Q-12/Q-B1-3 [B-4] -> default a: supersede p-17b713, no re-sign",none,2.0,none,"size L (split a/b at T3) | owns S0/S1: F-050(S1),F-051(S1),F-052(S1) | catalog: early R11"
223,P34.23,R11-REL-10,Versioning discipline + one version source (REL-10),11A,P34,ticket,,"D-G3-6 [B-10] -> default: no tags (tags are operator acts, OP-08)",none,0.5,none,size S | catalog: early R11
224,P34.24,R11-ACT-09,Sqitch lifecycle hygiene + round-trip CI + L44-52 clone rehearsal,11A,P34,ticket,P34.6;SEED-03,"named mutation (A-15 [A-15] -> default a): no per-step go; listed in the GATE-B pre-authorisation (exact rows, expiry = sub-round end, voided by a new material fact; OM-10) (PITR clone rehearsal of L44-52; sig-pg read-only)",read-only + clone,2.0,clone only; sig-pg read-only; never 03:00-10:00Z,size L (split a/b at T3) | catalog: early R11
225,P34.25,R11-ACT-08,"API honesty code (S0 RI-02): dossier/coverage scope, terms, grants",11A,P34,ticket,P34.24,G2-HOTFIX [B-7] -> default a: no API hotfix; ships with P34.46 unless P34.46 slips past 2026-10-21 (then disclosed),none (deploys via R11-ACT-11),1.0,none,"size M | owns S0/S1: F-130(S0),F-139(S1) | CF-10: honest 404/""scope not available"" now; real jurisdiction scope in P35.57 REL-05 after JUR-02a | catalog: early R11 (wave 0)"
226,P34.26,R11-ACT-10,"ADR-124 allow dispositions: owed row, sig-ops disposition verb, flagged-org census",11A,P34,ticket,P34.24,G2-ADR124 + D-K2-1 [A-10] -> default: empty allow list (all organisations withheld),read-only,1.0,read-only (allowed in AR-3),size M | owns S0/S1: F-452(S1) | catalog: R11
227,P34.27,R11-MEM-04,M4 remaining B2 restorations under M1,11A,P34,ticket,P34.7;P34.8;OP-18,OD-06 [A-13] -> default yes (restoration is corrective) · OP-18 readout-addenda confirmations (operator),none,1.0,none,size M | catalog: early R11
228,P34.28,R11-MEM-07,Readout authorship rules in full (G4b) + gate-record hedge/delegation lint,11A,P34,ticket,SEED-02;P34.27,Q-E2-21 [A-16] -> default yes,none,0.5,none,"size S | owns S0/S1: F-29(S1),F-36(S1) | catalog: early R11"
229,P34.29,R11-MEM-05,"M5 return_pass.py generator + projection fixes (landings, verify in CI)",11A,P34,ticket,SEED-16,none,none,1.0,none,size M | catalog: early R11
230,P34.30,R11-MEM-06,M6 D-R10-MEMORY-1 disposition (option C) + DEFERRALS transition CI rule,11A,P34,ticket,P34.7;P34.8,OD-05 [A-13] -> default: D-R10-MEMORY-1 stays OPEN in shadow (ticket records the no-change disposition only),none,0.5,none,size S | catalog: early R11
231,P34.31,R11-MEM-08,Living-record test lint (G6) + nightly advance backtest,11A,P34,ticket,SEED-03,none,none,0.5,none,size S | catalog: early R11
232,P34.32,R11-MEM-09,ADR index generator + superseded status + trigger-register checker (G8),11A,P34,ticket,SEED-15,none,none,1.0,none,size M | catalog: early R11
233,P34.33,R11-MEM-10,Round-close record checks (G9 + capstone two-sum + tail probe-sweep contract),11A,P34,ticket,P34.32;SEED-15,none,none,0.5,none,size S | catalog: early R11
234,P34.34,R11-ACT-16,Release-archive correctness + export-mode build repair,11A,P34,ticket,,none,none,2.0,none,"size L (split a/b at T3) | owns S0/S1: F-151(S1),F-155(S1),F-156(S1),F-157(S1) | catalog: R11"
235,P34.35,R11-ACT-18,"Research-dossier disclosure (acquisition, review, dates, licence, permalink)",11A,P34,ticket,P34.22,none,none,1.0,none,"size M | owns S0/S1: F-16(S1),F-152(S1),F-153(S1) | catalog: R11"
236,P34.36,R11-ACT-19,"Release-search states (empty, errors, scope counts, pager)",11A,P34,ticket,,none,none,1.0,none,size M | owns S0/S1: F-154(S1) | catalog: R11
237,P34.37,R11-ACT-20,Intake defects + moderation hardening before any operational flip,11A,P34,ticket,,none,none,1.0,none,size M | owns S0/S1: F-158(S1) | catalog: R11
238,P34.38,R11-ACT-21,"D-R10-SOURCES-1 prep: URL reconciliation, pilot packet fix, Part VIII drafts, registry rows, BidNet terms",11A,P34,ticket,,none,none,1.0,none,size M | catalog: R11
239,P34.39,R11-OPS-07,First-fire wave + 10-10 OSM replay watch and read-backs (D-P31.4-1),11A,P34,ticket,P34.4,none,read-only,0.5,clock-guarded (AR-4): after the 10-10T03:35Z replay execution ends; remaining first-fire read-backs to 10-21T06:09Z and peel-on 10-29T12:00Z via the live-leg queue,size S | catalog: early R11 (calendar-bound)
240,P34.40,R11-ACT-17,"Serving topology: LB path rules, registry mount, P32.13 nginx roll",11A,P34,ticket,P34.10,"named mutation (A-15 [A-15] -> default a): no per-step go; listed in the GATE-B pre-authorisation (exact rows, expiry = sub-round end, voided by a new material fact; OM-10) (LB path rules, registry mount, nginx roll — dark until P35.63)",production write,1.0,not inside AR-3 windows; never 03:00-10:00Z,size M | owns S0/S1: F-159(S1) | catalog: R11
241,P34.41,R11-ACT-17b,"Withdrawal-barrier bytes: tombstones, alias coverage, entity stubs, /r/<pub>/ landing",11A,P34,ticket,P34.40,none,none,1.0,none,size M | catalog: R11
242,P34.42,R11-OPS-01,Least-privilege runtime identities (remove project Editor),11A,P34,ticket,,"named mutation (A-15 [A-15] -> default a): no per-step go; listed in the GATE-B pre-authorisation (exact rows, expiry = sub-round end, voided by a new material fact; OM-10) (IAM: per-workload SAs, remove project Editor)",production write,2.0,AR-3 + AR-2 (first slot after 2026-10-13T12:00Z),size L (split a/b at T3) | owns S0/S1: F-272(S1) | catalog: R11
243,P34.43,R11-ACT-13,Execution host for hosted return passes + least-privilege DB logins,11A,P34,ticket,P34.42,"named mutation (A-15 [A-15] -> default a): no per-step go; listed in the GATE-B pre-authorisation (exact rows, expiry = sub-round end, voided by a new material fact; OM-10) (execution host + sig_audit read-only login)",production write,1.0,AR-3 + AR-2,size M | catalog: R11
244,P34.44,R11-CONF-01,"Quality harness, check registry and L2 baseline (27-check suite, ratchet mode)",11A,P34,ticket,P34.43,"named mutation (A-15 [A-15] -> default a): no per-step go; listed in the GATE-B pre-authorisation (exact rows, expiry = sub-round end, voided by a new material fact; OM-10) (nightly quality job)",production write,1.0,"AR-3 + AR-2; nightly job off-peak, not 03:00-06:30Z","size M | interim mitigation for: F-506,F-507,F-511,F-518,F-519,F-520,F-521 | +$2/mo (S1a upper end) | catalog: R11 (L3 wave 1)"
245,P34.45,R11-CONF-02,"Honest evaluation posture: inferential tiers review-only, human estimands unavailable",11A,P34,ticket,P34.17;P34.43(S2),"Q-L3-1 [A-6] -> default: no automatic collapse at all, inferential tiers review-only · ER re-run = named mutation (A-15 [A-15] -> default a): no per-step go; listed in the GATE-B pre-authorisation (exact rows, expiry = sub-round end, voided by a new material fact; OM-10); publication rides the next republish/release (no extra Class S)",production write + publish,0.5,AR-3 + AR-2 (ER re-run on the P34.43 host),size S | owns S0/S1: F-512(S1) | S2 placement: after P34.43 so the ER re-run has its host; wording already shipped in P34.17 (H-4) | A-6-dependent (default: no automatic collapse) | catalog: early R11 (wave 0)
246,P34.46,R11-ACT-11,Round-10 schema (sqitch L44-52) + ADR-124 allows + Round-10 API roll,11A,P34,ticket,P34.4;P34.6;P34.25;P34.24;P34.26;P34.39,"IN-TICKET PAUSE (never pre-authorised: L44 rewrites claim_evidence under an exclusive lock): explicit go, operator available in the slot · G2-ADR124 [A-10] -> default: empty allow list",production write,1.0,not before 2026-10-14T14:00Z; after P34.39 10-10 read-back; 14:00-20:00Z weekday; AR-3 + AR-2; 48 h soak before P35.11/P35.61,size M | +$1/mo (S1a upper end) | catalog: R11
247,P34.47,NEW (S2),Sub-round 11A acceptance: live-read sweep + GATE-G4 packet,11A,P34,capstone,P34.46,none,read-only,0.5,after P34.46 lands live (>= 2026-10-14),
248,GATE-G4,NEW (S2),"GATE-G4 — 11A check-in (budget, publication, rights; pre-authorises 11B named mutations)",11A,P34,gate,P34.47,"operator check-in, one line (""continue"" is complete); every item inside carries its own default; silence = pause (OM-18), never consent",none,0,none,
249,P35.1,R11-OPS-03,Scheduler of record + live-diff + cron lint + fleet hygiene,11B,P35,ticket,P34.4,"named mutation (A-15 [A-15] -> default a): no per-step go; listed in the GATE-G4 pre-authorisation (exact rows, expiry = sub-round end, voided by a new material fact; OM-10) (job deletion, AR policy, reingest schedule removal) · G1-TRIM [B-13] -> default: no trims (lint + scheduler of record only)",production write,2.0,AR-3 + AR-2,size L (split a/b at T3) | CF-09: sole owner of the cron lint (+ scheduler of record); P35.6 ACQ-01 waits on it | +$-1/mo (S1a upper end) | catalog: R11
250,P35.2,R11-OPS-02,Alerting as code + probe targets out of the image + escalation,11B,P35,ticket,P34.4,"named mutation (A-15 [A-15] -> default a): no per-step go; listed in the GATE-G4 pre-authorisation (exact rows, expiry = sub-round end, voided by a new material fact; OM-10) (alert roll; codifies Track 0.5 resources)",production write,1.0,AR-3 + AR-2,size M | catalog: R11
251,P35.3,R11-SAFE-05,Production-truth probes + fixture-sentinel scan (G10),11B,P35,ticket,P34.44;P34.4,none,none,1.0,none,size M | catalog: R11
252,P35.4,R11-OPS-05,Ops runbook (docs/ops/RUNBOOK.md) + stale ops doc fixes,11B,P35,ticket,,none,none,1.0,none,size M | catalog: R11
253,P35.5,R11-K13-TX-11,Zero-egress distribution host,11B,P35,ticket,P34.5;P34.10,"D-J3-4 + Q-31 [A-3] -> default b: no DNS change, host built but no public download link; R2 leg needs OP-09 · infra = named mutation (A-15 [A-15] -> default a): no per-step go; listed in the GATE-G4 pre-authorisation (exact rows, expiry = sub-round end, voided by a new material fact; OM-10)",production write (infra + DNS),1.0,AR-3 + AR-2; R2 leg after OP-09,"size M | A-3-dependent (default b: GCS host, no public download links) | +$1/mo (S1a upper end) | catalog: R11"
254,P35.6,R11-ACQ-01,Acquisition plumbing and verification harness,11B,P35,ticket,SEED-03;P35.1,none,none,1.0,none,size M | owns S0/S1: F-330(S1) | catalog: R11
255,P35.7,R11-ACQ-02,Registry and tenant label corrections M1-M7,11B,P35,ticket,,I7-X4 [B-40] -> default approve,none,0.5,none,size S | catalog: R11
256,P35.8,R11-ACQ-04,"Legistar keyword-filtered, paged matter pass + agenda vocabulary",11B,P35,ticket,P35.6;P35.7,none,none,1.0,none,size M | catalog: R11
257,P35.9,R11-ACQ-05,USAspending/CROL vocabulary and filters,11B,P35,ticket,P35.6,none,none,0.5,none,size S | catalog: R11
258,P35.10,R11-ACQ-06,State ALPR statute seed 2026 and duty rows,11B,P35,ticket,P35.6,C9 -> default a,none,0.5,none,size S | owns S0/S1: F-374(S1) | catalog: R11
259,P35.11,R11-ACQ-07,Wave A activation (widening group),11B,P35,ticket,P35.7;P35.8;P35.9;P35.10;P34.3;P34.4;P34.5;P34.6;P34.46,"ING-GO-A verbatim [B-11] (collected at GATE-G4 for 10-19..10-23, else IN-TICKET PAUSE; unanswered -> live leg queued, code lands) · I7-X3 [A-7] -> default confirm",production write,0.5,"Wave A window 2026-10-19 -> 10-23, 14:00-20:00Z, >= 48 h after P34.46; one manual run at a time; not concurrent with sig-materialize",size S | +$0.5/mo (S1a upper end) | catalog: R11
260,P35.12,R11-REL-01,Release identity v2 + clock guards (REL-01),11B,P35,ticket,P34.22;P34.23,D-G3-1/D-G3-2 [B-9] -> default yes,none,1.0,none,size M | catalog: R11
261,P35.13,R11-REL-02,"Provenance stamp, release.json, headers (REL-02)",11B,P35,ticket,P35.12;P34.17,none,publish (next republish),1.0,AR-3 + AR-2,size M | catalog: R11
262,P35.14,R11-DATA-03,Ontology/vocabulary conformance + closed vocabulary at the sink + entity typing,11B,P35,ticket,P34.24,"named mutation (A-15 [A-15] -> default a): no per-step go; listed in the GATE-G4 pre-authorisation (exact rows, expiry = sub-round end, voided by a new material fact; OM-10) (typed identity decisions)",production write (typed identity decisions),2.0,AR-3 + AR-2,size L (split a/b at T3) | catalog: R11
263,P35.15,R11-DATA-02,Technology typing of registry records + append-only backfill (PKG-07),11B,P35,ticket,P35.14,"named mutation (A-15 [A-15] -> default a): no per-step go; listed in the GATE-G4 pre-authorisation (exact rows, expiry = sub-round end, voided by a new material fact; OM-10) (hosted append-only backfill)",production write,2.0,AR-3 + AR-2,"size L (split a/b at T3) | owns S0/S1: F-329(S1),F-523(S1) | catalog: R11"
264,P35.16,R11-DATA-01,"Geometry defects at ingest: per-target axis order, detectors, correction claims, portal rows",11B,P35,ticket,,"named mutation (A-15 [A-15] -> default a): no per-step go; listed in the GATE-G4 pre-authorisation (exact rows, expiry = sub-round end, voided by a new material fact; OM-10) (correction claims)",production write (correction claims),1.0,AR-3 + AR-2,size M | owns S0/S1: F-322(S1) | catalog: R11
265,P35.17,R11-K13-JUR-01,"Jurisdiction registry, boundary pack and lookup@1",11B,P35,ticket,P35.12,"D-K4-1 [B-24] HG-03 boundaries -> default NOT flipped: code + fixtures land, hosted capture queued; JUR chain and P35.63 wait (critical-path stall; S2 asks S3/S5 to move B-24 to Part A) · D-K4-2/D-K4-4 [B-22] -> as recommended",production write (hosted capture after HG-03),1.0,AR-3 + AR-2 (hosted capture after HG-03),"size M | owns S0/S1: F-44(S1),F-321(S1) | catalog: R11"
266,P35.18,R11-K13-JUR-02a,Keep the declared jurisdiction scheme,11B,P35,ticket,P35.17;P34.24,none,none,0.5,none,size S | catalog: R11
267,P35.19,R11-K13-JUR-02b,Placement engine placement@1,11B,P35,ticket,P35.17;P35.18;P35.16(S2),none,none,1.0,none,"size M | owns S0/S1: F-04(S1),F-135(S1),F-324(S1),F-469(S1),F-529(S1) | S2 sequence edge: after P35.16 DATA-01 (CF-14: corrected axis order before placement) | catalog: R11"
268,P35.20,R11-DATA-04,"Public number derivations (PKG-10): provenance per dossier, unclamped coverage, freshness classes",11B,P35,ticket,P35.18,none,none,2.0,none,size L (split a/b at T3) | owns S0/S1: F-134(S1) | catalog: R11
269,P35.21,R11-DATA-08,Hosted read-only partner-name audit run (sizes D-P32.3-1),11B,P35,ticket,P34.46,none,read-only,0.5,none,size S | catalog: R11
270,P35.22,R11-CONF-03a,Truthful claim identity (volatile fields leave the digest),11B,P35,ticket,P34.44,"named mutation (A-15 [A-15] -> default a): no per-step go; listed in the GATE-G4 pre-authorisation (exact rows, expiry = sub-round end, voided by a new material fact; OM-10) (re-ingest via next scheduled runs)",production write (re-ingest on next scheduled runs),1.0,takes effect on next scheduled runs (camreg batches fire days 6-13),size M | owns S0/S1: F-504(S1) | catalog: R11
271,P35.23,R11-CONF-08,Real-data regression corpus + perturbation and hard-negative harnesses,11B,P35,ticket,P34.44,"named mutation (A-15 [A-15] -> default a): no per-step go; listed in the GATE-G4 pre-authorisation (exact rows, expiry = sub-round end, voided by a new material fact; OM-10) (restricted-bucket write)",production write,1.0,AR-3 + AR-2,size M | +$0.05/mo (S1a upper end) | catalog: R11
272,P35.24,R11-CONF-03b,"Truthful subject keys + append-only re-keying of the 5,278 collided subjects",11B,P35,ticket,P35.22,"named mutation (A-15 [A-15] -> default a): no per-step go; listed in the GATE-G4 pre-authorisation (exact rows, expiry = sub-round end, voided by a new material fact; OM-10) (hosted re-key run)",production write,1.0,AR-3 + AR-2,"size M | owns S0/S1: F-506(S1),F-518(S1) | catalog: R11"
273,P35.25,R11-CONF-04,"Declared lineage, id namespaces and independence",11B,P35,ticket,P35.24,"named mutation (A-15 [A-15] -> default a): no per-step go; listed in the GATE-G4 pre-authorisation (exact rows, expiry = sub-round end, voided by a new material fact; OM-10) (registry change + rematerialize)",production write (registry change + rematerialize),1.0,AR-3 + AR-2,size M | owns S0/S1: F-507(S1) | catalog: R11
274,P35.26,R11-CONF-06,"Roles and time backend: operator vs publisher, dated edges, supersession",11B,P35,ticket,P35.14,"named mutation (A-15 [A-15] -> default a): no per-step go; listed in the GATE-G4 pre-authorisation (exact rows, expiry = sub-round end, voided by a new material fact; OM-10) (re-ingest EFF/OSM; rematerialize edges)",production write (re-ingest EFF/OSM; rematerialize edges),1.0,AR-3 + AR-2,size M | owns S0/S1: F-521(S1) | catalog: R11
275,P35.27,R11-CONF-05,"Resolver input truth: valid time, directness, tolerance-aware dissent",11B,P35,ticket,P35.25;P35.14,"named mutation (A-15 [A-15] -> default a): no per-step go; listed in the GATE-G4 pre-authorisation (exact rows, expiry = sub-round end, voided by a new material fact; OM-10) (rematerialize)",production write (rematerialize),1.0,AR-3 + AR-2,size M | owns S0/S1: F-519(S1) | catalog: R11
276,P35.28,R11-SAFE-03,"Officer-naming gate on the publication path, default deny (PUB-007, H-9)",11B,P35,ticket,,none,none,1.0,none,size M | catalog: R11
277,P35.29,R11-K13-GX-01,"Shared labels, slugs and hashes",11B,P35,ticket,,"D-K2-1 [A-10] -> default: organisations withheld (""pending publication review""); non-organisation labels ship",none,1.0,none,size M | A-10-dependent (default: organisations withheld) | catalog: R11
278,P35.30,R11-K13-GX-02,"/network/ labels, dates and evidence (export side)",11B,P35,ticket,P35.29;P34.15,D-K2-1 [A-10] -> default as P35.29,none,1.0,none,"size M | owns S0/S1: F-106(S1),F-420(S1),F-421(S1) | A-10-dependent (default: organisations withheld) | catalog: R11"
279,P35.31,R11-K13-TX-01,"Transparency scrub, publish secret gate, capture-tier derivation",11B,P35,ticket,P34.25,none,none,1.0,none,size M | owns S0/S1: F-400(S1) | catalog: R11
280,P35.32,R11-K13-TX-04,"ingest_run_report table, writer and backfill",11B,P35,ticket,P34.24,"named mutation (A-15 [A-15] -> default a): no per-step go; listed in the GATE-G4 pre-authorisation (exact rows, expiry = sub-round end, voided by a new material fact; OM-10) (hosted DB change: ingest_run_report)",production write (hosted DB change),1.0,AR-3 + AR-2,size M | catalog: R11
281,P35.33,R11-K13-TX-03,"Run, capture and issue export",11B,P35,ticket,P35.31;P35.32,none,none,1.0,none,size M | catalog: R11
282,P35.34,R11-DEBT-04,Run telemetry per-fetch fields + INGEST-004 binding-version test,11B,P35,ticket,,none,none,1.0,none,size M | catalog: R11
283,P35.35,R11-K13-TX-02,Registry lanes and source metadata export,11B,P35,ticket,P35.31;P34.17;P34.21,D-J3-1 [B-19] -> default: no raw bytes · D-J3-5 [A-8] -> default withdraw,none,1.0,none,size M | owns S0/S1: F-110(S1) | catalog: R11
284,P35.36,R11-K13-TX-08a,"Statements files, upstream_href and the provenance panel",11B,P35,ticket,P35.31,none,none,1.0,none,size M | catalog: R11
285,P35.37,R11-K13-TX-09,Figure to evidence pointers,11B,P35,ticket,P35.36;P35.20,none,none,1.0,none,size M | owns S0/S1: F-102(S1) | catalog: R11
286,P35.38,R11-SAFE-06,"Identity base + crawler contact truth (PKG-09b, E2-08)",11B,P35,ticket,P34.25;OP-11,"Q-E2-03 [B-6] -> default b: UA/contact URL moves to surveillancegraph.org, no purchase · IRI base -> default surveillancegraph.org",none (ships with next roll/republish),1.0,none,size M | catalog: R11
287,P35.39,R11-K13-TX-10a,Data dictionary and metadata,11B,P35,ticket,P35.14;P35.38,none,none,1.0,none,size M | catalog: R11
288,P35.40,R11-K13-UX9-1,"Source universe, lifecycle partition and counts",11B,P35,ticket,P35.31;P35.35;P34.17,none,none,1.0,none,size M | owns S0/S1: F-431(S1) | catalog: R11
289,P35.41,R11-K13-UX9-2,Freshness semantics v2,11B,P35,ticket,P35.33;P35.32;P35.20;P35.34,"named mutation (A-15 [A-15] -> default a): no per-step go; listed in the GATE-G4 pre-authorisation (exact rows, expiry = sub-round end, voided by a new material fact; OM-10) (connector roll)",production write (connector roll),1.0,AR-3 + AR-2,size M | owns S0/S1: F-137(S1) | catalog: R11
290,P35.42,R11-K13-TX-13a,Citation block and release id on every page,11B,P35,ticket,P35.13,none,none,0.5,none,"size S | owns S0/S1: F-07(S1),F-099(S1),F-101(S1),F-390(S1),F-399(S1) | catalog: R11"
291,P35.43,R11-K13-WX-01,Watch producer v1,11B,P35,ticket,P35.19;P35.31;P34.21,none,none,1.0,none,size M | owns S0/S1: F-481(S1) | catalog: R11
292,P35.44,R11-K13-DSRC-01,Dossier contribution export,11B,P35,ticket,P35.19;P35.31;P35.33;P35.32;P35.36,none,none,1.0,none,size M | catalog: R11
293,P35.45,R11-K13-JUR-03,Dossiers at every level and the unplaced report,11B,P35,ticket,P35.19;P35.44,none,none,1.0,none,size M | catalog: R11
294,P35.46,R11-CONF-07a,Derivation collapse + possible duplicates in the spine (ruleset v3),11B,P35,ticket,P35.25;P35.15;P35.16;P35.19,"Q-L3-6 [B-31] -> default b: C0/C1 only · Q-L3-1 [A-6] -> default: no automatic collapse, ""possible duplicate"" ranged counts · ER run = named mutation (A-15 [A-15] -> default a): no per-step go; listed in the GATE-G4 pre-authorisation (exact rows, expiry = sub-round end, voided by a new material fact; OM-10)",production write,1.0,AR-3 + AR-2; ER run not concurrent with sig-materialize,size M | owns S0/S1: F-520(S1) | A-6-dependent (default: no automatic collapse) | catalog: R11
295,P35.47,R11-CONF-07b,"Publish the dedup: site_id, copies[], possible_duplicates[], intervals",11B,P35,ticket,P35.46;P35.44;P35.39,D-K13-4 [B-26] -> default yes (dedup is an announce criterion) · publication rides P35.63 (HG-11 Class S),publish,1.0,AR-3 + AR-2,size M | owns S0/S1: F-511(S1) | A-6-dependent (default: no automatic collapse) | catalog: R11
296,P35.48,R11-CONF-10,Agent review lane (two blind contexts; never gates),11B,P35,ticket,P34.44,Q-L3-4 [B-31] -> default no (same-family blind contexts only),none,0.5,none,size S | S1b pull-forward: lands in 11B so OPCHECK can accompany P35.63 | catalog: R11
297,P35.49,R11-CONF-11,Maintainer check protocol + operator operational decisions (closes D-P30.2b-1 verify leg),11B,P35,ticket,P35.46;P35.48,"Q-L3-3 [B-31] -> default c: protocol built, no OPCHECK run · D-P30.2b-1 [B-18] -> default stays OPEN, non-blocking",production write (hosted verify),0.5,AR-3 + AR-2,size S | S1b pull-forward: OPCHECK protocol before the first model release (U-006) | catalog: R11
298,P35.50,R11-K13-UXK0-1,"Page-type registry, route discovery, script-policy and no-JS parity specs",11B,P35,ticket,SEED-11,D-K0-1 [A-12] -> default b: existing zero-JS ADRs stand (registry still built; T1/T2 limited to the three islands),none,1.0,none,size M | catalog: R11
299,P35.51,R11-K13-UXK0-2,"Page budgets, generated LHCI, real-sized synthetic national fixture",11B,P35,ticket,P35.50,none,none,1.0,none,size M | catalog: R11
300,P35.52,R11-K13-MAP-01a,Tile retention and verifier,11B,P35,ticket,P34.34;P35.51,none,none,1.0,none,"size M | owns S0/S1: F-104(S1),F-414(S1) | catalog: R11"
301,P35.53,R11-REL-03a,"Release pipeline, private release bucket, staging origins (REL-03a)",11B,P35,ticket,P34.10;P34.3;P34.43,"named mutation (A-15 [A-15] -> default a): no per-step go; listed in the GATE-G4 pre-authorisation (exact rows, expiry = sub-round end, voided by a new material fact; OM-10) (private release bucket, staging services, sig-release job) · D-G3-10 [B-9] -> default yes",production write,1.0,AR-3 + AR-2,size M | +$0.5/mo (S1a upper end) | catalog: R11
302,P35.54,R11-REL-03b,"Templated nginx, config generations, metadata-only promotion (REL-03b)",11B,P35,ticket,P35.53;P34.40;P34.41,none,none (used by R11-REL-09),1.0,none,size M | catalog: R11
303,P35.55,R11-REL-08,"Rollback, withdrawal, purge, runbook, legacy floor (REL-08)",11B,P35,ticket,P35.54;P35.4,none,none (rehearsed in R11-REL-09/11),1.0,none,size M | catalog: R11
304,P35.56,R11-REL-04a,"Verification suite A: V1-V5, V11-V13 (REL-04a)",11B,P35,ticket,P35.13;P35.53;P34.34;P35.31,none,none,1.0,none,size M | catalog: R11
305,P35.57,R11-REL-05,API release parity (REL-05),11B,P35,ticket,P34.25;P34.46;P34.40,"named mutation (A-15 [A-15] -> default a): no per-step go; listed in the GATE-G4 pre-authorisation (exact rows, expiry = sub-round end, voided by a new material fact; OM-10) (API roll; real jurisdiction-scoped dossier API, CF-10)",production write,1.0,AR-3 + AR-2,size M | CF-10: owns the real jurisdiction-scoped dossier API (soft data prereq P35.18 JUR-02a) | catalog: R11
306,P35.58,R11-REL-04b,Verification suite B + post-promote auto-rollback (REL-04b),11B,P35,ticket,P35.56;P35.57;P35.55;P34.21;P35.19;P35.16;P35.20;P34.4,D-G3-8 [B-9] -> default yes (auto-rollback pre-authorised),none,1.0,none,size M | catalog: R11
307,P35.59,R11-REL-09,Dark cutover to the release layout (REL-09),11B,P35,ticket,P35.54;P35.56;P35.55;P34.17;P34.21,"named mutation (A-15 [A-15] -> default a): no per-step go; listed in the GATE-G4 pre-authorisation (exact rows, expiry = sub-round end, voided by a new material fact; OM-10) (dark cutover; byte-compare; no visible change)",production write,0.5,AR-3 + AR-2,size S | catalog: R11
308,P35.60,R11-REL-06,"Release classifier, standing go, readout generator (REL-06)",11B,P35,ticket,P35.58,"D-G3-3 [B-9] -> default b: no standing go, every release Class S",none,1.0,none,size M | catalog: R11
309,P35.61,R11-ACT-14,"D-R10-LIVE-1 live pass (row 183): hosted audit, bounded apply, freeze",11B,P35,ticket,P34.46;P34.22;P34.43;P34.6;P35.46(S2);P35.15(S2),IN-TICKET PAUSE (never pre-authorised): explicit go + recorded --authority scope,production write,1.0,AR-3 + AR-2; >= 48 h after P34.46; after the 11B spine writes (P35.14-P35.46),"size M | owns S0/S1: F-522(S1) | S2 sequence edge: after the 11B spine writes (CONF-03b..07a, DATA-01/02) so the freeze and P35.62 candidate include them | catalog: R11"
310,P35.62,R11-ACT-15,D-P32.23a-1 production candidate (row 188) with true dates,11B,P35,ticket,P35.61;P34.22;P34.34,"named mutation (A-15 [A-15] -> default a): no per-step go; listed in the GATE-G4 pre-authorisation (exact rows, expiry = sub-round end, voided by a new material fact; OM-10) (staged candidate; no publication)",none (staged only),1.0,staging only,size M | +$0.04/mo (S1a upper end) | catalog: R11
311,P35.63,R11-ACT-24,D-R10-PUBLISH-1: first model release to production (row 191),11B,P35,ticket,P35.62;P34.34;P34.40;P34.41;P34.36;P34.23;P35.12;P35.13;P35.53;P35.54;P35.55;P35.56;P35.59;P35.60;P35.57;P35.45;P35.47(S2);P35.52(S2);P35.30(S2);P35.42(S2);P35.49(S2),IN-TICKET PAUSE: HG-11 candidate-specific readout signed verbatim (+ OPCHECK if Q-L3-3 = a) · Q-9/G2-HOTFIX [B-7] -> default a: archive + pinned citations + release search first,publish,1.0,release cut never inside AR-3 windows (G3 §7.2); 14:00-20:00Z; operator available for HG-11,"size M | S2 edge: publishes P35.47 CONF-07b dedup + P35.52 MAP-01a tiles + P35.30 GX-02 labels + P35.42 TX-13a citations + P35.45 JUR-03 (one Class S readout); CF-05: full V1-V15, REL-04b kept | +$0.1/mo (S1a upper end) | catalog: R11"
312,P35.64,NEW (S2),Sub-round 11B acceptance: live-read sweep + GATE-G5 packet,11B,P35,capstone,P35.63,none,read-only,0.5,after P35.63 promotion,
313,GATE-G5,NEW (S2),"GATE-G5 — 11B check-in (budget, publication, rights; ING-GO-B; pre-authorises 11C named mutations)",11B,P35,gate,P35.64,"as GATE-G4; collects ING-GO-B, A-7 batch lines due in 11C, D-K2-1 top-50 review (OP-14)",none,0,none,
314,P36.1,R11-GOV-04,Robots/opt-out register + affirmative rights-reservation state + crawler policy text,11C,P36,ticket,SEED-11,"Q-E2-11 [A-5] -> default: GL-GATE-08 stands, no new robots-disallowed host · Q-E2-02 [B-6] -> default yes",none,2.0,none,size L (split a/b at T3) | catalog: R11
315,P36.2,R11-SRC-01,"Rights-flip/decline batch for owed rows (D-SOURCES.7-1, 8-1, 9-1, 9-4)",11C,P36,ticket,P34.38,HG-03 E4-R3..R6b [B-41] -> default: not flipped / status unchanged,production write,1.0,AR-3 + AR-2,size M | catalog: R11
316,P36.3,R11-ACQ-03,ATE technology concept in the ontology,11C,P36,ticket,P35.14,none,none,0.5,none,size S | catalog: R11
317,P36.4,R11-ACQ-08,Official camera layers: DOT and police/city CCTV (10),11C,P36,ticket,P35.6;P35.15;P35.14,HG-03 I7-RB-01/RB-02 [A-7] -> default: rows land ingestion_permitted=false,none,1.0,none,size M | A-7-dependent (default: nothing flips) | catalog: R11
318,P36.5,R11-ACQ-09,Agency ALPR/Flock layers incl. FDOT inventory and removal status (16),11C,P36,ticket,P35.6;P35.15;P35.14,HG-03 I7-RB-01 [A-7] -> default: rows land ingestion_permitted=false,none,1.0,none,size M | A-7-dependent (default: nothing flips) | catalog: R11
319,P36.6,R11-ACQ-10,Automated traffic enforcement layers and aggregate transports (15),11C,P36,ticket,P35.6;P36.3;P35.15,HG-03 I7-RB-01/RB-06 [A-7] -> default: ingestion_permitted=false,none,1.0,none,size M | A-7-dependent (default: nothing flips) | catalog: R11
320,P36.7,R11-ACQ-11,Procurement and programme registers (3),11C,P36,ticket,P35.9;P36.6,HG-03 I7-RB-01/04/06 [A-7] -> default: ingestion_permitted=false,none,0.5,none,size S | A-7-dependent (default: nothing flips) | catalog: R11
321,P36.8,R11-ACQ-12,Statutory disclosures I: ALPR regimes (10) + connector generalization,11C,P36,ticket,P35.6;P35.15,HG-03 I7-RB-03 [A-7] -> default: ingestion_permitted=false,none,1.0,none,size M | A-7-dependent (default: nothing flips) | catalog: R11
322,P36.9,R11-ACQ-13,Statutory disclosures II: UAV/FRT/CSS/interception/ATE/DHS (23),11C,P36,ticket,P36.8,HG-03 I7-RB-03/04/05/06 [A-7] -> default: ingestion_permitted=false,none,1.0,none,size M | A-7-dependent (default: nothing flips) | catalog: R11
323,P36.10,R11-ACQ-14,"CCOPS reports, police policies, district self-disclosures (17)",11C,P36,ticket,P36.8,HG-03 I7-RB-03/RB-07 [A-7] -> default: ingestion_permitted=false,none,1.0,none,size M | A-7-dependent (default: nothing flips) | catalog: R11
324,P36.11,R11-ACQ-15,"Grant, council and procurement documents, and bills (14)",11C,P36,ticket,P35.6,HG-03 I7-RB-04/RB-06 [A-7] -> default: ingestion_permitted=false,none,0.5,none,size S | A-7-dependent (default: nothing flips) | catalog: R11
325,P36.12,R11-ACQ-16,Wave B activation (Tier 1),11C,P36,ticket,P35.11;P36.4;P36.5;P36.6;P36.7;P36.8;P36.9;P36.10;P36.11;P34.42;P36.1(S2),"ING-GO-B verbatim [B-11] (collected at GATE-G5, else IN-TICKET PAUSE; unanswered -> live leg queued) · IN-TICKET PAUSE: HG-11 Class S for the Wave-B release (the second activated release)",production write,1.0,"Wave B window 2026-10-26 -> 11-05, 14:00-20:00Z, one family per day (ACQ-08 -> 15); not on the 15th; never with peel-on 10-29T12:00Z; Wave-B release cut outside 11-06 -> 11-13T12:00Z",size M | A-7-dependent (default: nothing flips) | +$2.5/mo (S1a upper end) | catalog: R11
326,P36.13,R11-OPS-06,API exposure posture: enforced rate limits + optional Cloud Armor,11C,P36,ticket,P34.46,"named mutation (A-15 [A-15] -> default a): no per-step go; listed in the GATE-G5 pre-authorisation (exact rows, expiry = sub-round end, voided by a new material fact; OM-10) (rate limits; optional Cloud Armor within the ceiling) · D-K3-6 [B-30] -> default yes (30/min)",production write,1.0,AR-3 + AR-2,size M | +$6/mo (S1a upper end) | catalog: R11
327,P36.14,R11-DATA-07,Inference distinguishability: L4 marker on every export and API record (RECON-052),11C,P36,ticket,,none,none,1.0,none,size M | catalog: R11
328,P36.15,R11-SAFE-04,Redaction pipeline (PUB-015/016),11C,P36,ticket,,none,none,1.0,none,size M | catalog: R11
329,P36.16,R11-K13-UXK14-1,Design tokens v2,11C,P36,ticket,,D-K14-3/D-K14-5 [B-22] -> default as recommended,none,1.0,none,size M | catalog: R11
330,P36.17,R11-K13-UXK14-4,Lexicon and copy system,11C,P36,ticket,P36.16,D-K14-5/D-K14-6 [B-22] -> as recommended · D-K14-8 [B-29] -> default no,none,1.0,none,size M | catalog: R11
331,P36.18,R11-K13-UXK14-2,Layout and chrome,11C,P36,ticket,P36.16;P36.17;P35.13,none,none,1.0,none,size M | catalog: R11
332,P36.19,R11-K13-UXK0-3,"CSP, HSTS, Permissions-Policy and figure-SVG response policy",11C,P36,ticket,P35.50;P35.54,none,none,1.0,none,size M | catalog: R11
333,P36.20,R11-K13-UXK0-4,Enhancement kit behaviour,11C,P36,ticket,P35.50;P36.16,none,none,1.0,none,size M | A-12-dependent (default b: re-scope to the three islands) | catalog: R11
334,P36.21,R11-K13-UXK0-5,"sig.workspace-state/2, cite-this-view and facet conformance harness",11C,P36,ticket,P35.50;P35.42,none,none,1.0,none,size M | A-12-dependent (default b: re-scope to the three islands) | catalog: R11
335,P36.22,R11-K13-UXK14-3a,Component kit A (visual layer),11C,P36,ticket,P36.16;P36.17;P36.20;P35.37,none,none,1.0,none,size M | catalog: R11
336,P36.23,R11-K13-UXK14-3b,Component kit B (visual layer),11C,P36,ticket,P36.22;P35.36,none,none,1.0,none,size M | catalog: R11
337,P36.24,R11-K13-UXK14-5,Copy lints in CI,11C,P36,ticket,P35.50,none,none,0.5,none,size S | catalog: R11
338,P36.25,R11-K13-UXK14-7,Brand,11C,P36,ticket,,D-K14-2 [B-22] -> default yes,none,0.5,none,size S | catalog: R11
339,P36.26,R11-K13-UXK14-9,Print v2,11C,P36,ticket,P36.22;P35.13;P35.42,none,none,0.5,none,size S | catalog: R11
340,P36.27,R11-K13-FIG-01a,Static figure kit - geography,11C,P36,ticket,P35.17;P36.17;P36.19,none,none,1.0,none,size M | catalog: R11
341,P36.28,R11-K13-FIG-01b,"Static figure kit - graphs, charts and legends",11C,P36,ticket,P36.27;P36.17,none,none,1.0,none,size M | catalog: R11
342,P36.29,R11-K13-GX-03,Entity URL keys and slug history,11C,P36,ticket,P35.29,none,none,0.5,none,size S | catalog: R11
343,P36.30,R11-K13-GX-04,Procurement relevance rule,11C,P36,ticket,,D-K2-5 [B-22] -> default: exclude unclassified procurement,none,0.5,none,size S | catalog: R11
344,P36.31,R11-K13-SRCH-01,Search index v2 builder,11C,P36,ticket,P35.12,none,none,1.0,none,size M | catalog: R11
345,P36.32,R11-K13-SRCH-02,Query engine v2 and benchmark harness,11C,P36,ticket,P36.31,"D-K3-7 [B-28] -> default b: a separate agent writes the held-out set, labelled (OP-21 if a)",none,1.0,none,size M | catalog: R11
346,P36.33,R11-K13-MAP-02,Basemap pipeline and host,11C,P36,ticket,P34.5;P36.19,"D-K1-1 answered (basemap yes) · Q-31/D-K1-2 [A-3] -> default b: GCS-hosted basemap (≈$6-43/mo) · D-K1-3 [B-22] · host create = named mutation (A-15 [A-15] -> default a): no per-step go; listed in the GATE-G5 pre-authorisation (exact rows, expiry = sub-round end, voided by a new material fact; OM-10)",production write (basemap host),1.0,AR-3 + AR-2,"size M | A-3-dependent (default b: GCS host, no public download links) | +$2/mo (S1a upper end) | catalog: R11"
347,P36.34,R11-K13-JUR-04,"Grouped dossier index, directories and navigation",11C,P36,ticket,P35.45;P36.18;P36.27,none,none,1.0,none,size M | catalog: R11
348,P36.35,R11-K13-JUR-05,Migration and the single redirect generator,11C,P36,ticket,P36.34;P35.54;P35.59,none,none,0.5,none,size S | catalog: R11
349,P36.36,R11-K13-MAP-05,No-JS map baseline and site lists,11C,P36,ticket,P36.27;P35.45;P36.34;P35.50,none,none,1.0,none,size M | catalog: R11
350,P36.37,R11-K13-MAP-03a,Map app shell,11C,P36,ticket,P35.52;P36.33;P36.36;P35.51;P36.21;P36.16;P36.17,none,none,1.0,none,size M | catalog: R11
351,P36.38,R11-K13-SRCH-03,Search API serving v2,11C,P36,ticket,P36.32;P35.57;P34.40;P36.13(S2),"D-K3-5 [B-30] -> default no: v2 API built and staged, not rolled (/search/ stays P32.14; U-003.3 unmet) · API roll = named mutation (A-15 [A-15] -> default a): no per-step go; listed in the GATE-G5 pre-authorisation (exact rows, expiry = sub-round end, voided by a new material fact; OM-10)",production write (API roll),1.0,AR-3 + AR-2,size M | catalog: R11
352,P36.39,R11-K13-SRCH-04,No-JS search results page,11C,P36,ticket,P36.38;P35.13;P36.21;P36.22,none,none,1.0,none,size M | catalog: R11
353,P36.40,R11-K13-SRCH-05,"Typeahead shards, header element and /search/ rewrite",11C,P36,ticket,P36.31;P36.39;P35.50;P35.51;P36.20;P36.21,none,none,1.0,none,size M | A-12-dependent (default b: re-scope to the three islands) | catalog: R11
354,P36.41,R11-K13-GX-05a,Entity data contract A,11C,P36,ticket,P35.29;P36.29;P35.36;P35.44;P35.28(S2);P36.14(S2),D-K2-1 [A-10] -> default: organisations withheld; entity pages for non-organisation types only,none,1.0,none,size M | A-10-dependent (default: organisations withheld) | catalog: R11
355,P36.42,R11-K13-GX-06a,Entity pages A and the Organizations hub,11C,P36,ticket,P36.41;P35.50;P36.20;P36.22;P36.23;P35.42,none,none,1.0,none,size M | A-10-dependent (default: organisations withheld) | catalog: R11
356,P36.43,R11-K13-TX-07,Status lane,11C,P36,ticket,P35.33;P34.10;P34.4;P34.43,"D-J3-11 [B-19] -> default: no status lane (built, not scheduled) · scheduler job = named mutation (A-15 [A-15] -> default a): no per-step go; listed in the GATE-G5 pre-authorisation (exact rows, expiry = sub-round end, voided by a new material fact; OM-10)",production write (new scheduler job),1.0,AR-3 + AR-2,size M | +$0.2/mo (S1a upper end) | catalog: R11
357,P36.44,R11-REL-07,Release cadence automation (REL-07),11C,P36,ticket,P35.53;P35.60;P34.43;P36.43,"D-G3-4 [B-9] -> default yes · new scheduler job = named mutation (A-15 [A-15] -> default a): no per-step go; listed in the GATE-G5 pre-authorisation (exact rows, expiry = sub-round end, voided by a new material fact; OM-10)",production write,1.0,scheduled cut 0 14 15 * *; no cut inside AR-3 windows,size M | +$4/mo (S1a upper end) | catalog: R11
358,P36.45,R11-K13-UX10-1,Registry publish matrix and metadata fields,11C,P36,ticket,P34.17,D-J3-12 [B-2] -> default OD-07 b,none,0.5,none,size S | catalog: R11
359,P36.46,R11-K13-UX10-2,Execution-keyed ingestion history,11C,P36,ticket,P35.33;P35.32;P35.34,"named mutation (A-15 [A-15] -> default a): no per-step go; listed in the GATE-G5 pre-authorisation (exact rows, expiry = sub-round end, voided by a new material fact; OM-10) (hosted backfill)",production write (hosted backfill),1.0,AR-3 + AR-2,size M | catalog: R11
360,P36.47,R11-K13-UX10-3a,Source page A,11C,P36,ticket,P36.45;P35.40;P35.41;P35.35;P36.28,D-K10-1 [B-2] -> default OD-07 b,none,1.0,none,size M | catalog: R11
361,P36.48,R11-K13-UX9-3,Sources table,11C,P36,ticket,P35.40;P35.41;P36.22;P36.43,none,none,1.0,none,size M | catalog: R11
362,P36.49,R11-K13-TX-06,Known issues and issues log,11C,P36,ticket,P35.33,D-J3-12 [B-2] -> default OD-07 b,none,0.5,none,size S | catalog: R11
363,P36.50,R11-K13-TX-10b,Downloads center,11C,P36,ticket,P35.5;P34.5;P34.21,"D-J3-5 [A-8] -> withdraw · D-J3-8 [B-20] -> default: sha256 only, no signatures · A-3 -> default: no public download links",none,1.0,none,"size M | A-3-dependent (default b: GCS host, no public download links) | catalog: R11"
364,P36.51,R11-K13-TX-08b,"Evidence anchors, view original, claim and evidence API fixes",11C,P36,ticket,P35.36;P34.34,none,none,1.0,none,size M | catalog: R11
365,P36.52,R11-K13-DSRC-02,Dossier 'Where this comes from' and the sources explorer,11C,P36,ticket,P35.44;P36.34;P35.37;P36.28,none,none,1.0,none,size M | catalog: R11
366,P36.53,R11-K13-DSRC-03,Per-dossier downloads,11C,P36,ticket,P35.44;P35.36;P36.50;P35.5;P34.21,D-J3-5 [A-8] · D-K5-1 [B-22] · HG-03 E4 (K4 NEW-4) -> default not flipped · A-3 -> default: links hidden,none,1.0,none,"size M | A-3-dependent (default b: GCS host, no public download links) | catalog: R11"
367,P36.54,R11-K13-VIZ-01a,Dossier map and locator figures (exporter),11C,P36,ticket,P36.27;P35.45,none,none,1.0,none,size M | catalog: R11
368,P36.55,R11-K13-VIZ-02,Dossier template v2,11C,P36,ticket,P36.54;P36.28;P36.22;P36.23;P36.26;P35.45;P36.34;P36.52,none,none,1.0,none,size M | catalog: R11
369,P36.56,R11-K13-SRCH-06,Scoped search forms on dossiers and source pages,11C,P36,ticket,P36.39;P35.45;P36.47,none,none,0.5,none,size S | catalog: R11
370,P36.57,R11-K13-VIZ-03,Explore bar and scoped search placement,11C,P36,ticket,P36.55;P36.56;P36.20;P36.21,none,none,0.5,none,size S | A-12-dependent (default b: re-scope to the three islands) | catalog: R11
371,P36.58,R11-K13-RQ-01,Task export v2,11C,P36,ticket,P35.29;P35.19;P35.31,none,none,1.0,none,size M | catalog: R11
372,P36.59,R11-K13-WX-04a,"Watch pages, facets, dossier block and item pages",11C,P36,ticket,P35.43;P36.34;P36.58;P35.36;P35.42,none,none,1.0,none,size M | catalog: R11
373,P36.60,R11-K13-EV-02,Evidence hub and artifact pages,11C,P36,ticket,P35.31;P35.33;P36.51;P36.47;P36.58;P36.15(S2),none,none,1.0,none,size M | catalog: R11
374,P36.61,R11-K13-RQ-03a,"Queue hub, facet routes and cards",11C,P36,ticket,P36.58;P36.34;P36.22,none,none,1.0,none,size M | catalog: R11
375,P36.62,R11-K13-RQ-03b,"Task and campaign pages, redirects and dossier gap links",11C,P36,ticket,P36.61;P35.36;P36.42;P36.35,none,none,1.0,none,size M | catalog: R11
376,P36.63,R11-K13-RQ-04,Records-request drafts on tasks,11C,P36,ticket,P36.58,D-K11-3 [B-22] -> default yes,none,0.5,none,size S | catalog: R11
377,P36.64,R11-K13-UXK14-6,"Home, About, How it works and methodology hub",11C,P36,ticket,P36.18;P36.22;P36.17;P35.37;P36.55,"D-K14-1 [C-4] -> default: current copy minus false claims; new positioning waits · D-K14-7 [C-5] -> placeholder ""a single independent maintainer""",none,1.0,none,size M | catalog: R11
378,P36.65,R11-K13-UXK14-11,Onboarding content,11C,P36,ticket,P36.23;P36.17;P36.55,none,none,0.5,none,size S | catalog: R11
379,P36.66,R11-K13-TX-13b,"Site snapshots, edge selectors and the withBase refactor",11C,P36,ticket,P35.62;P35.63;P35.12;P35.54,"D-J3-6 [B-19] -> default no: /s/ snapshots built, not published (J4 then cannot pass) · exposure rides the next HG-11 Class S",publish,1.0,rides a Class S cut (never inside AR-3 windows),size M | catalog: R11
380,P36.67,R11-K13-TX-14,"Changelog, record-id diffs and /v1/changes",11C,P36,ticket,P36.66,none,none,1.0,none,size M | CF-13: built in 11C after P35.63; meaningful across releases 1 (P35.63) and 2 (P36.12 Wave-B release) | catalog: R11
381,P36.68,R11-K13-UX9-4,Per-source extracts and version index,11C,P36,ticket,P36.50;P35.5;P36.67,"D-J3-5 [A-8] · D-K9-2 [B-22] -> default a · mirror writes = named mutation (A-15 [A-15] -> default a): no per-step go; listed in the GATE-G5 pre-authorisation (exact rows, expiry = sub-round end, voided by a new material fact; OM-10)",production write (mirror writes),1.0,AR-3 + AR-2,"size M | A-3-dependent (default b: GCS host, no public download links) | catalog: R11"
382,P36.69,R11-K13-UX10-3b,Source page B,11C,P36,ticket,P36.46;P36.68;P36.49;P36.51;P35.44;P36.42,none,none,1.0,none,size M | catalog: R11
383,P36.70,R11-REL-11,Second-release acceptance (REL-11),11C,P36,ticket,P36.44;P35.55;P35.63,"D-G3-3 [B-9] -> default: no standing go, so the ""first Class R promotion"" is run as Class S (IN-TICKET PAUSE)",publish,0.5,after the second activated release; live rollback + withdrawal rehearsal 14:00-20:00Z,size S | catalog: R11
384,P36.71,R11-K13-SRCH-07,Search acceptance and activation,11C,P36,ticket,P36.31;P36.32;P36.38;P36.39;P36.40;P36.56;P35.59,publish rides P36.72 Class S,publish,0.5,rides P36.72,size S | catalog: R11
385,P36.72,R11-K13-ACC-PLACES,"Places, sources, queue, watch and evidence acceptance",11C,P36,ticket,P36.35;P36.52;P36.53;P36.48;P36.69;P36.62;P36.63;P36.59;P36.60;P36.55;P36.64;P35.59;P36.71(S2),IN-TICKET PAUSE: HG-11 Class S readout for the core-surfaces release (same sitting as GATE-G6),publish,1.0,release cut never inside AR-3 windows (expected >= 2026-11-13T12:00Z),size M | catalog: R11
386,P36.73,NEW (S2),Sub-round 11C acceptance: live-read sweep + GATE-G6 packet,11C,P36,capstone,P36.72,none,read-only,0.5,after P36.72 promotion,
387,GATE-G6,NEW (S2),"GATE-G6 — 11C check-in (budget, publication, rights; ING-GO-C/D; Wave-D scope; pre-authorises 11D named mutations)",11C,P36,gate,P36.73,"as GATE-G4; collects ING-GO-C/D, Q-23 tier bump, I8-Q5 Wave-D scope",none,0,none,
388,P37.1,R11-ACQ-17,OSM as a camera-site origin (code),11D,P37,ticket,P35.15;P35.14;P35.25;P36.3,none,none,1.0,none,size M | catalog: R11
389,P37.2,R11-ACQ-18,Wave C: OSM becomes the origin of the national ALPR layer,11D,P37,ticket,P36.12;P37.1;P34.46,ING-GO-C verbatim + Q-23 [B-11] -> default: cap 25 GB and Wave C waits (live leg stays queued) · IN-TICKET PAUSE: tier-bump go · HG-11 rides P37.65,production write,1.0,"Wave C window 2026-11-16 -> 11-20 (earliest 10-26 if P37.1, PKG-07 and Q-23 are early); disk pre-grow + temporary tier bump first; AR-3 + AR-2","size M | CF-06: OSM origin query scoped to the US + territories (the layer it replaces); non-US per-country counts logged, not ingested | +$2.2/mo (S1a upper end) | catalog: R11"
390,P37.3,R11-OPS-04,Evidence-store hardening + off-instance copies,11D,P37,ticket,P34.42;P34.6,"named mutation (A-15 [A-15] -> default a): no per-step go; listed in the GATE-G6 pre-authorisation (exact rows, expiry = sub-round end, voided by a new material fact; OM-10) · G1-RET [B-14] -> default: status-quo retention",production write,1.0,AR-3 + AR-2,size M | +$0.5/mo (S1a upper end) | catalog: R11
391,P37.4,R11-OPS-08,"Security baseline (scan, SBOM, signing, audited restricted-byte access, audit logs)",11D,P37,ticket,P34.42,"named mutation (A-15 [A-15] -> default a): no per-step go; listed in the GATE-G6 pre-authorisation (exact rows, expiry = sub-round end, voided by a new material fact; OM-10) (logging/IAM config; log-volume cost read before and after)",production write,2.0,AR-3 + AR-2,size L (split a/b at T3) | +$5/mo (S1a upper end) | catalog: R11
392,P37.5,R11-DEBT-03,Ingestion framework hardening + disappearance events + unwired-function scan,11D,P37,ticket,,none,none,2.0,none,size L (split a/b at T3) | catalog: R11
393,P37.6,R11-GOV-05,"Registry rights-record hygiene (index, packet decision lines, field validation)",11D,P37,ticket,,none,none,1.0,none,size M | catalog: R11
394,P37.7,R11-GOV-02,Public editorial decision log page (interim single-maintainer authority),11D,P37,ticket,P36.18,Q-E2-07 [A-4] -> default c: page ships only if A-4 = a; else the text correction only,publish (next Class S release),0.5,AR-3 + AR-2,size S | catalog: R11
395,P37.8,R11-GOV-03,Legal-demand posture + published counts (SIG-SEC-003),11D,P37,ticket,,Q-E2-09 [A-4] -> default: page not published until the operator confirms the posture text,publish (next Class S release),0.5,AR-3 + AR-2,size S | catalog: R11
396,P37.9,R11-DATA-05,"Lifecycle into the dossier timeline (RECON-039/040, ONTO-064/065)",11D,P37,ticket,,none,none,1.0,none,size M | catalog: R11
397,P37.10,R11-DATA-06,Asset-promotion gate (PUB-012),11D,P37,ticket,,none,none,0.5,none,size S | catalog: R11
398,P37.11,R11-SRC-02,SAM.gov sweep resumes where it stopped (D-FEDERAL.1-1),11D,P37,ticket,,"named mutation (A-15 [A-15] -> default a): no per-step go; listed in the GATE-G6 pre-authorisation (exact rows, expiry = sub-round end, voided by a new material fact; OM-10) (scheduler change)",production write,0.5,AR-3 + AR-2,size S | catalog: R11
399,P37.12,R11-SRC-03,Keyed US 511 target wiring after key registration (D-SOURCES.7-2),11D,P37,ticket,OP-13;P35.6,"D-SOURCES.7-2 [B-18] -> default b: sources stay gated -> row recorded as dropped (conditional) · OP-13 keys (operator, HG-09)",production write,1.0,AR-3 + AR-2,"size M | conditional row: dropped (recorded, V2-skipped) when its gate default applies | +$0.2/mo (S1a upper end) | catalog: R11 (conditional)"
400,P37.13,R11-SRC-04,Registry completeness (§22.7 roster) + recurring discovery sweep,11D,P37,ticket,P35.6,none,none,1.0,none,size M | catalog: R11
401,P37.14,R11-SRC-05,Statute-seeded records leads (INGEST-025a/b/c),11D,P37,ticket,P35.10,none,none,1.0,none,size M | catalog: R11
402,P37.15,R11-SRC-06,Scheduled parser canary (BL-025 canary part),11D,P37,ticket,P35.33,"named mutation (A-15 [A-15] -> default a): no per-step go; listed in the GATE-G6 pre-authorisation (exact rows, expiry = sub-round end, voided by a new material fact; OM-10) (scheduled canary job)",production write (scheduled job),0.5,AR-3 + AR-2,size S | +$0.1/mo (S1a upper end) | catalog: R11
403,P37.16,R11-ACT-22,Dossier live captures D-P32.18/19/20/21-1 (rows 179-182),11D,P37,ticket,P34.22;P34.35;P34.38;P34.43,"HG-03 E4-B1/B5/B6 [A-7] + E4-B2 Part VIII sign [B-42] -> default: not flipped -> captures skipped, stand-ins stay disclosed · captures = named mutation (A-15 [A-15] -> default a): no per-step go; listed in the GATE-G6 pre-authorisation (exact rows, expiry = sub-round end, voided by a new material fact; OM-10)",production write,2.0,AR-3 + AR-2,size L (split a/b at T3) | catalog: R11
404,P37.17,R11-K13-MAP-01b,"Tile properties v2, map dictionary and coverage table",11D,P37,ticket,P35.19;P35.29;P36.41;P35.54,D-K1-4 [B-22] -> default yes,none,1.0,none,size M | catalog: R11
405,P37.18,R11-K13-MAP-03b,"Map filters, In-view list, keyboard, mobile and print",11D,P37,ticket,P36.37;P36.20,none,none,1.0,none,size M | catalog: R11
406,P37.19,R11-K13-MAP-04,Map place search,11D,P37,ticket,P36.40;P35.17,OD-09 [B-23] -> default a (Natural Earth) · D-K1-7 [B-22],none,0.5,none,size S | catalog: R11
407,P37.20,R11-K13-MAP-06,Release-pinned bbox API,11D,P37,ticket,P34.40;P34.10;P35.57,"named mutation (A-15 [A-15] -> default a): no per-step go; listed in the GATE-G6 pre-authorisation (exact rows, expiry = sub-round end, voided by a new material fact; OM-10) (API roll)",production write (API roll),0.5,AR-3 + AR-2,size S | catalog: R11
408,P37.21,R11-K13-GX-07,Access closures and degree-only facts,11D,P37,ticket,P36.41,D-K2-2 [A-11] -> default a (descriptive only) · D-K2-3 [B-22],none,1.0,none,size M | catalog: R11
409,P37.22,R11-K13-GX-05b,Entity data contract B,11D,P37,ticket,P36.41;P36.30;P35.19,none,none,1.0,none,size M | A-10-dependent (default: organisations withheld) | catalog: R11
410,P37.23,R11-K13-GX-06b,Entity pages B,11D,P37,ticket,P36.42;P37.22;P36.28;P36.54,none,none,1.0,none,size M | A-10-dependent (default: organisations withheld) | catalog: R11
411,P37.24,R11-K13-GX-08a,Overview builder A and /graphs/**,11D,P37,ticket,P36.30;P36.41;P36.28;P35.19,none,none,1.0,none,size M | A-10-dependent (default: organisations withheld) | catalog: R11
412,P37.25,R11-K13-GX-08b,Overview builder B,11D,P37,ticket,P37.24;P37.21,D-K2-4 [B-25] -> default no: Flock share lists not used,none,1.0,none,size M | A-10-dependent (default: organisations withheld) | catalog: R11
413,P37.26,R11-K13-GX-09a,Graph explorer A,11D,P37,ticket,P37.24;P35.51;P36.21;P36.40,none,none,1.0,none,size M | A-12-dependent (default b: re-scope to the three islands) | A-10-dependent (default: organisations withheld) | catalog: R11
414,P37.27,R11-K13-GX-09b,Graph explorer B,11D,P37,ticket,P37.26;P37.21,none,none,1.0,none,size M | A-12-dependent (default b: re-scope to the three islands) | A-10-dependent (default: organisations withheld) | catalog: R11
415,P37.28,R11-K13-VIZ-01b,Dossier network figures,11D,P37,ticket,P35.29;P36.30;P36.41;P37.21;P37.24;P36.28,none,none,0.5,none,size S | A-10-dependent (default: organisations withheld) | catalog: R11
416,P37.29,R11-K13-VIZ-04,In-place map activation on dossiers,11D,P37,ticket,P36.37;P37.18;P36.33;P36.55;P36.19;P36.20,none,none,1.0,none,size M | A-12-dependent (default b: re-scope to the three islands) | catalog: R11
417,P37.30,R11-K13-WX-05,Evidence recommender repair,11D,P37,ticket,P35.43;P35.36,none,none,0.5,none,size S | catalog: R11
418,P37.31,R11-K13-WX-02,Dated decision predicates,11D,P37,ticket,P35.43;SEED-11;P35.28(S2),"named mutation (A-15 [A-15] -> default a): no per-step go; listed in the GATE-G6 pre-authorisation (exact rows, expiry = sub-round end, voided by a new material fact; OM-10) (hosted re-ingest)",production write (hosted re-ingest),1.0,AR-3 + AR-2,size M | catalog: R11
419,P37.32,R11-K13-WX-06,contract_expiring detector and renewal tasks,11D,P37,ticket,P35.43;P36.58,"named mutation (A-15 [A-15] -> default a): no per-step go; listed in the GATE-G6 pre-authorisation (exact rows, expiry = sub-round end, voided by a new material fact; OM-10) (hosted detector run)",production write (hosted detector run),0.5,AR-3 + AR-2,size S | catalog: R11
420,P37.33,R11-K13-WX-03,Watch lane and cadence,11D,P37,ticket,P36.43;P34.10,"D-K7-2 [B-22] -> default: the lane · lane job = named mutation (A-15 [A-15] -> default a): no per-step go; listed in the GATE-G6 pre-authorisation (exact rows, expiry = sub-round end, voided by a new material fact; OM-10)",production write (lane job),1.0,AR-3 + AR-2,size M | +$0.1/mo (S1a upper end) | catalog: R11
421,P37.34,R11-K13-WX-04b,Watch feeds v2,11D,P37,ticket,P36.59;P37.33;P35.54,none,none,1.0,none,size M | catalog: R11
422,P37.35,R11-K13-RQ-02,Detector routing and mapping campaigns,11D,P37,ticket,P36.58;P34.24,"D-K11-1 [B-22] · hosted detector re-run = named mutation (A-15 [A-15] -> default a): no per-step go; listed in the GATE-G6 pre-authorisation (exact rows, expiry = sub-round end, voided by a new material fact; OM-10)",production write (hosted detector re-run),1.0,AR-3 + AR-2,size M | catalog: R11
423,P37.36,R11-K13-TX-12,Raw archive (raw-ok lane),11D,P37,ticket,P35.31;P36.51;P35.5;P36.15(S2),"D-J3-1 [B-19] -> default: no raw bytes published (archive built, not exposed) · append-only write = named mutation (A-15 [A-15] -> default a): no per-step go; listed in the GATE-G6 pre-authorisation (exact rows, expiry = sub-round end, voided by a new material fact; OM-10) · exposure rides P37.65 HG-11",production write + publish,1.0,AR-3 + AR-2,"size M | A-3-dependent (default b: GCS host, no public download links) | +$0.1/mo (S1a upper end) | catalog: R11"
424,P37.37,R11-K13-EV-03,Claim viewer v2 and real capture diff,11D,P37,ticket,P35.36;P37.36;P34.46;P35.61,D-K8-1/D-K8-2 [B-22] -> as recommended,none,1.0,none,size M | catalog: R11
425,P37.38,R11-K13-CX-01,Disagreements browser,11D,P37,ticket,P35.36;P36.42;P35.45;P36.23,none,none,1.0,none,size M | catalog: R11
426,P37.39,R11-K13-QB-01,"Quality basis, copies and possible duplicates on UX surfaces",11D,P37,ticket,P35.36;P36.37;P36.42;P36.52;P36.17,none,none,1.0,none,size M | catalog: R11
427,P37.40,R11-K13-CHG-01,Changes page and change feeds,11D,P37,ticket,P36.67;P35.45;P35.40,none,none,0.5,none,size S | catalog: R11
428,P37.41,R11-K13-UX10-4,Source changelog,11D,P37,ticket,P36.67;P35.40,none,none,0.5,none,size S | catalog: R11
429,P37.42,R11-K13-TX-15,API parity,11D,P37,ticket,P36.50;P34.40;P34.46,"named mutation (A-15 [A-15] -> default a): no per-step go; listed in the GATE-G6 pre-authorisation (exact rows, expiry = sub-round end, voided by a new material fact; OM-10) (API roll)",production write (API roll),0.5,AR-3 + AR-2,size S | catalog: R11
430,P37.43,R11-K13-SRCH-08,Search result export,11D,P37,ticket,P36.71;P36.50,none,none,0.5,none,size S | catalog: R11
431,P37.44,R11-CONF-09,Mechanical evaluation report (EVAL-003-shaped; human estimands unavailable),11D,P37,ticket,P35.46;P35.23,OD-15 [C-8] -> default: U-014 contact string (operator name + address) for upstream GETs; alias (OP-10) used if it exists,read-only (upstream GETs),1.0,upstream GETs at reviewed rates (ArcGIS 10/min),size M | catalog: R11
432,P37.45,R11-CONF-12,Public /quality/ page + per-record basis fields,11D,P37,ticket,P34.44;P37.44;P36.43;P35.36;P36.16,Q-L3-5 [B-31] -> default: passing checks only shown · Class S rides P37.65,publish,1.0,AR-3 + AR-2,size M | catalog: R11
433,P37.46,R11-CONF-13,Organisation identity by construction (crosswalk intake + cascade materializer),11D,P37,ticket,P35.14;P35.25,HG-03 per crosswalk source -> default not flipped (tier-0/1 ids from already-permitted sources only),production write,2.0,AR-3 + AR-2,size L (split a/b at T3) | catalog: R11
434,P37.47,R11-ACQ-19,Tier-2 reuse wave,11D,P37,ticket,P36.4;P36.8,I8-Q5 [B-11] -> default b (core only): row recorded dropped · per-row lines [A-7/B-33/B-39] -> not flipped,none,1.0,none,"size M | conditional row: dropped (recorded, V2-skipped) when its gate default applies | catalog: R11 (conditional)"
435,P37.48,R11-ACQ-20,Aggregate lanes (S3/S4/S7),11D,P37,ticket,P36.6,I8-Q5 [B-11] -> default b: dropped · I7-S3/S4/S7 [B-32] -> metadata-only,none,1.0,none,"size M | conditional row: dropped (recorded, V2-skipped) when its gate default applies | catalog: R11 (conditional)"
436,P37.49,R11-ACQ-21,Federal datasets family,11D,P37,ticket,P35.6,I8-Q5 [B-11] -> default b: dropped · I7-RB-05 [A-7],none,1.0,none,"size M | conditional row: dropped (recorded, V2-skipped) when its gate default applies | catalog: R11 (conditional)"
437,P37.50,R11-ACQ-22,Agenda platforms v2,11D,P37,ticket,P35.8,I8-Q5 [B-11] -> default b: dropped · I7-RB-04 [A-7],none,1.0,none,"size M | conditional row: dropped (recorded, V2-skipped) when its gate default applies | catalog: R11 (conditional)"
438,P37.51,R11-ACQ-24,"Puerto Rico (SUTRA, OCPR)",11D,P37,ticket,P35.6,I8-Q5 [B-11] -> default b: dropped · I7-RB-08 [B-33] -> default not flipped (capture terms first),none,0.5,none,"size S | conditional row: dropped (recorded, V2-skipped) when its gate default applies | catalog: R11 (conditional)"
439,P37.52,R11-ACQ-25,Document-list pages,11D,P37,ticket,P35.6,I8-Q5 [B-11] -> default b: dropped · I7-RB-04/07 [A-7],none,1.0,none,"size M | conditional row: dropped (recorded, V2-skipped) when its gate default applies | catalog: R11 (conditional)"
440,P37.53,R11-ACQ-26,S1 programme-level lane,11D,P37,ticket,P36.5,I8-Q5 [B-11] -> default b: dropped · I7-S1 [B-32],none,1.0,none,"size M | conditional row: dropped (recorded, V2-skipped) when its gate default applies | catalog: R11 (conditional)"
441,P37.54,R11-ACQ-27,Wave D activation (conditional Tier 2),11D,P37,ticket,P37.47;P37.48;P37.49;P37.50;R11-ACQ-23a->dropped(CF-06);R11-ACQ-23b->dropped(CF-06);P37.51;P37.52;P37.53,ING-GO-D verbatim [B-11] (collected at GATE-G6) + HG-11 -> default: dropped with ACQ-19..26,production write,1.0,"Wave D windows 2026-11-23 -> 12-04 (not 11-26) and 12-14 -> 12-18 (not 12-15); second-window sources ship in the 2027-01-15 cadence cut, not in P37.65","size M | CF-06: ACQ-23a/b moved to LATER-09; T3 drops them from this row's depends_on | conditional row: dropped (recorded, V2-skipped) when its gate default applies | +$1.5/mo (S1a upper end) | catalog: R11 (conditional)"
442,P37.55,R11-TRANS-01,"Archival deposits: history scan, SWH save-now, Zenodo production package",11D,P37,ticket,P34.21,Q-E2-23 [B-6] -> default: no deposit · D-J3-9 [B-21] -> default none · Zenodo publish is OP-19 (operator),production write (external archival request),1.0,external archival request (no person contacted),size M | catalog: R11
443,P37.56,R11-TRANS-02,WACZ capture for HTML document sources (BL-026),11D,P37,ticket,P37.3,"named mutation (A-15 [A-15] -> default a): no per-step go; listed in the GATE-G6 pre-authorisation (exact rows, expiry = sub-round end, voided by a new material fact; OM-10) (job config)",production write,0.5,AR-3 + AR-2,size S | +$0.2/mo (S1a upper end) | catalog: R11
444,P37.57,R11-DEBT-01,Projection rebuild CI + layer-direction test + whole-graph audits,11D,P37,ticket,,none,none,2.0,none,size L (split a/b at T3) | catalog: R11
445,P37.58,R11-DEBT-02,"Generated-vs-deployed schema conformance (SIG-STORE-045, BL-049)",11D,P37,ticket,SEED-11,STORE-045 route decided at GATE-P (SEED-11),none,0.5,none,size S | catalog: R11
446,P37.59,R11-ACT-23,Intake operation D-P32.16-1 (dark until exposure),11D,P37,ticket,P34.40;P34.37;P34.42,Q-27/OD-08 [B-8] -> default a: intake stays email-only -> live leg not run; re-homed later (trigger: announcement done + operator opens intake),production write,1.0,dark service only; AR-3 + AR-2,"size M | conditional row: dropped (recorded, V2-skipped) when its gate default applies | +$2/mo (S1a upper end) | catalog: R11"
447,P37.60,R11-K13-UXK14-10,"Visual regression, dark and reduced-motion projects, operator gallery",11D,P37,ticket,P35.51;P36.16,none,none,1.0,none,size M | catalog: R11
448,P37.61,R11-K13-ENH-01,T1 table and filter enhancements rollout,11D,P37,ticket,P36.20;P36.48;P36.52;P36.34;P36.59;P36.60;P36.61,none,none,1.0,none,size M | A-12-dependent (default b: re-scope to the three islands) | catalog: R11
449,P37.62,R11-K13-RQ-05,Contribution path wiring,11D,P37,ticket,P36.62,D-K11-4 [B-8] -> default b: task pages say reporting opens with the intake form,none,0.5,none,size S | catalog: R11
450,P37.63,R11-K13-MAP-07,Map acceptance and republish,11D,P37,ticket,P37.17;P36.37;P37.18;P37.19;P36.36;P37.20;P35.59;P34.5,publish rides P37.65 Class S,publish,0.5,rides P37.65,size S | catalog: R11
451,P37.64,R11-K13-ACC-EXPLORE,"Entity, graph and dossier-figure acceptance",11D,P37,ticket,P37.23;P37.27;P37.28;P37.29;P37.39;P35.59,Class S readout content folds into P37.65,publish,1.0,AR-3 + AR-2,size M | catalog: R11
452,P37.65,R11-K13-TX-16,Transparency acceptance and HG-11 readout,11D,P37,ticket,P37.36;P36.66;P37.42;P36.69;P37.37;P37.63(S2);P37.64(S2);P37.45(S2);P37.2(S2),"IN-TICKET PAUSE: HG-11 final Class S readout (covers MAP-07, ACC-EXPLORE, TX-12 exposure, Wave C/D sources, CONF-12)",publish,0.5,final release cut never inside AR-3 windows (12-06 -> 12-13T12:00Z),size S | catalog: R11
453,P37.66,R11-ACQ-28,Coverage outcome and acquisition closeout,11D,P37,ticket,P37.2;P37.54(S2),none,read-only,0.5,after P37.2 (and P37.54 if run),size S | catalog: R11
454,P37.67,R11-CONF-14,Stream-L acceptance: re-measure L2 on the Round-11 release,11D,P37,ticket,P34.45;P35.24;P35.27;P35.26;P35.47;P37.44;P35.49;P37.45;P37.46,none,read-only,0.5,none,size S | catalog: R11 (tail)
455,P37.68,R11-K13-CAP-01,Round-11 UX capstone,11D,P37,capstone,P34.11;P34.20;P34.12;P34.13;P34.14;P34.15;P35.50;P35.51;P36.19;P36.20;P36.21;P36.16;P36.17;P36.18;P36.22;P36.23;P36.24;P36.27;P36.28;P35.29;P36.29;P36.30;P35.30;P35.17;P35.18;P35.19;P35.52;P36.33;P35.31;P35.35;P35.32;P35.33;P35.36;P35.37;P35.5;P35.42;P35.40;P35.41;P36.45;P36.46;P35.44;P35.43;P36.58;P36.31;P36.32;P35.45;P36.34;P36.35;P36.36;P36.37;P37.18;P37.19;P37.20;P36.38;P36.39;P36.40;P36.56;P36.71;P36.41;P36.42;P37.21;P36.52;P36.53;P36.54;P36.55;P36.57;P37.30;P36.59;P36.51;P36.60;P37.35;P36.61;P36.62;P36.63;P36.48;P36.68;P36.47;P36.69;P36.49;P36.43;P35.39;P36.50;P36.64;P36.25;P36.26;P37.60;P36.65;P36.72;P37.17;P37.63;P37.22;P37.23;P37.24;P37.25;P37.26;P37.27;P37.28;P37.29;P37.31;P37.32;P37.33;P37.34;P37.37;P37.36;P37.38;P37.39;P36.66;P36.67;P37.40;P37.41;P37.42;P37.43;P37.64;P37.65;P35.63;P37.67(S2);P37.66(S2),"OP-22 operator walkthrough + D-K14-9 gallery [B-29] -> default yes (requested, never simulated)",publish,1.0,on the promoted P37.65 release; 390 px + 1440 px,"size M | CF-13: J5 runs against a real >= 2-release diff (P35.63, P36.12, P36.72, P37.65) | catalog: R11 (tail)"
456,P38.1,NEW (S2; uses R11-MEM-10 contract),Round-11 capstone (CAP-lite) 1: independent gap analysis + composed live verification (two-sum headline per status layer),11D-tail,P38,capstone,P37.68,none,read-only,1,live-read: CI for every open PR + probe-run records <= 24 h old,
457,P38.2,NEW (S2),Round-11 capstone 3: closure of in-scope gaps + acceptance packet (accepted-deviations list),11D-tail,P38,capstone,P38.1,none,read-only,0.5,none,
458,GATE-ACCEPT-R11,NEW (S2),GATE-ACCEPT-R11 — operator accepts Round-11 closure and deviations,11D-tail,P38,gate,P38.2,operator signs the accepted-deviations list verbatim (HG-14 domain); never guessed past,none,0,none,
459,P38.3,NEW (S2),"Round-11 reconcile (one row): backlog + operational readiness, spec reconciliation, integration plan (reconcile-build modes)",11D-tail,P38,reconcile,GATE-ACCEPT-R11,none,read-only,2,none,
460,P38.4,NEW (S2),"Round-11 docs (one row): refresh-repo-docs then agent-docs, every production claim cites a probe-run record",11D-tail,P38,docs,P38.3,none,read-only,1,none,
461,P38.5,R11-K13-CAP-02,Announce-readiness review,11D-tail,P38,capstone,P37.68;P37.60,"U-009 · D3-Q5 [A-17] -> default a: D3 §5 is the gate, no early preview · D-K14-9 [B-29]",none,0.5,none,size S | catalog: R11 (tail)
462,GATE-ANNOUNCE,NEW (S2),GATE-ANNOUNCE — operator decides whether SIG is ready to announce (U-009); never auto,11D-tail,P38,gate,P38.5,U-009 operator decision on the D3 §5 checklist; never auto; agents contact no one; the announcement itself is LATER-22,none,0,none,
184,HUMAN-H4,LATER-01,"Round-10 row 184 — existing manifest row, not dispatched; gate cell gains token superseded-by(T-EVAL-IND segment: EV1, HUMAN-H6, HUMAN-H7)",R10 (superseded),P32,marker,,"Q-L3-2 [A-6] -> default: supersession mechanics apply, D-R10-HUMAN-1 stays OPEN (non-blocking)",none,0,none,L3 §6.3; T3 appends the token byte-for-byte after the existing cell; validator V2 skips superseded rows; trigger T-EVAL-IND (operator: >=2 independent labellers + contact exception to U-011)
185,P32.22a,LATER-01,"Round-10 row 185 — existing manifest row, not dispatched; gate cell gains token superseded-by(T-EVAL-IND segment: EV-F)",R10 (superseded),P32,marker,,"Q-L3-2 [A-6] -> default: supersession mechanics apply, D-R10-HUMAN-1 stays OPEN (non-blocking)",none,0,none,L3 §6.3; T3 appends the token byte-for-byte after the existing cell; validator V2 skips superseded rows; trigger T-EVAL-IND (operator: >=2 independent labellers + contact exception to U-011)
186,HUMAN-H5,LATER-01,"Round-10 row 186 — existing manifest row, not dispatched; gate cell gains token superseded-by(T-EVAL-IND segment: HUMAN-H8)",R10 (superseded),P32,marker,,"Q-L3-2 [A-6] -> default: supersession mechanics apply, D-R10-HUMAN-1 stays OPEN (non-blocking)",none,0,none,L3 §6.3; T3 appends the token byte-for-byte after the existing cell; validator V2 skips superseded rows; trigger T-EVAL-IND (operator: >=2 independent labellers + contact exception to U-011)
187,P32.23,LATER-01,"Round-10 row 187 — existing manifest row, not dispatched; gate cell gains token superseded-by(CONF-02 = P34.45, CONF-09 = P37.44; decision leg: T-EVAL-IND segment EV-D, EV-R)",R10 (superseded),P32,marker,,"Q-L3-2 [A-6] -> default: supersession mechanics apply, D-R10-HUMAN-1 stays OPEN (non-blocking)",none,0,none,L3 §6.3; T3 appends the token byte-for-byte after the existing cell; validator V2 skips superseded rows; trigger T-EVAL-IND (operator: >=2 independent labellers + contact exception to U-011)
,SEED-00,SEED-00,Planning-ledger truth fixes before GATE-P,stage-B seed,—,seed,,Q-H2-2 (rotate the value if it was ever real); Q-B4-5,none,0.5,before GATE-P,
,SEED-01,SEED-01,"C0 seed preflight: operator go for control-ledger edits, A1 delta, <PRE> pinned",stage-B seed,—,seed,SEED-00,P10 control-ledger go (B2 §4.1; B3 Q4),none,0.25,before GATE-B,
,SEED-02,SEED-02,"Guard core commit (C0.5): memory_guard.py core, record policies, docs-check/CI wiring, ci_boundary.py",stage-B seed,—,seed,SEED-01;SEED-03,Q-B4-1 / Q-14 (fallback: this becomes row 201 and checks run planning-side in seed_verify.py),none,2.0,before GATE-B,"CF-01: guard core stays in the seed (A-13 rec); if A-13 defaults, T3 inserts it as row 201 (P34.0a) and renumbers +2"
,SEED-03,SEED-03,PKG-02 decouple tests from living build memory (in or before the seed PR),stage-B seed,—,seed,SEED-01,none,none,1.0,before GATE-B,"CF-01: guard core stays in the seed (A-13 rec); if A-13 defaults, T3 inserts it as row 201 (P34.0a) and renumbers +2"
,SEED-04,SEED-04,"C1 reports/memory-repair: README, date_corrections.csv, append_only_register.csv",stage-B seed,—,seed,SEED-02,none,none,0.5,before GATE-B,
,SEED-05,SEED-05,C2 PHASE LOG INDEX r01-r10 + PHASE LOG - Round 11 section,stage-B seed,—,seed,SEED-04,none,none,0.5,before GATE-B,
,SEED-06,SEED-06,C3 GATE DECISIONS restoration of the 53 rows deleted by c2055d96,stage-B seed,—,seed,SEED-05,"P10 control-ledger go (restore-first order, B3 Q4)",none,0.5,before GATE-B,CF-07: GATE DECISIONS restoration only (restore first); steps 2-7 in P34.27 MEM-04
,SEED-07,SEED-07,C4 B1 date corrections in LEDGER and BUILD_INDEX,stage-B seed,—,seed,SEED-06,none,none,0.5,before GATE-B,
,SEED-08,SEED-08,B1 correction records outside LEDGER/BUILD_INDEX + p-17b713 supersession record,stage-B seed,—,seed,SEED-04;OP-18,Q-12 / Q-B1-3 (option C); Q-B1-2 (true decision times); Q-E2-18,none,1.0,before GATE-B,"CF-02: date corrections live in the correction ADR + date_corrections.csv, never as footers on landed ADRs"
,SEED-09,SEED-09,"C5 BUILD_INDEX index repairs (rows 190/195, PR fills, 170a, not-landed note)",stage-B seed,—,seed,SEED-07,none,none,0.5,before GATE-B,
,SEED-10,SEED-10,C6 living head: archive LEDGER L1-54 byte-for-byte and write the slim head (PAUSED),stage-B seed,—,seed,SEED-09,none,none,0.5,before GATE-B,
,SEED-11,SEED-11,T1 decision and waiver ADRs (from ADR-146) + recorded ADR-trigger evaluations,stage-B seed,—,seed,SEED-02,"GATE-P decisions (Q-E2-*, Q-L3-1/2, D-K0-1, D-K1-1, D-K13-1..5, Q-12, D-G3-1)",none,3.0,before GATE-B,"CF-02: date corrections live in the correction ADR + date_corrections.csv, never as footers on landed ADRs"
,SEED-12,SEED-12,T1 spec_src amendments (Round-11 Part/section + amendments) and BUILD.sh,stage-B seed,—,seed,SEED-11,GATE-P,none,3.0,before GATE-B,
,SEED-13,SEED-13,T3 manifest rows 201+ and ticket contracts; rows 184-187 superseded,stage-B seed,—,seed,SEED-12,"GATE-P; Q-13 (if skills deferred, hand-apply SK-17..20 template content)",none,4.0,before GATE-B,
,SEED-14,SEED-14,"T4 register mapping: DEFERRALS annotations, BACKLOG triage, COVERAGE re-verdicts",stage-B seed,—,seed,SEED-15;SEED-11,GATE-P (Q-E2-17 vocabulary; F2b §6 decisions),none,2.0,before GATE-B,CF-03: appends annotation text only; lead-token transitions queued for P34.8 MEM-03
,SEED-15,SEED-15,"T4 validator changes: verdict grammar + cross-checks, backlog open-home, ADR trigger register",stage-B seed,—,seed,SEED-02,GATE-P (vocabulary adoption),none,1.0,before GATE-B,
,SEED-16,SEED-16,C7 RETURN PASS superseding note + RETURN PASS - current + returnPass ids,stage-B seed,—,seed,SEED-10;SEED-14,none,none,0.5,before GATE-B,
,SEED-17,SEED-17,"C8/T5 Round-11 CURRENT STATE, OPERATING MODE and GATE-M/GATE-P rows",stage-B seed,—,seed,SEED-16;SEED-13,"GATE-P; Q-15; Q-16; Q-B4-4/Q-B6-4 (harness key, see CF-04)",none,1.0,before GATE-B,CF-04: CURRENT STATE gains an optional 20th key `harness:` (validated by G5 V12)
,SEED-18,SEED-18,C9 projection regenerate + seed PR opened with five green checks,stage-B seed,—,seed,SEED-17;SEED-12;SEED-14;SEED-15;SEED-08;OP-05,none,none,0.5,before GATE-B,
,SEED-19,SEED-19,"T6 orient dry-run, HANDOFF.md, GATE-B; C10 flips the LEDGER to IN_PROGRESS",stage-B seed,—,seed,SEED-18,GATE-B (operator approval),none,0.5,before GATE-B,nextTicket = row 201 (P34.1); writes the GATE-B pre-authorisation list for 11A named mutations
,LATER-01,LATER-01,"T-EVAL-IND segment: reviewer surface, pilot, freeze, confirmatory, decision, republish",later,—,later,R11-CONF-09;R11-ACT-22,T-EVAL-IND (operator: independent reviewers + contact exception to U-011),production write,6.0,trigger-seeded only (decompose-spec mode=extend),"carries rows 184-187 obligations (D-R10-HUMAN-1 OPEN, non-blocking)"
,LATER-02,LATER-02,Usability study on the live site,later,—,later,,Q-28 / U-011 revisited,none,1.0,trigger-seeded only (decompose-spec mode=extend),
,LATER-03,LATER-03,Contribution-back to OSM/MapRoulette,later,—,later,,operator opt-in; U-011; HG-08,production write,1.0,trigger-seeded only (decompose-spec mode=extend),
,LATER-04,LATER-04,"Outreach, records-request sending and recruiting",later,—,later,,U-011; Q-E2-12; Q-E3-10; Q-28,none,1.0,trigger-seeded only (decompose-spec mode=extend),
,LATER-05,LATER-05,Counsel packet and written opinion,later,—,later,,operator obtains counsel (U-013: do not block),none,0.5,trigger-seeded only (decompose-spec mode=extend),
,LATER-06,LATER-06,Authenticated contributor accounts (D-R7.1-AUTH),later,—,later,,operator; new ADR,none,2.0,trigger-seeded only (decompose-spec mode=extend),
,LATER-07,LATER-07,Know-your-rights content (BL-041),later,—,later,,Q-27,publish,0.5,trigger-seeded only (decompose-spec mode=extend),
,LATER-08,LATER-08,Cloud SQL permanent scale-up and HA; disk partition plan,later,—,later,,operator cost go (would stay under $300 with today's baseline),production write,0.5,trigger-seeded only (decompose-spec mode=extend),
,LATER-09,LATER-09,"Acquisition long tail: Tier-2 remainder (130), Tier 3, EDGAR, courts, OCDS, paid data, tribal/territory channels",later,—,later,,Q-30; Q-21; per-row HG-03,production write,2.0,trigger-seeded only (decompose-spec mode=extend),absorbs R11-ACQ-23a/b (CF-06)
,LATER-10,LATER-10,"Non-US keyed traffic APIs (QLDTraffic, NSW) (D-SOURCES.8-2)",later,—,later,,HG-09; scope decision,production write,1.0,trigger-seeded only (decompose-spec mode=extend),
,LATER-11,LATER-11,OCR/model-assisted parsing (BL-025 OCR part),later,—,later,,none,none,1.0,trigger-seeded only (decompose-spec mode=extend),
,LATER-12,LATER-12,"Deferred UX: claim-text/entity-scoped search, ZIP lookup, 3 deferred K12b ideas",later,—,later,,none,none,1.0,trigger-seeded only (decompose-spec mode=extend),
,LATER-13,LATER-13,Closeout journal cutover (closeout-op/1),later,—,later,,operator,none,1.0,trigger-seeded only (decompose-spec mode=extend),
,LATER-14,LATER-14,Whole-LEDGER rotation per round,later,—,later,,none,none,0.5,trigger-seeded only (decompose-spec mode=extend),
,LATER-15,LATER-15,Operator-only signing key for gate signatures (G4c),later,—,later,,Q-B4-2,none,0.5,trigger-seeded only (decompose-spec mode=extend),
,LATER-16,LATER-16,"Whole-graph canvas (>3,000 labelled nodes)",later,—,later,,D-K13-1,none,2.0,trigger-seeded only (decompose-spec mode=extend),
,LATER-17,LATER-17,OpenGov procurement source (D-SOURCES.9-3),later,—,later,,E4 S3,production write,1.0,trigger-seeded only (decompose-spec mode=extend),
,LATER-18,LATER-18,Second model family for agent review,later,—,later,,Q-L3-4,none,0.5,trigger-seeded only (decompose-spec mode=extend),
,LATER-19,LATER-19,Cost-reduction options,later,—,later,,operator cost decision,production write,1.0,trigger-seeded only (decompose-spec mode=extend),
,LATER-20,LATER-20,Legacy bucket retirement,later,—,later,R11-REL-09,D-G3-7; operator go,production write,0.5,trigger-seeded only (decompose-spec mode=extend),
,LATER-21,LATER-21,Move CI runners to Ubuntu 26,later,—,later,R11-CI-01,none,none,0.5,trigger-seeded only (decompose-spec mode=extend),
,LATER-22,LATER-22,Round-11 announcement and public launch,later,—,later,R11-K13-CAP-02,U-009 operator decision,publish,0.0,trigger-seeded only (decompose-spec mode=extend),
,OP-01,OP-01,"Apply skill changes Tier A (SK-13, 14, 17, 18, 19, 20, 22)","stage-B (after GATE-P, before T3/T5)",—,operator,,Q-13 / Q-B6-1,none,0,operator time; not a chain row (no HUMAN marker; no row waits silently),"listed in the manifest ""Human prerequisites"" section and in the check-in packet that precedes its due point"
,OP-02,OP-02,"Apply skill changes Tier B-must (SK-01, 02, 03, 06, 09, 10)",before row 201 (first dispatch),—,operator,OP-01,Q-B6-1; Q-B6-2,none,0,operator time; not a chain row (no HUMAN marker; no row waits silently),"listed in the manifest ""Human prerequisites"" section and in the check-in packet that precedes its due point"
,OP-03,OP-03,"Apply skill changes Tier B-should (SK-04, 05, 07, 08, 11, 12, 15 min)","before row 201 if possible, else 11A",—,operator,OP-02,Q-B6-4 (harness key),none,0,operator time; not a chain row (no HUMAN marker; no row waits silently),"listed in the manifest ""Human prerequisites"" section and in the check-in packet that precedes its due point"
,OP-04,OP-04,"Apply skill changes Tier C (SK-15 rest, 16, 21, 23, 24, 25)",11A (alongside P34.7-P34.33),—,operator,OP-03,Q-13; Q-B6-3; Q-B6-6,none,0,operator time; not a chain row (no HUMAN marker; no row waits silently),"listed in the manifest ""Human prerequisites"" section and in the check-in packet that precedes its due point"
,OP-05,OP-05,GitHub settings before the seed push: stack ruleset (S-2) + merge settings (S-3),stage-B (before the T6 push),—,operator,,Q-H2-5,none,0,operator time; not a chain row (no HUMAN marker; no row waits silently),"listed in the manifest ""Human prerequisites"" section and in the check-in packet that precedes its due point"
,OP-06,OP-06,GitHub main ruleset effective with the five required checks (S-1),after OP-08,—,operator,OP-08,Q-B4-3; Q-H2-5,none,0,operator time; not a chain row (no HUMAN marker; no row waits silently),"listed in the manifest ""Human prerequisites"" section and in the check-in packet that precedes its due point"
,OP-07,OP-07,"GitHub variable SIG_GCP_PROJECT (S-4), billing/plan check + usage alert (S-5), optional action restrictions (S-7)",stage-B (before row 201),—,operator,,none,none,0,operator time; not a chain row (no HUMAN marker; no row waits silently),"listed in the manifest ""Human prerequisites"" section and in the check-in packet that precedes its due point"
,OP-08,OP-08,Bottom-up merge sitting #141-#190 (+ optional v0.1.0 tag),any time (operator); before OP-06,—,operator,,operator (§7.1: operator merges later); D-G3-6,none,0,operator time; not a chain row (no HUMAN marker; no row waits silently),"listed in the manifest ""Human prerequisites"" section and in the check-in packet that precedes its due point"
,OP-09,OP-09,Move the surveillancegraph.org DNS zone to Cloudflare (Q-31),by GATE-G4 (before P35.5 TX-11 R2 leg and P36.33 MAP-02),—,operator,,Q-31,production write (DNS),0,operator time; not a chain row (no HUMAN marker; no row waits silently),"listed in the manifest ""Human prerequisites"" section and in the check-in packet that precedes its due point"
,OP-10,OP-10,Create contact@surveillancegraph.org alias forwarding to the operator,by GATE-G5 (after OP-09; before P37.44 upstream GETs),—,operator,OP-09,U-014; Q-29,none,0,operator time; not a chain row (no HUMAN marker; no row waits silently),"listed in the manifest ""Human prerequisites"" section and in the check-in packet that precedes its due point"
,OP-11,OP-11,Defensively register sig-project.org,by GATE-G4 (before P35.38 SAFE-06),—,operator,,Q-E2-03,none,0,operator time; not a chain row (no HUMAN marker; no row waits silently),"listed in the manifest ""Human prerequisites"" section and in the check-in packet that precedes its due point"
,OP-12,OP-12,Cost approvals and billing-admin steps,11A (P34.5),—,operator,,"Q-10 ($300; up to ~$1,000 only with a shown trade-off); Q-23",none,0,operator time; not a chain row (no HUMAN marker; no row waits silently),"listed in the manifest ""Human prerequisites"" section and in the check-in packet that precedes its due point"
,OP-13,OP-13,Register free per-platform 511 API keys in Secret Manager (HG-09),by GATE-G6 (conditional; before P37.12 SRC-03),—,operator,,HG-09,production write (secrets),0,operator time; not a chain row (no HUMAN marker; no row waits silently),"listed in the manifest ""Human prerequisites"" section and in the check-in packet that precedes its due point"
,OP-14,OP-14,Organisation publication review via the allow tool (D-K2-1),by GATE-G5 (after P34.26; before P36.41 GX-05a),—,operator,R11-ACT-10,D-K2-1,none,0,operator time; not a chain row (no HUMAN marker; no row waits silently),"listed in the manifest ""Human prerequisites"" section and in the check-in packet that precedes its due point"
,OP-15,OP-15,Partner-name dispositions (D-P32.3-1),folded into OP-14 + P37.46 if B-18 = as stated; else by GATE-G6,—,operator,R11-DATA-08,operator time,none,0,operator time; not a chain row (no HUMAN marker; no row waits silently),"listed in the manifest ""Human prerequisites"" section and in the check-in packet that precedes its due point"
,OP-16,OP-16,Curate 50-100 camera-site seed items in the loopback app (D-P30.2b-1),superseded by P35.49 CONF-11 if B-18 = as stated,—,operator,,Q-E3-1,none,0,operator time; not a chain row (no HUMAN marker; no row waits silently),"listed in the manifest ""Human prerequisites"" section and in the check-in packet that precedes its due point"
,OP-17,OP-17,Maintainer check (OPCHECK) per Class-S release,per Class-S release from P35.63 (if Q-L3-3 = a),—,operator,R11-CONF-11,Q-L3-3,none,0,operator time; not a chain row (no HUMAN marker; no row waits silently),"listed in the manifest ""Human prerequisites"" section and in the check-in packet that precedes its due point"
,OP-18,OP-18,"Verbatim confirmations for records (readout addenda, X-1 items, true decision times)",stage-B (before SEED-08),—,operator,,Q-E2-21; Q-E2-18; Q-B1-2,none,0,operator time; not a chain row (no HUMAN marker; no row waits silently),"listed in the manifest ""Human prerequisites"" section and in the check-in packet that precedes its due point"
,OP-19,OP-19,"Publish the Zenodo production deposit (manual, operator-run)",after P37.55 TRANS-01 (11D),—,operator,R11-TRANS-01,D-J3-9; HG-07,publish,0,operator time; not a chain row (no HUMAN marker; no row waits silently),"listed in the manifest ""Human prerequisites"" section and in the check-in packet that precedes its due point"
,OP-20,OP-20,Create and hold the release-signing key (minisign) in Secret Manager,by GATE-G5 (before P36.50 TX-10b) if B-20 = a,—,operator,,D-J3-8; HG-09,production write (secrets),0,operator time; not a chain row (no HUMAN marker; no row waits silently),"listed in the manifest ""Human prerequisites"" section and in the check-in packet that precedes its due point"
,OP-21,OP-21,Held-out search relevance set (≈30 min),by GATE-G5 (before P36.32 SRCH-02) if B-28 = a,—,operator,,D-K3-7,none,0,operator time; not a chain row (no HUMAN marker; no row waits silently),"listed in the manifest ""Human prerequisites"" section and in the check-in packet that precedes its due point"
,OP-22,OP-22,"Operator walkthroughs and sign-offs: journeys, 'beautiful' gallery, copy batches",recurring: copy batches per republish; walkthroughs at P37.68 CAP-01; gallery before P38.5,—,operator,,D-K14-9; D-J3-12,none,0,operator time; not a chain row (no HUMAN marker; no row waits silently),"listed in the manifest ""Human prerequisites"" section and in the check-in packet that precedes its due point"
,OP-23,OP-23,Push the planning branch as an off-disk backup (optional),"stage-B (optional, after SEED-00)",—,operator,SEED-00,Q-H2-6,none,0,operator time; not a chain row (no HUMAN marker; no row waits silently),"listed in the manifest ""Human prerequisites"" section and in the check-in packet that precedes its due point"
,R11-ACQ-23a,R11-ACQ-23a,International open-data portals and files,later,—,later,R11-ACQ-01,N-lines / RB-06 'a',none,1.0,trigger-seeded only,CF-06: moved out of Round 11 into LATER-09; trigger = operator revisits D3 US-first (A-17) AND answers B-34 N-lines a
,R11-ACQ-23b,R11-ACQ-23b,OGC WFS family,later,—,later,R11-ACQ-01,N-lines / RB-06 'a',none,1.0,trigger-seeded only,CF-06: moved out of Round 11 into LATER-09; trigger = operator revisits D3 US-first (A-17) AND answers B-34 N-lines a
