seq,id,family,old_verdict,old_routing,context
1,SIG-CHART-001,classifier-boilerplate,MET-DIFFERENTLY,P34.48,C1
2,SIG-CHART-002,classifier-boilerplate,MET-DIFFERENTLY,P34.48,C1
3,SIG-CHART-003,classifier-boilerplate,MET-DIFFERENTLY,P34.48,C1
4,SIG-CHART-004,classifier-boilerplate,MET-DIFFERENTLY,P34.48,C1
5,SIG-CHART-005,classifier-boilerplate,MET-DIFFERENTLY,P34.48,C1
6,SIG-CHART-006,classifier-boilerplate,MET-DIFFERENTLY,P34.48,C1
7,SIG-CHART-007,classifier-boilerplate,MET-DIFFERENTLY,P34.48,C1
8,SIG-CHART-011,classifier-boilerplate,MET-DIFFERENTLY,P34.48,C1
9,SIG-CHART-012,classifier-boilerplate,MET-DIFFERENTLY,P34.48,C1
10,SIG-CHART-014,classifier-boilerplate,MET-DIFFERENTLY,P34.48,C1
11,SIG-CHART-015,classifier-boilerplate,MET-DIFFERENTLY,P34.48,C1
12,SIG-CHART-016,classifier-boilerplate,MET-DIFFERENTLY,P34.48,C1
13,SIG-CHART-018,classifier-boilerplate,MET-DIFFERENTLY,P34.48,C1
14,SIG-CHART-020,classifier-boilerplate,MET-DIFFERENTLY,P34.48,C1
15,SIG-CHART-021,classifier-boilerplate,MET-DIFFERENTLY,P34.48,C1
16,SIG-CHART-022,classifier-boilerplate,MET-DIFFERENTLY,P34.48,C1
17,SIG-CHART-023,classifier-boilerplate,MET-DIFFERENTLY,P34.48,C1
18,SIG-CHART-024,classifier-boilerplate,MET-DIFFERENTLY,P34.48,C1
19,SIG-CHART-025,classifier-boilerplate,MET-DIFFERENTLY,P34.48,C1
20,SIG-CHART-026,classifier-boilerplate,MET-DIFFERENTLY,P34.48,C1
21,SIG-ENG-018,classifier-boilerplate,MET-DIFFERENTLY,P34.48,C1
22,SIG-ENG-019,classifier-boilerplate,MET-DIFFERENTLY,P34.48,C1
23,SIG-ENG-020,classifier-boilerplate,MET-DIFFERENTLY,P34.48,C1
24,SIG-ENG-021,classifier-boilerplate,MET-DIFFERENTLY,P34.48,C1
25,SIG-ENG-022,classifier-boilerplate,MET-DIFFERENTLY,P34.48,C1
26,SIG-ENG-023,classifier-boilerplate,MET-DIFFERENTLY,P34.48,C1
27,SIG-ENG-025,classifier-boilerplate,MET-DIFFERENTLY,P34.48,C1
28,SIG-ENG-026,classifier-boilerplate,MET-DIFFERENTLY,P34.48,C1
29,SIG-ENG-027,classifier-boilerplate,MET-DIFFERENTLY,P34.48,C1
30,SIG-ENG-030,classifier-boilerplate,MET-DIFFERENTLY,P34.48,C1
31,SIG-ENG-032,classifier-boilerplate,MET-DIFFERENTLY,P34.48,C1
32,SIG-ENG-033,classifier-boilerplate,MET-DIFFERENTLY,P34.48,C2
33,SIG-ENG-035,classifier-boilerplate,MET-DIFFERENTLY,P34.48,C2
34,SIG-ENG-037,classifier-boilerplate,MET-DIFFERENTLY,P34.48,C2
35,SIG-ENG-038,classifier-boilerplate,MET-DIFFERENTLY,P34.48,C2
36,SIG-EPIS-001,classifier-boilerplate,MET-DIFFERENTLY,P34.48,C2
37,SIG-EPIS-002,classifier-boilerplate,MET-DIFFERENTLY,P34.48,C2
38,SIG-EPIS-003,classifier-boilerplate,MET-DIFFERENTLY,P34.48,C2
39,SIG-EPIS-004,classifier-boilerplate,MET-DIFFERENTLY,P34.48,C2
40,SIG-EPIS-005,classifier-boilerplate,MET-DIFFERENTLY,P34.48,C2
41,SIG-EPIS-007,classifier-boilerplate,MET-DIFFERENTLY,P34.48,C2
42,SIG-EPIS-008,classifier-boilerplate,MET-DIFFERENTLY,P34.48,C2
43,SIG-EPIS-010,classifier-boilerplate,MET-DIFFERENTLY,P34.48,C2
44,SIG-EPIS-013,classifier-boilerplate,MET-DIFFERENTLY,P34.48,C2
45,SIG-EPIS-016,classifier-boilerplate,MET-DIFFERENTLY,P34.48,C2
46,SIG-EPIS-019,classifier-boilerplate,MET-DIFFERENTLY,P34.48,C2
47,SIG-EPIS-024,classifier-boilerplate,MET-DIFFERENTLY,P34.48,C2
48,SIG-EPIS-026,classifier-boilerplate,MET-DIFFERENTLY,P34.48,C2
49,SIG-EPIS-027,classifier-boilerplate,MET-DIFFERENTLY,P34.48,C2
50,SIG-GOV-017,hand-override-note,MET-DIFFERENTLY,P34.48,C2
51,SIG-GOV-018,hand-override-note,MET-DIFFERENTLY,P34.48,C2
52,SIG-IDENT-014,hand-override-note,MET-DIFFERENTLY,P34.48,C2
53,SIG-ONTO-006,hand-override-note,MET-DIFFERENTLY,P34.48,C2
54,SIG-ONTO-008,hand-override-note,MET-DIFFERENTLY,P34.48,C2
55,SIG-ONTO-009,hand-override-note,MET-DIFFERENTLY,P34.48,C2
56,SIG-PUB-001,classifier-boilerplate,MET-DIFFERENTLY,P34.48,C2
57,SIG-PUB-003d,classifier-boilerplate,MET-DIFFERENTLY,P34.48,C2
58,SIG-PUB-006,classifier-boilerplate,MET-DIFFERENTLY,P34.48,C2
59,SIG-RECON-051,hand-override-note,MET-DIFFERENTLY,P34.48,C2
60,SIG-SEC-002,classifier-boilerplate,MET-DIFFERENTLY,P34.48,C2
61,SIG-TIME-003,hand-override-note,MET-DIFFERENTLY,P34.48,C2
62,SIG-UI-040,named-addition,MET-DIFFERENTLY,P34.48,C2
