row,id,file,kind,contract_kind,sub_round,phase,banner,completed_by,est_runs,om20_status,req_owner,req_also,req_cited,notes
184,HUMAN-H4,184_HUMAN-H4__human-development-and-dossier-review.md,marker (Round 10),existing contract; note appended,R10 (superseded),P32,Round 10 (six-stream block),—,0,not dispatched,,,,"Superseded — not executed (ADR-152; L3 §6.3); gate-cell token superseded-by(T-EVAL-IND segment: EV1, HUMAN-H6, HUMAN-H7)"
185,P32.22a,185_P32.22a__candidate-and-confirmatory-frame-freeze.md,marker (Round 10),existing contract; note appended,R10 (superseded),P32,Round 10 (six-stream block),—,0,not dispatched,,,,Superseded — not executed (ADR-152; L3 §6.3); gate-cell token superseded-by(T-EVAL-IND segment: EV-F)
186,HUMAN-H5,186_HUMAN-H5__blinded-confirmatory-human-campaign.md,marker (Round 10),existing contract; note appended,R10 (superseded),P32,Round 10 (six-stream block),—,0,not dispatched,,,,Superseded — not executed (ADR-152; L3 §6.3); gate-cell token superseded-by(T-EVAL-IND segment: HUMAN-H8)
187,P32.23,187_P32.23__human-evaluation-and-rules-decision.md,marker (Round 10),existing contract; note appended,R10 (superseded),P32,Round 10 (six-stream block),—,0,not dispatched,,,,"Superseded — not executed (ADR-152; L3 §6.3); gate-cell token superseded-by(CONF-02 = P34.45, CONF-09 = P37.44; decision leg: T-EVAL-IND segment EV-D, EV-R)"
201,P34.1,201_P34.1__toolchain-pin-and-ci-hygiene.md,ticket,skeleton,11A,P34,"P34 11A ""Safe, honest, truthful"" · rows 201–260, to GATE-G4",SEED-13b,1.0,not an OM-20 row,SIG-ENG-046,,,
202,P34.2,202_P34.2__recorded-ci-verifier-and-flake-policy.md,ticket,skeleton,11A,P34,"P34 11A ""Safe, honest, truthful"" · rows 201–260, to GATE-G4",SEED-13b,1.0,not an OM-20 row,SIG-MEM-007,,,
203,P35.38a,203_P35.38a__crawler-ua-contact-and-explanation-page.md,ticket,skeleton,11A,P34,"P34 11A ""Safe, honest, truthful"" · rows 201–260, to GATE-G4",SEED-13b,0.5,not an OM-20 row,,,,
204,P34.3,204_P34.3__ops-data-protection.md,ticket,skeleton,11A,P34,"P34 11A ""Safe, honest, truthful"" · rows 201–260, to GATE-G4",SEED-13b,0.5,"pre-authorised — on the 11A list the operator approved verbatim at GATE-P (S5-3, 2026-10-01T04:28:49Z); expires: GATE-G4; voided-by: a red probe, a failed restore point or a production read that contradicts a record",SIG-OPS-002,SIG-STORE-048,,
205,P34.4,205_P34.4__alerts-that-reach-a-human.md,ticket,skeleton,11A,P34,"P34 11A ""Safe, honest, truthful"" · rows 201–260, to GATE-G4",SEED-13b,0.5,"pre-authorised — on the 11A list the operator approved verbatim at GATE-P (S5-3, 2026-10-01T04:28:49Z); expires: GATE-G4; voided-by: a red probe, a failed restore point or a production read that contradicts a record",,SIG-OPS-006,,
206,P34.5,206_P34.5__cost-guard-budget-alert-billing-export.md,ticket,skeleton,11A,P34,"P34 11A ""Safe, honest, truthful"" · rows 201–260, to GATE-G4",SEED-13b,0.5,"pre-authorised — on the 11A list the operator approved verbatim at GATE-P (S5-3, 2026-10-01T04:28:49Z); expires: GATE-G4; voided-by: a red probe, a failed restore point or a production read that contradicts a record",SIG-OPS-009,,,
207,P34.6,207_P34.6__restore-drill-and-logical-export.md,ticket,skeleton,11A,P34,"P34 11A ""Safe, honest, truthful"" · rows 201–260, to GATE-G4",SEED-13b,1.0,"pre-authorised — on the 11A list the operator approved verbatim at GATE-P (S5-3, 2026-10-01T04:28:49Z); expires: GATE-G4; voided-by: a red probe, a failed restore point or a production read that contradicts a record",SIG-OPS-001,,,
208,P34.50,208_P34.50__dns-cutover-runbook-and-zone-inventory.md,ticket,skeleton,11A,P34,"P34 11A ""Safe, honest, truthful"" · rows 201–260, to GATE-G4",SEED-13b,0.5,not an OM-20 row,,,,
209,P34.7,209_P34.7__append-only-checker-full-modes.md,ticket,skeleton,11A,P34,"P34 11A ""Safe, honest, truthful"" · rows 201–260, to GATE-G4",SEED-13b,1.0,not an OM-20 row,SIG-MEM-006,,,
210,P34.8,210_P34.8__obligation-events-repair.md,ticket,skeleton,11A,P34,"P34 11A ""Safe, honest, truthful"" · rows 201–260, to GATE-G4",SEED-13b,1.0,not an OM-20 row,,SIG-MEM-005,,"CF-03 (T2-α): the token-transition queue is `docs/build/reports/memory-repair/pending_transitions.csv` (columns are SEED-04's design, labelled); this row's obligation-event repair drains it. | β: the wrong dates in `docs/build/reports/obligations/MIGRATION.md` L55–57 are corrected here by an appended, dated correction (ADR-146), never by rewriting the lines."
211,P34.9,211_P34.9__ledger-contract-validator-no-vacuous-pass.md,ticket,skeleton,11A,P34,"P34 11A ""Safe, honest, truthful"" · rows 201–260, to GATE-G4",SEED-13b,1.0,not an OM-20 row,SIG-ENG-042 SIG-MEM-010,SIG-MEM-012,,
212,P34.10,212_P34.10__one-allow-listed-publish-path.md,ticket,skeleton,11A,P34,"P34 11A ""Safe, honest, truthful"" · rows 201–260, to GATE-G4",SEED-13b,1.0,not an OM-20 row,SIG-OPS-003 SIG-OPS-004,,,
213,P34.11,213_P34.11__honest-home-dossier-coverage-copy.md,ticket,skeleton,11A,P34,"P34 11A ""Safe, honest, truthful"" · rows 201–260, to GATE-G4",SEED-13b,1.0,not an OM-20 row,,,,
214,P34.12,214_P34.12__research-queue-truth-fixes.md,ticket,skeleton,11A,P34,"P34 11A ""Safe, honest, truthful"" · rows 201–260, to GATE-G4",SEED-13b,0.5,not an OM-20 row,,,,
215,P34.13,215_P34.13__chrome-format-accessibility-quick-fixes.md,ticket,skeleton,11A,P34,"P34 11A ""Safe, honest, truthful"" · rows 201–260, to GATE-G4",SEED-13b,1.0,not an OM-20 row,,,,
216,P34.14,216_P34.14__jurisdiction-display-names-interim.md,ticket,skeleton,11A,P34,"P34 11A ""Safe, honest, truthful"" · rows 201–260, to GATE-G4",SEED-13b,0.5,not an OM-20 row,,,,
217,P34.15,217_P34.15__map-network-search-island-honesty.md,ticket,skeleton,11A,P34,"P34 11A ""Safe, honest, truthful"" · rows 201–260, to GATE-G4",SEED-13b,0.5,not an OM-20 row,,,,
218,P34.16,218_P34.16__public-repo-honesty-corrections.md,ticket,skeleton,11A,P34,"P34 11A ""Safe, honest, truthful"" · rows 201–260, to GATE-G4",SEED-13b,0.5,not an OM-20 row,,,SIG-GOV-012 SIG-GOV-013 SIG-GOV-015,"SEED-11b / TS-09: a past 'counsel' determination is written as **the operator's own determination (no counsel)** (ADR-167; OM-08) — not 'operator-reported' as catalog R11-GOV-01 words it. | SEED-11b / WV-01 vs C-5: the legal-home disclosure (ADR-165) must not name or describe the operator beyond the adopted WV-01 sentence, and never as a 'who runs SIG' placeholder, until the operator writes that text (C-5 'Omit until I write it', 2026-10-01T04:56:11Z); wording confirmed verbatim in a copy batch (B-2)."
219,P34.19,219_P34.19__express-terms-disclosure.md,ticket,skeleton,11A,P34,"P34 11A ""Safe, honest, truthful"" · rows 201–260, to GATE-G4",SEED-13b,0.5,not an OM-20 row,,,,
220,P34.17,220_P34.17__web-honesty-wave-and-republish-1.md,ticket,skeleton,11A,P34,"P34 11A ""Safe, honest, truthful"" · rows 201–260, to GATE-G4",SEED-13b,1.0,never pre-authorised (in-ticket go or pause; see Gate status),,,SIG-GOV-003 SIG-GOV-012 SIG-GOV-013 SIG-MEM-011 SIG-UI-042,"SEED-11b / WV-01 vs C-5: the site's legal-home disclosure (ADR-165 §2) names no person and is not a 'who runs SIG' section (C-5 'Omit until I write it', 2026-10-01T04:56:11Z); its exact wording and placement are confirmed verbatim in copy batch #1 (B-2). Agent reading (labelled, ADR-165): a terms-page sentence satisfies WV-01."
221,P34.18,221_P34.18__personal-handle-source-id-rename.md,ticket,skeleton,11A,P34,"P34 11A ""Safe, honest, truthful"" · rows 201–260, to GATE-G4",SEED-13c,1.0,named mutation not on the 11A OM-20 list (S5-3): in-ticket verbatim go,,,,
222,P34.20,222_P34.20__watch-and-evidence-empty-state-truth.md,ticket,skeleton,11A,P34,"P34 11A ""Safe, honest, truthful"" · rows 201–260, to GATE-G4",SEED-13c,1.0,not an OM-20 row,,,,
223,P34.21a,223_P34.21a__attribution-gate-sink-rights-and-backfill.md,ticket,skeleton,11A,P34,"P34 11A ""Safe, honest, truthful"" · rows 201–260, to GATE-G4",SEED-13c,1.0,"pre-authorised — on the 11A list the operator approved verbatim at GATE-P (S5-3, 2026-10-01T04:28:49Z); expires: GATE-G4; voided-by: a red probe, a failed restore point or a production read that contradicts a record",,,,
224,P34.21b,224_P34.21b__attribution-re-export-and-republish-2.md,ticket,skeleton,11A,P34,"P34 11A ""Safe, honest, truthful"" · rows 201–260, to GATE-G4",SEED-13c,1.0,never pre-authorised (in-ticket go or pause; see Gate status),,,,
225,P34.22a,225_P34.22a__date-truth-release-constants-future-date-test.md,ticket,skeleton,11A,P34,"P34 11A ""Safe, honest, truthful"" · rows 201–260, to GATE-G4",SEED-13c,1.0,not an OM-20 row,,SIG-MEM-005,,"β: parametrise the `p-17b713` release pin in `release_publish_verify.py` (the `p-17b713` supersession record, SEED-08; B-4)."
226,P34.22b,226_P34.22b__date-truth-fixtures-and-sources-dates.md,ticket,skeleton,11A,P34,"P34 11A ""Safe, honest, truthful"" · rows 201–260, to GATE-G4",SEED-13c,1.0,not an OM-20 row,,SIG-MEM-005,,
227,P34.23,227_P34.23__versioning-discipline-one-version-source.md,ticket,skeleton,11A,P34,"P34 11A ""Safe, honest, truthful"" · rows 201–260, to GATE-G4",SEED-13c,0.5,not an OM-20 row,SIG-REL-014,,,
228,P34.24a,228_P34.24a__sqitch-hygiene-and-round-trip-ci.md,ticket,skeleton,11A,P34,"P34 11A ""Safe, honest, truthful"" · rows 201–260, to GATE-G4",SEED-13c,1.0,named mutation not on the 11A OM-20 list (S5-3): in-ticket verbatim go,SIG-ENG-045,,,
229,P34.25,229_P34.25__api-honesty-code.md,ticket,skeleton,11A,P34,"P34 11A ""Safe, honest, truthful"" · rows 201–260, to GATE-G4",SEED-13c,1.0,not an OM-20 row,SIG-SEC-011,SIG-REL-010,,
230,P34.24b,230_P34.24b__sqitch-l44-52-clone-rehearsal.md,ticket,skeleton,11A,P34,"P34 11A ""Safe, honest, truthful"" · rows 201–260, to GATE-G4",SEED-13c,1.0,"pre-authorised — on the 11A list the operator approved verbatim at GATE-P (S5-3, 2026-10-01T04:28:49Z); expires: GATE-G4; voided-by: a red probe, a failed restore point or a production read that contradicts a record",,,,
231,P34.26,231_P34.26__adr-124-allow-dispositions.md,ticket,skeleton,11A,P34,"P34 11A ""Safe, honest, truthful"" · rows 201–260, to GATE-G4",SEED-13c,1.0,not an OM-20 row,,,,
232,P34.27,232_P34.27__remaining-append-only-restorations.md,ticket,skeleton,11A,P34,"P34 11A ""Safe, honest, truthful"" · rows 201–260, to GATE-G4",SEED-13c,1.0,not an OM-20 row,,SIG-MEM-006,,
233,P34.28,233_P34.28__readout-authorship-and-signed-gate-check.md,ticket,skeleton,11A,P34,"P34 11A ""Safe, honest, truthful"" · rows 201–260, to GATE-G4",SEED-13c,1.0,not an OM-20 row,SIG-MEM-008 SIG-MEM-009 SIG-SEC-010,,,
234,P34.29,234_P34.29__return-pass-generator-and-projection-fixes.md,ticket,skeleton,11A,P34,"P34 11A ""Safe, honest, truthful"" · rows 201–260, to GATE-G4",SEED-13c,1.0,not an OM-20 row,,SIG-MEM-010,,
235,P34.30,235_P34.30__memory-cutover-disposition-and-transition-rule.md,ticket,skeleton,11A,P34,"P34 11A ""Safe, honest, truthful"" · rows 201–260, to GATE-G4",SEED-13c,0.5,not an OM-20 row,,,,
236,P34.31,236_P34.31__living-record-test-lint.md,ticket,skeleton,11A,P34,"P34 11A ""Safe, honest, truthful"" · rows 201–260, to GATE-G4",SEED-13c,0.5,not an OM-20 row,SIG-ENG-040,,,
237,P34.32,237_P34.32__adr-index-generator-and-trigger-register.md,ticket,skeleton,11A,P34,"P34 11A ""Safe, honest, truthful"" · rows 201–260, to GATE-G4",SEED-13c,1.0,not an OM-20 row,SIG-ENG-043,,,
238,P34.33,238_P34.33__round-close-record-checks.md,ticket,skeleton,11A,P34,"P34 11A ""Safe, honest, truthful"" · rows 201–260, to GATE-G4",SEED-13c,0.5,not an OM-20 row,,SIG-ENG-041,SIG-ENG-031,
239,PLAN-11B,239_PLAN-11B__contracts-for-11b-and-transp-family.md,plan,skeleton,11A,P34,"P34 11A ""Safe, honest, truthful"" · rows 201–260, to GATE-G4",SEED-13c,7.0,not an OM-20 row,,,,"SEED-12a: append the SIG-TRANSP family to spec §56.8's plan and register its prefix in §0.3 (append-only `spec_src` change, rebuilt by BUILD.sh). | SEED-12a owners to re-confirm when writing the 11B contracts (T3 confirmed them at skeleton level): SIG-SEC-008 → P35.1a/b, SIG-SEC-009 → P35.4, SIG-CONF-010 → P35.60. | Plan §8.1 re-split rule: four 11B rows already look oversized (P35.1b, P35.61, P35.63, P36.12); if the sizing review pushes 11B past 85 engineering rows or 75 runs, add GATE-G4b at the Wave-B activation boundary (after row 290, where the manifest already has a banner boundary) by `decompose-spec mode=extend`."
240,P34.48,240_P34.48__re-verdict-61-boilerplate-coverage-rows.md,ticket,skeleton,11A,P34,"P34 11A ""Safe, honest, truthful"" · rows 201–260, to GATE-G4",SEED-13c,1.5,not an OM-20 row,,,,
241,P34.34a,241_P34.34a__release-archive-link-depth-and-crawl.md,ticket,skeleton,11A,P34,"P34 11A ""Safe, honest, truthful"" · rows 201–260, to GATE-G4",SEED-13d,1.0,not an OM-20 row,,,,
242,P34.34b,242_P34.34b__export-mode-ci-build-and-island-budgets.md,ticket,skeleton,11A,P34,"P34 11A ""Safe, honest, truthful"" · rows 201–260, to GATE-G4",SEED-13d,1.0,not an OM-20 row,,,,
243,P34.35,243_P34.35__research-dossier-disclosure.md,ticket,skeleton,11A,P34,"P34 11A ""Safe, honest, truthful"" · rows 201–260, to GATE-G4",SEED-13d,1.0,not an OM-20 row,,,,
244,P34.36,244_P34.36__release-search-states.md,ticket,skeleton,11A,P34,"P34 11A ""Safe, honest, truthful"" · rows 201–260, to GATE-G4",SEED-13d,1.0,not an OM-20 row,,,,
245,P34.37,245_P34.37__intake-defects-and-moderation-hardening.md,ticket,skeleton,11A,P34,"P34 11A ""Safe, honest, truthful"" · rows 201–260, to GATE-G4",SEED-13d,1.0,not an OM-20 row,,,,
246,P34.38,246_P34.38__sources-pilot-prep-and-registry-rows.md,ticket,skeleton,11A,P34,"P34 11A ""Safe, honest, truthful"" · rows 201–260, to GATE-G4",SEED-13d,1.0,not an OM-20 row,,,,
247,P34.39a,247_P34.39a__osm-replay-read-back.md,ticket,skeleton,11A,P34,"P34 11A ""Safe, honest, truthful"" · rows 201–260, to GATE-G4",SEED-13d,0.5,not an OM-20 row,,,,
248,P34.39b,248_P34.39b__first-fire-read-backs.md,ticket,skeleton,11A,P34,"P34 11A ""Safe, honest, truthful"" · rows 201–260, to GATE-G4",SEED-13d,0.5,not an OM-20 row,,,,
249,P34.40,249_P34.40__serving-topology-dark.md,ticket,skeleton,11A,P34,"P34 11A ""Safe, honest, truthful"" · rows 201–260, to GATE-G4",SEED-13d,1.0,"pre-authorised — on the 11A list the operator approved verbatim at GATE-P (S5-3, 2026-10-01T04:28:49Z); expires: GATE-G4; voided-by: a red probe, a failed restore point or a production read that contradicts a record",,,,
250,P34.41,250_P34.41__withdrawal-barrier-bytes.md,ticket,skeleton,11A,P34,"P34 11A ""Safe, honest, truthful"" · rows 201–260, to GATE-G4",SEED-13d,1.0,not an OM-20 row,,,,
251,P34.42a,251_P34.42a__least-privilege-service-identities.md,ticket,skeleton,11A,P34,"P34 11A ""Safe, honest, truthful"" · rows 201–260, to GATE-G4",SEED-13d,1.0,"pre-authorised — on the 11A list the operator approved verbatim at GATE-P (S5-3, 2026-10-01T04:28:49Z); expires: GATE-G4; voided-by: a red probe, a failed restore point or a production read that contradicts a record",SIG-SEC-007,,,
252,P34.42b,252_P34.42b__least-privilege-job-identities-remove-editor.md,ticket,skeleton,11A,P34,"P34 11A ""Safe, honest, truthful"" · rows 201–260, to GATE-G4",SEED-13d,1.0,"pre-authorised — on the 11A list the operator approved verbatim at GATE-P (S5-3, 2026-10-01T04:28:49Z); expires: GATE-G4; voided-by: a red probe, a failed restore point or a production read that contradicts a record",SIG-SEC-007,,,
253,P34.43,253_P34.43__execution-host-and-least-privilege-db-logins.md,ticket,skeleton,11A,P34,"P34 11A ""Safe, honest, truthful"" · rows 201–260, to GATE-G4",SEED-13d,1.0,"pre-authorised — on the 11A list the operator approved verbatim at GATE-P (S5-3, 2026-10-01T04:28:49Z); expires: GATE-G4; voided-by: a red probe, a failed restore point or a production read that contradicts a record",SIG-CONF-013,,,
254,P34.49,254_P34.49__part-viii-at-rest-audit.md,ticket,skeleton,11A,P34,"P34 11A ""Safe, honest, truthful"" · rows 201–260, to GATE-G4",SEED-13d,1.0,"pre-authorised — on the 11A list the operator approved verbatim at GATE-P (S5-3, 2026-10-01T04:28:49Z); expires: GATE-G4; voided-by: a red probe, a failed restore point or a production read that contradicts a record",,,SIG-GOV-007 SIG-PUB-002,
255,P34.44a,255_P34.44a__quality-check-registry-and-ratchet-engine.md,ticket,skeleton,11A,P34,"P34 11A ""Safe, honest, truthful"" · rows 201–260, to GATE-G4",SEED-13d,1.0,named mutation not on the 11A OM-20 list (S5-3): in-ticket verbatim go,SIG-CONF-003 SIG-CONF-006 SIG-CONF-007,SIG-CONF-009,,
256,P34.44b,256_P34.44b__quality-baseline-run-and-nightly-probe.md,ticket,skeleton,11A,P34,"P34 11A ""Safe, honest, truthful"" · rows 201–260, to GATE-G4",SEED-13d,1.0,"pre-authorised — on the 11A list the operator approved verbatim at GATE-P (S5-3, 2026-10-01T04:28:49Z); expires: GATE-G4; voided-by: a red probe, a failed restore point or a production read that contradicts a record",,SIG-CONF-009,,
257,P34.45,257_P34.45__honest-evaluation-posture.md,ticket,skeleton,11A,P35,"P34 11A ""Safe, honest, truthful"" · rows 201–260, to GATE-G4",SEED-13d,0.5,"pre-authorised — on the 11A list the operator approved verbatim at GATE-P (S5-3, 2026-10-01T04:28:49Z); expires: GATE-G4; voided-by: a red probe, a failed restore point or a production read that contradicts a record",SIG-CONF-001,SIG-CONF-005,,
258,P34.46,258_P34.46__round10-schema-allows-and-api-roll.md,ticket,skeleton,11A,P34,"P34 11A ""Safe, honest, truthful"" · rows 201–260, to GATE-G4",SEED-13d,1.0,never pre-authorised (in-ticket go or pause; see Gate status),,,,
259,P34.47,259_P34.47__sub-round-11a-acceptance.md,capstone,skeleton,11A,P34,"P34 11A ""Safe, honest, truthful"" · rows 201–260, to GATE-G4",SEED-13d,0.5,not an OM-20 row,,SIG-CONF-012,,
260,GATE-G4,260_GATE-G4__11a-check-in.md,gate,skeleton,11A,P34,"P34 11A ""Safe, honest, truthful"" · rows 201–260, to GATE-G4",SEED-13d,0.0,not an OM-20 row (gate marker),,,,
261,P35.57,261_P35.57__api-release-parity.md,ticket,skeleton,11B,P35,"P35 11B ""Correct and traceable"" · part 1, to the Wave A activation (rows 261–271)",PLAN-11B (row 239),1.0,never pre-authorised (in-ticket go or pause; see Gate status),SIG-REL-010,,,
262,P35.5,262_P35.5__zero-egress-distribution-host.md,ticket,skeleton,11B,P35,"P35 11B ""Correct and traceable"" · part 1, to the Wave A activation (rows 261–271)",PLAN-11B (row 239),1.0,OM-20 row: pre-authorised only if the GATE-G4 list the operator approves verbatim names this row (expiry at the next GATE); otherwise an in-ticket pause,,,,
263,P35.67,263_P35.67__post-dns-cutover-probe.md,ticket,skeleton,11B,P35,"P35 11B ""Correct and traceable"" · part 1, to the Wave A activation (rows 261–271)",PLAN-11B (row 239),0.5,not an OM-20 row,,,,
264,P35.1a,264_P35.1a__scheduler-of-record-live-diff-cron-lint.md,ticket,skeleton,11B,P35,"P35 11B ""Correct and traceable"" · part 1, to the Wave A activation (rows 261–271)",PLAN-11B (row 239),1.0,OM-20 row: pre-authorised only if the GATE-G4 list the operator approves verbatim names this row (expiry at the next GATE); otherwise an in-ticket pause,SIG-OPS-005 SIG-SEC-008,,,
265,P36.1a,265_P36.1a__opt-out-register-and-reservation-refusal.md,ticket,skeleton,11B,P35,"P35 11B ""Correct and traceable"" · part 1, to the Wave A activation (rows 261–271)",PLAN-11B (row 239),1.0,not an OM-20 row,,,SIG-INGEST-046c,
266,P35.6,266_P35.6__acquisition-plumbing-and-verification-harness.md,ticket,skeleton,11B,P35,"P35 11B ""Correct and traceable"" · part 1, to the Wave A activation (rows 261–271)",PLAN-11B (row 239),1.0,not an OM-20 row,,,,
267,P35.7,267_P35.7__registry-and-tenant-label-corrections.md,ticket,skeleton,11B,P35,"P35 11B ""Correct and traceable"" · part 1, to the Wave A activation (rows 261–271)",PLAN-11B (row 239),0.5,not an OM-20 row,,,,
268,P35.8,268_P35.8__legistar-matter-pass-and-agenda-vocabulary.md,ticket,skeleton,11B,P35,"P35 11B ""Correct and traceable"" · part 1, to the Wave A activation (rows 261–271)",PLAN-11B (row 239),1.0,not an OM-20 row,,,,
269,P35.9,269_P35.9__usaspending-crol-vocabulary-and-filters.md,ticket,skeleton,11B,P35,"P35 11B ""Correct and traceable"" · part 1, to the Wave A activation (rows 261–271)",PLAN-11B (row 239),0.5,not an OM-20 row,,,,
270,P35.10,270_P35.10__state-alpr-statute-seed-2026.md,ticket,skeleton,11B,P35,"P35 11B ""Correct and traceable"" · part 1, to the Wave A activation (rows 261–271)",PLAN-11B (row 239),0.5,not an OM-20 row,,,,
271,P35.11,271_P35.11__wave-a-activation.md,ticket,skeleton,11B,P35,"P35 11B ""Correct and traceable"" · part 1, to the Wave A activation (rows 261–271)",PLAN-11B (row 239),0.5,never pre-authorised (in-ticket go or pause; see Gate status),,,,
272,P35.14a,272_P35.14a__vocabulary-conformance-closed-vocabulary.md,ticket,skeleton,11B,P35,"P35 11B ""Correct and traceable"" · part 2, typing and Wave B to its activation (rows 272–290)",PLAN-11B (row 239),1.0,OM-20 row: pre-authorised only if the GATE-G4 list the operator approves verbatim names this row (expiry at the next GATE); otherwise an in-ticket pause,,,SIG-ONTO-060,"SEED-12b (agent assignment at T3, labelled): SIG-ONTO-060's scope list was not amended (G.7.5); this row reads the realised enum and writes the amendment proposal (operator words needed if it relaxes the closed list)."
273,P35.14b,273_P35.14b__entity-typing-and-hosted-check-constraint.md,ticket,skeleton,11B,P35,"P35 11B ""Correct and traceable"" · part 2, typing and Wave B to its activation (rows 272–290)",PLAN-11B (row 239),1.0,never pre-authorised (in-ticket go or pause; see Gate status),,,,
274,P35.15a,274_P35.15a__technology-typing-slug-and-facets.md,ticket,skeleton,11B,P35,"P35 11B ""Correct and traceable"" · part 2, typing and Wave B to its activation (rows 272–290)",PLAN-11B (row 239),1.0,OM-20 row: pre-authorised only if the GATE-G4 list the operator approves verbatim names this row (expiry at the next GATE); otherwise an in-ticket pause,,,,
275,P35.15b,275_P35.15b__technology-backfill.md,ticket,skeleton,11B,P35,"P35 11B ""Correct and traceable"" · part 2, typing and Wave B to its activation (rows 272–290)",PLAN-11B (row 239),1.0,OM-20 row: pre-authorised only if the GATE-G4 list the operator approves verbatim names this row (expiry at the next GATE); otherwise an in-ticket pause,,,,
276,P36.3,276_P36.3__ate-technology-concept.md,ticket,skeleton,11B,P35,"P35 11B ""Correct and traceable"" · part 2, typing and Wave B to its activation (rows 272–290)",PLAN-11B (row 239),0.5,not an OM-20 row,,,,
277,P36.4,277_P36.4__official-camera-layers.md,ticket,skeleton,11B,P35,"P35 11B ""Correct and traceable"" · part 2, typing and Wave B to its activation (rows 272–290)",PLAN-11B (row 239),1.0,not an OM-20 row,,,,
278,P36.5,278_P36.5__agency-alpr-flock-layers.md,ticket,skeleton,11B,P35,"P35 11B ""Correct and traceable"" · part 2, typing and Wave B to its activation (rows 272–290)",PLAN-11B (row 239),1.0,not an OM-20 row,,,,
279,P36.6,279_P36.6__automated-traffic-enforcement-layers.md,ticket,skeleton,11B,P35,"P35 11B ""Correct and traceable"" · part 2, typing and Wave B to its activation (rows 272–290)",PLAN-11B (row 239),1.0,not an OM-20 row,,,,
280,P36.7,280_P36.7__procurement-and-programme-registers.md,ticket,skeleton,11B,P35,"P35 11B ""Correct and traceable"" · part 2, typing and Wave B to its activation (rows 272–290)",PLAN-11B (row 239),0.5,not an OM-20 row,,,,
281,P36.8,281_P36.8__statutory-disclosures-alpr-regimes.md,ticket,skeleton,11B,P35,"P35 11B ""Correct and traceable"" · part 2, typing and Wave B to its activation (rows 272–290)",PLAN-11B (row 239),1.0,not an OM-20 row,,,,
282,P36.9a,282_P36.9a__statutory-disclosures-uav-frt.md,ticket,skeleton,11B,P35,"P35 11B ""Correct and traceable"" · part 2, typing and Wave B to its activation (rows 272–290)",PLAN-11B (row 239),1.0,not an OM-20 row,,,,
283,P36.9b,283_P36.9b__statutory-disclosures-css-interception-ate-dhs.md,ticket,skeleton,11B,P35,"P35 11B ""Correct and traceable"" · part 2, typing and Wave B to its activation (rows 272–290)",PLAN-11B (row 239),1.0,not an OM-20 row,,,,
284,P36.10,284_P36.10__ccops-reports-and-police-policies.md,ticket,skeleton,11B,P35,"P35 11B ""Correct and traceable"" · part 2, typing and Wave B to its activation (rows 272–290)",PLAN-11B (row 239),1.0,not an OM-20 row,,,,
285,P36.11,285_P36.11__grant-council-procurement-documents-bills.md,ticket,skeleton,11B,P35,"P35 11B ""Correct and traceable"" · part 2, typing and Wave B to its activation (rows 272–290)",PLAN-11B (row 239),0.5,not an OM-20 row,,,,
286,P35.28,286_P35.28__officer-naming-gate-default-deny.md,ticket,skeleton,11B,P35,"P35 11B ""Correct and traceable"" · part 2, typing and Wave B to its activation (rows 272–290)",PLAN-11B (row 239),1.0,not an OM-20 row,,,SIG-PUB-007,
287,P36.15,287_P36.15__redaction-pipeline.md,ticket,skeleton,11B,P35,"P35 11B ""Correct and traceable"" · part 2, typing and Wave B to its activation (rows 272–290)",PLAN-11B (row 239),1.0,not an OM-20 row,,,SIG-PUB-015 SIG-PUB-016,
288,P35.66,288_P35.66__residential-demotion.md,ticket,skeleton,11B,P35,"P35 11B ""Correct and traceable"" · part 2, typing and Wave B to its activation (rows 272–290)",PLAN-11B (row 239),1.0,not an OM-20 row,,,SIG-PUB-004 SIG-PUB-005 SIG-PUB-013,
289,P36.74,289_P36.74__flock-portal-connector-probe-only.md,ticket,skeleton,11B,P36,"P35 11B ""Correct and traceable"" · part 2, typing and Wave B to its activation (rows 272–290)",PLAN-11B (row 239),0.5,not an OM-20 row,,,SIG-INGEST-013 SIG-INGEST-035 SIG-INGEST-036 SIG-INGEST-037 SIG-LIC-004a SIG-PUB-002 SIG-PUB-003a,
290,P36.12,290_P36.12__wave-b-activation.md,ticket,skeleton,11B,P35,"P35 11B ""Correct and traceable"" · part 2, typing and Wave B to its activation (rows 272–290)",PLAN-11B (row 239),1.0,never pre-authorised (in-ticket go or pause; see Gate status),,,,
291,P35.1b,291_P35.1b__fleet-hygiene.md,ticket,skeleton,11B,P35,"P35 11B ""Correct and traceable"" · part 3, to GATE-G5 (rows 291–343)",PLAN-11B (row 239),1.0,OM-20 row: pre-authorised only if the GATE-G4 list the operator approves verbatim names this row (expiry at the next GATE); otherwise an in-ticket pause,SIG-SEC-008,,,
292,P35.3,292_P35.3__production-truth-probes-and-sentinel-scan.md,ticket,skeleton,11B,P35,"P35 11B ""Correct and traceable"" · part 3, to GATE-G5 (rows 291–343)",PLAN-11B (row 239),1.0,not an OM-20 row,SIG-MEM-011 SIG-OPS-011 SIG-OPS-012,,,
293,P35.4,293_P35.4__ops-runbook.md,ticket,skeleton,11B,P35,"P35 11B ""Correct and traceable"" · part 3, to GATE-G5 (rows 291–343)",PLAN-11B (row 239),1.0,not an OM-20 row,SIG-OPS-010 SIG-SEC-009,,,
294,P35.12,294_P35.12__release-identity-v2-and-clock-guards.md,ticket,skeleton,11B,P35,"P35 11B ""Correct and traceable"" · part 3, to GATE-G5 (rows 291–343)",PLAN-11B (row 239),1.0,not an OM-20 row,SIG-REL-001 SIG-REL-002 SIG-REL-003,,,
295,P35.13,295_P35.13__provenance-stamp-release-json-headers.md,ticket,skeleton,11B,P35,"P35 11B ""Correct and traceable"" · part 3, to GATE-G5 (rows 291–343)",PLAN-11B (row 239),1.0,not an OM-20 row,SIG-REL-009,,,
296,P35.16,296_P35.16__geometry-defects-at-ingest.md,ticket,skeleton,11B,P35,"P35 11B ""Correct and traceable"" · part 3, to GATE-G5 (rows 291–343)",PLAN-11B (row 239),1.0,OM-20 row: pre-authorised only if the GATE-G4 list the operator approves verbatim names this row (expiry at the next GATE); otherwise an in-ticket pause,,,,
297,P35.17,297_P35.17__jurisdiction-registry-and-boundary-pack.md,ticket,skeleton,11B,P35,"P35 11B ""Correct and traceable"" · part 3, to GATE-G5 (rows 291–343)",PLAN-11B (row 239),1.0,OM-20 row: pre-authorised only if the GATE-G4 list the operator approves verbatim names this row (expiry at the next GATE); otherwise an in-ticket pause,,,,
298,P35.18,298_P35.18__declared-jurisdiction-scheme.md,ticket,skeleton,11B,P35,"P35 11B ""Correct and traceable"" · part 3, to GATE-G5 (rows 291–343)",PLAN-11B (row 239),0.5,not an OM-20 row,,,,
299,P35.19,299_P35.19__placement-engine.md,ticket,skeleton,11B,P35,"P35 11B ""Correct and traceable"" · part 3, to GATE-G5 (rows 291–343)",PLAN-11B (row 239),1.0,not an OM-20 row,,,,
300,P35.20a,300_P35.20a__per-dossier-provenance-unclamped-coverage.md,ticket,skeleton,11B,P35,"P35 11B ""Correct and traceable"" · part 3, to GATE-G5 (rows 291–343)",PLAN-11B (row 239),1.0,not an OM-20 row,,,,
301,P35.20b,301_P35.20b__freshness-classes-and-map-table-suppression.md,ticket,skeleton,11B,P35,"P35 11B ""Correct and traceable"" · part 3, to GATE-G5 (rows 291–343)",PLAN-11B (row 239),1.0,not an OM-20 row,,,,
302,P35.22,302_P35.22__truthful-claim-identity.md,ticket,skeleton,11B,P35,"P35 11B ""Correct and traceable"" · part 3, to GATE-G5 (rows 291–343)",PLAN-11B (row 239),1.0,OM-20 row: pre-authorised only if the GATE-G4 list the operator approves verbatim names this row (expiry at the next GATE); otherwise an in-ticket pause,,,,
303,P35.24,303_P35.24__truthful-subject-keys-and-re-keying.md,ticket,skeleton,11B,P35,"P35 11B ""Correct and traceable"" · part 3, to GATE-G5 (rows 291–343)",PLAN-11B (row 239),1.0,OM-20 row: pre-authorised only if the GATE-G4 list the operator approves verbatim names this row (expiry at the next GATE); otherwise an in-ticket pause,,,,
304,P35.25,304_P35.25__declared-lineage-namespaces-independence.md,ticket,skeleton,11B,P35,"P35 11B ""Correct and traceable"" · part 3, to GATE-G5 (rows 291–343)",PLAN-11B (row 239),1.0,OM-20 row: pre-authorised only if the GATE-G4 list the operator approves verbatim names this row (expiry at the next GATE); otherwise an in-ticket pause,SIG-CONF-014,,,
305,P35.26,305_P35.26__roles-and-time-backend.md,ticket,skeleton,11B,P35,"P35 11B ""Correct and traceable"" · part 3, to GATE-G5 (rows 291–343)",PLAN-11B (row 239),1.0,OM-20 row: pre-authorised only if the GATE-G4 list the operator approves verbatim names this row (expiry at the next GATE); otherwise an in-ticket pause,,,,
306,P35.27,306_P35.27__resolver-input-truth.md,ticket,skeleton,11B,P35,"P35 11B ""Correct and traceable"" · part 3, to GATE-G5 (rows 291–343)",PLAN-11B (row 239),1.0,OM-20 row: pre-authorised only if the GATE-G4 list the operator approves verbatim names this row (expiry at the next GATE); otherwise an in-ticket pause,,,,
307,P35.29,307_P35.29__shared-labels-slugs-hashes.md,ticket,skeleton,11B,P35,"P35 11B ""Correct and traceable"" · part 3, to GATE-G5 (rows 291–343)",PLAN-11B (row 239),1.0,not an OM-20 row,,,,
308,P35.30,308_P35.30__network-labels-dates-evidence.md,ticket,skeleton,11B,P35,"P35 11B ""Correct and traceable"" · part 3, to GATE-G5 (rows 291–343)",PLAN-11B (row 239),1.0,not an OM-20 row,,,,
309,P35.31,309_P35.31__transparency-scrub-and-publish-secret-gate.md,ticket,skeleton,11B,P35,"P35 11B ""Correct and traceable"" · part 3, to GATE-G5 (rows 291–343)",PLAN-11B (row 239),1.0,not an OM-20 row,,,,
310,P35.32,310_P35.32__ingest-run-report.md,ticket,skeleton,11B,P35,"P35 11B ""Correct and traceable"" · part 3, to GATE-G5 (rows 291–343)",PLAN-11B (row 239),1.0,OM-20 row: pre-authorised only if the GATE-G4 list the operator approves verbatim names this row (expiry at the next GATE); otherwise an in-ticket pause,,,,
311,P35.33,311_P35.33__run-capture-issue-export.md,ticket,skeleton,11B,P35,"P35 11B ""Correct and traceable"" · part 3, to GATE-G5 (rows 291–343)",PLAN-11B (row 239),1.0,not an OM-20 row,,,,
312,P35.34,312_P35.34__run-telemetry-and-binding-version-test.md,ticket,skeleton,11B,P35,"P35 11B ""Correct and traceable"" · part 3, to GATE-G5 (rows 291–343)",PLAN-11B (row 239),1.0,not an OM-20 row,SIG-CONF-009,,SIG-INGEST-004,"SEED-12b: SIG-INGEST-004's binding-level-version amendment was withheld (it weakens a MUST, G.7.5); the MUST stands — this row adds the versions to the logical identity or records the gap as owed (DEFERRALS row)."
313,P35.35,313_P35.35__registry-lanes-and-source-metadata-export.md,ticket,skeleton,11B,P35,"P35 11B ""Correct and traceable"" · part 3, to GATE-G5 (rows 291–343)",PLAN-11B (row 239),1.0,not an OM-20 row,,,,
314,P35.65,314_P35.65__withbase-helper-and-containment-check.md,ticket,skeleton,11B,P35,"P35 11B ""Correct and traceable"" · part 3, to GATE-G5 (rows 291–343)",PLAN-11B (row 239),0.5,not an OM-20 row,,SIG-REL-008,,
315,P35.36,315_P35.36__statements-files-and-provenance-panel.md,ticket,skeleton,11B,P35,"P35 11B ""Correct and traceable"" · part 3, to GATE-G5 (rows 291–343)",PLAN-11B (row 239),1.0,not an OM-20 row,,,,
316,P35.37,316_P35.37__figure-to-evidence-pointers.md,ticket,skeleton,11B,P35,"P35 11B ""Correct and traceable"" · part 3, to GATE-G5 (rows 291–343)",PLAN-11B (row 239),1.0,not an OM-20 row,,,,
317,P35.38b,317_P35.38b__iri-base-and-provenance-identity.md,ticket,skeleton,11B,P35,"P35 11B ""Correct and traceable"" · part 3, to GATE-G5 (rows 291–343)",PLAN-11B (row 239),1.0,not an OM-20 row,,,,
318,P35.39,318_P35.39__data-dictionary-and-metadata.md,ticket,skeleton,11B,P35,"P35 11B ""Correct and traceable"" · part 3, to GATE-G5 (rows 291–343)",PLAN-11B (row 239),1.0,not an OM-20 row,,,,
319,P35.40,319_P35.40__source-universe-lifecycle-and-counts.md,ticket,skeleton,11B,P35,"P35 11B ""Correct and traceable"" · part 3, to GATE-G5 (rows 291–343)",PLAN-11B (row 239),1.0,not an OM-20 row,,,,
320,P35.41,320_P35.41__freshness-semantics-v2.md,ticket,skeleton,11B,P35,"P35 11B ""Correct and traceable"" · part 3, to GATE-G5 (rows 291–343)",PLAN-11B (row 239),1.0,OM-20 row: pre-authorised only if the GATE-G4 list the operator approves verbatim names this row (expiry at the next GATE); otherwise an in-ticket pause,,,,
321,P35.42,321_P35.42__citation-block-and-release-id.md,ticket,skeleton,11B,P35,"P35 11B ""Correct and traceable"" · part 3, to GATE-G5 (rows 291–343)",PLAN-11B (row 239),0.5,not an OM-20 row,,,,
322,P35.43,322_P35.43__watch-producer-v1.md,ticket,skeleton,11B,P35,"P35 11B ""Correct and traceable"" · part 3, to GATE-G5 (rows 291–343)",PLAN-11B (row 239),1.0,not an OM-20 row,,,,
323,P35.44,323_P35.44__dossier-contribution-export.md,ticket,skeleton,11B,P35,"P35 11B ""Correct and traceable"" · part 3, to GATE-G5 (rows 291–343)",PLAN-11B (row 239),1.0,not an OM-20 row,,,,
324,P35.45,324_P35.45__dossiers-at-every-level-unplaced-report.md,ticket,skeleton,11B,P35,"P35 11B ""Correct and traceable"" · part 3, to GATE-G5 (rows 291–343)",PLAN-11B (row 239),1.0,not an OM-20 row,,,,
325,P35.46,325_P35.46__derivation-collapse-and-possible-duplicates.md,ticket,skeleton,11B,P35,"P35 11B ""Correct and traceable"" · part 3, to GATE-G5 (rows 291–343)",PLAN-11B (row 239),1.0,OM-20 row: pre-authorised only if the GATE-G4 list the operator approves verbatim names this row (expiry at the next GATE); otherwise an in-ticket pause,SIG-CONF-004,,SIG-EVAL-004,
326,P35.47,326_P35.47__publish-the-dedup.md,ticket,skeleton,11B,P35,"P35 11B ""Correct and traceable"" · part 3, to GATE-G5 (rows 291–343)",PLAN-11B (row 239),1.0,not an OM-20 row,SIG-CONF-005,,,
327,P35.48,327_P35.48__agent-review-lane.md,ticket,skeleton,11B,P35,"P35 11B ""Correct and traceable"" · part 3, to GATE-G5 (rows 291–343)",PLAN-11B (row 239),0.5,not an OM-20 row,SIG-CONF-002,,,
328,P35.50,328_P35.50__page-type-registry-and-route-discovery.md,ticket,skeleton,11B,P35,"P35 11B ""Correct and traceable"" · part 3, to GATE-G5 (rows 291–343)",PLAN-11B (row 239),1.0,not an OM-20 row,,,,
329,P35.51,329_P35.51__page-budgets-lhci-national-fixture.md,ticket,skeleton,11B,P35,"P35 11B ""Correct and traceable"" · part 3, to GATE-G5 (rows 291–343)",PLAN-11B (row 239),1.0,not an OM-20 row,,,,
330,P35.52,330_P35.52__tile-retention-and-verifier.md,ticket,skeleton,11B,P35,"P35 11B ""Correct and traceable"" · part 3, to GATE-G5 (rows 291–343)",PLAN-11B (row 239),1.0,not an OM-20 row,,,,
331,P35.53,331_P35.53__release-pipeline-and-staging-origins.md,ticket,skeleton,11B,P35,"P35 11B ""Correct and traceable"" · part 3, to GATE-G5 (rows 291–343)",PLAN-11B (row 239),1.0,OM-20 row: pre-authorised only if the GATE-G4 list the operator approves verbatim names this row (expiry at the next GATE); otherwise an in-ticket pause,SIG-REL-004 SIG-REL-005,,,
332,P35.54,332_P35.54__config-generations-metadata-only-promotion.md,ticket,skeleton,11B,P35,"P35 11B ""Correct and traceable"" · part 3, to GATE-G5 (rows 291–343)",PLAN-11B (row 239),1.0,not an OM-20 row,SIG-REL-006,,,
333,P35.55,333_P35.55__rollback-withdrawal-purge-runbook.md,ticket,skeleton,11B,P35,"P35 11B ""Correct and traceable"" · part 3, to GATE-G5 (rows 291–343)",PLAN-11B (row 239),1.0,not an OM-20 row,SIG-REL-013,,,
334,P35.56,334_P35.56__verification-suite-a.md,ticket,skeleton,11B,P35,"P35 11B ""Correct and traceable"" · part 3, to GATE-G5 (rows 291–343)",PLAN-11B (row 239),1.0,not an OM-20 row,,SIG-REL-007,,
335,P35.58,335_P35.58__verification-suite-b-and-auto-rollback.md,ticket,skeleton,11B,P35,"P35 11B ""Correct and traceable"" · part 3, to GATE-G5 (rows 291–343)",PLAN-11B (row 239),1.0,not an OM-20 row,SIG-REL-007,,,
336,P35.59,336_P35.59__dark-cutover-to-release-layout.md,ticket,skeleton,11B,P35,"P35 11B ""Correct and traceable"" · part 3, to GATE-G5 (rows 291–343)",PLAN-11B (row 239),0.5,OM-20 row: pre-authorised only if the GATE-G4 list the operator approves verbatim names this row (expiry at the next GATE); otherwise an in-ticket pause,,,,
337,P35.60,337_P35.60__release-classifier-standing-go-readout.md,ticket,skeleton,11B,P35,"P35 11B ""Correct and traceable"" · part 3, to GATE-G5 (rows 291–343)",PLAN-11B (row 239),1.0,not an OM-20 row,SIG-CONF-010 SIG-REL-012,,,
338,P35.61,338_P35.61__round10-live-pass-audit-apply-freeze.md,ticket,skeleton,11B,P35,"P35 11B ""Correct and traceable"" · part 3, to GATE-G5 (rows 291–343)",PLAN-11B (row 239),1.0,never pre-authorised (in-ticket go or pause; see Gate status),,,,
339,P35.62,339_P35.62__round10-production-candidate.md,ticket,skeleton,11B,P35,"P35 11B ""Correct and traceable"" · part 3, to GATE-G5 (rows 291–343)",PLAN-11B (row 239),1.0,OM-20 row: pre-authorised only if the GATE-G4 list the operator approves verbatim names this row (expiry at the next GATE); otherwise an in-ticket pause,,,,
340,PLAN-11C,340_PLAN-11C__contracts-for-11c-and-k13-families.md,plan,skeleton,11B,P35,"P35 11B ""Correct and traceable"" · part 3, to GATE-G5 (rows 291–343)",PLAN-11B (row 239),7.0,not an OM-20 row,,,,SEED-12a: append the K13 UX families (or fold them into SIG-UI) and register any new prefix in §0.3. | SEED-12a owner to re-confirm: SIG-OPS-007 → P35.2 (T3 confirmed it at skeleton level). | P36.2 now also carries the out-of-rule rights re-decision (T3 fold; see its skeleton) — size it at the Phase-4 review.
341,P35.63,341_P35.63__first-model-release-to-production.md,ticket,skeleton,11B,P35,"P35 11B ""Correct and traceable"" · part 3, to GATE-G5 (rows 291–343)",PLAN-11B (row 239),1.0,never pre-authorised (in-ticket go or pause; see Gate status),,,,
342,P35.64,342_P35.64__sub-round-11b-acceptance.md,capstone,skeleton,11B,P35,"P35 11B ""Correct and traceable"" · part 3, to GATE-G5 (rows 291–343)",PLAN-11B (row 239),0.5,not an OM-20 row,,,,
343,GATE-G5,343_GATE-G5__11b-check-in.md,gate,skeleton,11B,P35,"P35 11B ""Correct and traceable"" · part 3, to GATE-G5 (rows 291–343)",PLAN-11B (row 239),0.0,not an OM-20 row (gate marker),,,,
344,P37.1,344_P37.1__osm-camera-site-origin.md,ticket,skeleton,11C,P36,"P36 11C ""Explorable core"" · part 1, Wave C (rows 344–345)",PLAN-11C (row 340),1.0,not an OM-20 row,,,,
345,P37.2,345_P37.2__wave-c-osm-national-alpr-layer.md,ticket,skeleton,11C,P36,"P36 11C ""Explorable core"" · part 1, Wave C (rows 344–345)",PLAN-11C (row 340),1.0,never pre-authorised (in-ticket go or pause; see Gate status),,,,
346,P35.2,346_P35.2__alerting-as-code-and-escalation.md,ticket,skeleton,11C,P36,"P36 11C ""Explorable core"" · part 2, to GATE-G6 (rows 346–420)",PLAN-11C (row 340),1.0,OM-20 row: pre-authorised only if the GATE-G5 list the operator approves verbatim names this row (expiry at the next GATE); otherwise an in-ticket pause,SIG-OPS-006 SIG-OPS-007,,,
347,P35.21,347_P35.21__partner-name-audit-run.md,ticket,skeleton,11C,P36,"P36 11C ""Explorable core"" · part 2, to GATE-G6 (rows 346–420)",PLAN-11C (row 340),0.5,not an OM-20 row,,,,
348,P35.23,348_P35.23__real-data-regression-corpus.md,ticket,skeleton,11C,P36,"P36 11C ""Explorable core"" · part 2, to GATE-G6 (rows 346–420)",PLAN-11C (row 340),1.0,OM-20 row: pre-authorised only if the GATE-G5 list the operator approves verbatim names this row (expiry at the next GATE); otherwise an in-ticket pause,SIG-CONF-008,,,
349,P36.1b,349_P36.1b__crawler-conduct-text-and-robots-field.md,ticket,skeleton,11C,P36,"P36 11C ""Explorable core"" · part 2, to GATE-G6 (rows 346–420)",PLAN-11C (row 340),1.0,not an OM-20 row,,,SIG-INGEST-046c,
350,P36.2,350_P36.2__rights-flip-decline-batch-and-terms-capture.md,ticket,skeleton,11C,P36,"P36 11C ""Explorable core"" · part 2, to GATE-G6 (rows 346–420)",PLAN-11C (row 340),1.0,never pre-authorised (in-ticket go or pause; see Gate status),,,SIG-LIC-004 SIG-LIC-009,"Folded here at T3 (carry SEED-11c; Q-E2-13 option c, adopted via A-4 'Adopt disclosed posture (Recommended)', 2026-10-01T04:03:25Z; ADR-169 'Not decided here'): **re-decide the out-of-rule and counsel-flagged rights rows** — `camreg_aikner`, `camreg_calgary_ab`, `camreg_lexington_ky` (indemnify-and-defend terms) and the Maryland iMAP terms rows (`dot_511_md`, whose notes name the iMAP terms, and its open-data mirror `camreg_md_opendata`; agent identification from `sources.toml`, labelled) — under ADR-169's guardrails: capture terms verbatim, write one E4-style line per source, and put an HG-03 line to the operator for each (keep under the operator-accepted basis, or decline); the operator executes any flip (OP-26); lines ride the GATE-G6 packet at the latest (S6R-28). Until then the rows stay published under ADR-169's withdrawal-on-objection guardrail. PLAN-11C splits this row at its sizing review if it no longer fits (plan §8.5 already watches P36.2)."
351,P36.76,351_P36.76__axon-connect-connector.md,ticket,skeleton,11C,P36,"P36 11C ""Explorable core"" · part 2, to GATE-G6 (rows 346–420)",PLAN-11C (row 340),1.0,not an OM-20 row,,,SIG-PUB-002 SIG-PUB-003,
352,P36.77,352_P36.77__documentcloud-muckrock-connector.md,ticket,skeleton,11C,P36,"P36 11C ""Explorable core"" · part 2, to GATE-G6 (rows 346–420)",PLAN-11C (row 340),1.0,not an OM-20 row,,,SIG-CHART-033 SIG-CONTRIB-012 SIG-INGEST-029 SIG-INGEST-030a SIG-INGEST-036 SIG-PUB-002,"SEED-12b: outreach obligations SIG-CHART-033, SIG-INGEST-029/030a and SIG-CONTRIB-012 stay owed later-phase (ADR-171; trigger LATER-04); this connector leaves them unmet and they are listed on the GATE-ANNOUNCE unmet list."
353,P36.78,353_P36.78__sourcewell-omnia-contract-pages.md,ticket,skeleton,11C,P36,"P36 11C ""Explorable core"" · part 2, to GATE-G6 (rows 346–420)",PLAN-11C (row 340),1.0,not an OM-20 row,,,SIG-PUB-002,
354,P36.13,354_P36.13__api-rate-limits.md,ticket,skeleton,11C,P36,"P36 11C ""Explorable core"" · part 2, to GATE-G6 (rows 346–420)",PLAN-11C (row 340),1.0,OM-20 row: pre-authorised only if the GATE-G5 list the operator approves verbatim names this row (expiry at the next GATE); otherwise an in-ticket pause,,,,
355,P36.14,355_P36.14__inference-l4-marker.md,ticket,skeleton,11C,P36,"P36 11C ""Explorable core"" · part 2, to GATE-G6 (rows 346–420)",PLAN-11C (row 340),1.0,not an OM-20 row,,,SIG-RECON-052,
356,P36.16,356_P36.16__design-tokens-v2.md,ticket,skeleton,11C,P36,"P36 11C ""Explorable core"" · part 2, to GATE-G6 (rows 346–420)",PLAN-11C (row 340),1.0,not an OM-20 row,,,,
357,P36.17,357_P36.17__lexicon-and-copy-system.md,ticket,skeleton,11C,P36,"P36 11C ""Explorable core"" · part 2, to GATE-G6 (rows 346–420)",PLAN-11C (row 340),1.0,not an OM-20 row,,,SIG-UI-044,
358,P36.18,358_P36.18__layout-and-chrome.md,ticket,skeleton,11C,P36,"P36 11C ""Explorable core"" · part 2, to GATE-G6 (rows 346–420)",PLAN-11C (row 340),1.0,not an OM-20 row,,,,
359,P36.19,359_P36.19__csp-hsts-permissions-policy.md,ticket,skeleton,11C,P36,"P36 11C ""Explorable core"" · part 2, to GATE-G6 (rows 346–420)",PLAN-11C (row 340),1.0,not an OM-20 row,,,,
360,P36.20,360_P36.20__enhancement-kit-behaviour.md,ticket,skeleton,11C,P36,"P36 11C ""Explorable core"" · part 2, to GATE-G6 (rows 346–420)",PLAN-11C (row 340),1.0,not an OM-20 row,,,,
361,P36.21,361_P36.21__workspace-state-cite-this-view-facets.md,ticket,skeleton,11C,P36,"P36 11C ""Explorable core"" · part 2, to GATE-G6 (rows 346–420)",PLAN-11C (row 340),1.0,not an OM-20 row,,,,
362,P36.22,362_P36.22__component-kit-a.md,ticket,skeleton,11C,P36,"P36 11C ""Explorable core"" · part 2, to GATE-G6 (rows 346–420)",PLAN-11C (row 340),1.0,not an OM-20 row,,,,
363,P36.23,363_P36.23__component-kit-b.md,ticket,skeleton,11C,P36,"P36 11C ""Explorable core"" · part 2, to GATE-G6 (rows 346–420)",PLAN-11C (row 340),1.0,not an OM-20 row,,,,
364,P36.24,364_P36.24__copy-lints-in-ci.md,ticket,skeleton,11C,P36,"P36 11C ""Explorable core"" · part 2, to GATE-G6 (rows 346–420)",PLAN-11C (row 340),0.5,not an OM-20 row,,,,
365,P36.25,365_P36.25__brand.md,ticket,skeleton,11C,P36,"P36 11C ""Explorable core"" · part 2, to GATE-G6 (rows 346–420)",PLAN-11C (row 340),0.5,not an OM-20 row,,,,
366,P36.26,366_P36.26__print-v2.md,ticket,skeleton,11C,P36,"P36 11C ""Explorable core"" · part 2, to GATE-G6 (rows 346–420)",PLAN-11C (row 340),0.5,not an OM-20 row,,,,
367,P36.27,367_P36.27__static-figure-kit-geography.md,ticket,skeleton,11C,P36,"P36 11C ""Explorable core"" · part 2, to GATE-G6 (rows 346–420)",PLAN-11C (row 340),1.0,not an OM-20 row,,,,
368,P36.28,368_P36.28__static-figure-kit-graphs-charts-legends.md,ticket,skeleton,11C,P36,"P36 11C ""Explorable core"" · part 2, to GATE-G6 (rows 346–420)",PLAN-11C (row 340),1.0,not an OM-20 row,,,,
369,P36.29,369_P36.29__entity-url-keys-and-slug-history.md,ticket,skeleton,11C,P36,"P36 11C ""Explorable core"" · part 2, to GATE-G6 (rows 346–420)",PLAN-11C (row 340),0.5,not an OM-20 row,,,,
370,P36.30,370_P36.30__procurement-relevance-rule.md,ticket,skeleton,11C,P36,"P36 11C ""Explorable core"" · part 2, to GATE-G6 (rows 346–420)",PLAN-11C (row 340),0.5,not an OM-20 row,,,,
371,P36.79,371_P36.79__held-out-search-relevance-set.md,ticket,skeleton,11C,P36,"P36 11C ""Explorable core"" · part 2, to GATE-G6 (rows 346–420)",PLAN-11C (row 340),0.5,OM-20 row: pre-authorised only if the GATE-G5 list the operator approves verbatim names this row (expiry at the next GATE); otherwise an in-ticket pause,,,,
372,P36.31,372_P36.31__search-index-v2-builder.md,ticket,skeleton,11C,P36,"P36 11C ""Explorable core"" · part 2, to GATE-G6 (rows 346–420)",PLAN-11C (row 340),1.0,not an OM-20 row,,,,
373,P36.32,373_P36.32__query-engine-v2-and-benchmark.md,ticket,skeleton,11C,P36,"P36 11C ""Explorable core"" · part 2, to GATE-G6 (rows 346–420)",PLAN-11C (row 340),1.0,not an OM-20 row,,,,
374,P36.33,374_P36.33__basemap-pipeline-and-host.md,ticket,skeleton,11C,P36,"P36 11C ""Explorable core"" · part 2, to GATE-G6 (rows 346–420)",PLAN-11C (row 340),1.0,OM-20 row: pre-authorised only if the GATE-G5 list the operator approves verbatim names this row (expiry at the next GATE); otherwise an in-ticket pause,,,,
375,P36.34,375_P36.34__grouped-dossier-index-and-navigation.md,ticket,skeleton,11C,P36,"P36 11C ""Explorable core"" · part 2, to GATE-G6 (rows 346–420)",PLAN-11C (row 340),1.0,not an OM-20 row,,,,
376,P36.35,376_P36.35__migration-and-redirect-generator.md,ticket,skeleton,11C,P36,"P36 11C ""Explorable core"" · part 2, to GATE-G6 (rows 346–420)",PLAN-11C (row 340),0.5,not an OM-20 row,,,,
377,P36.36,377_P36.36__no-js-map-baseline-and-site-lists.md,ticket,skeleton,11C,P36,"P36 11C ""Explorable core"" · part 2, to GATE-G6 (rows 346–420)",PLAN-11C (row 340),1.0,not an OM-20 row,,,,
378,P36.37,378_P36.37__map-app-shell.md,ticket,skeleton,11C,P36,"P36 11C ""Explorable core"" · part 2, to GATE-G6 (rows 346–420)",PLAN-11C (row 340),1.0,not an OM-20 row,,,,
379,P36.38,379_P36.38__search-api-serving-v2.md,ticket,skeleton,11C,P36,"P36 11C ""Explorable core"" · part 2, to GATE-G6 (rows 346–420)",PLAN-11C (row 340),1.0,never pre-authorised (in-ticket go or pause; see Gate status),,,,
380,P36.39,380_P36.39__no-js-search-results-page.md,ticket,skeleton,11C,P36,"P36 11C ""Explorable core"" · part 2, to GATE-G6 (rows 346–420)",PLAN-11C (row 340),1.0,not an OM-20 row,,,,
381,P36.40,381_P36.40__typeahead-header-element-search-rewrite.md,ticket,skeleton,11C,P36,"P36 11C ""Explorable core"" · part 2, to GATE-G6 (rows 346–420)",PLAN-11C (row 340),1.0,not an OM-20 row,,,,
382,P36.41,382_P36.41__entity-data-contract-a.md,ticket,skeleton,11C,P36,"P36 11C ""Explorable core"" · part 2, to GATE-G6 (rows 346–420)",PLAN-11C (row 340),1.0,not an OM-20 row,,,,
383,P36.42a,383_P36.42a__entity-pages-a-template-and-organizations-hub.md,ticket,skeleton,11C,P36,"P36 11C ""Explorable core"" · part 2, to GATE-G6 (rows 346–420)",PLAN-11C (row 340),1.0,not an OM-20 row,,,,
384,P36.42b,384_P36.42b__entity-pages-a-ego-timeline-map-print.md,ticket,skeleton,11C,P36,"P36 11C ""Explorable core"" · part 2, to GATE-G6 (rows 346–420)",PLAN-11C (row 340),1.0,not an OM-20 row,,,,
385,P36.75,385_P36.75__flock-share-lists-configured-access.md,ticket,skeleton,11C,P36,"P36 11C ""Explorable core"" · part 2, to GATE-G6 (rows 346–420)",PLAN-11C (row 340),1.0,OM-20 row: pre-authorised only if the GATE-G5 list the operator approves verbatim names this row (expiry at the next GATE); otherwise an in-ticket pause,,,SIG-INGEST-035 SIG-LIC-004a SIG-LIC-009a,
386,P36.43,386_P36.43__status-lane.md,ticket,skeleton,11C,P36,"P36 11C ""Explorable core"" · part 2, to GATE-G6 (rows 346–420)",PLAN-11C (row 340),1.0,OM-20 row: pre-authorised only if the GATE-G5 list the operator approves verbatim names this row (expiry at the next GATE); otherwise an in-ticket pause,,,,
387,P36.44,387_P36.44__release-cadence-automation.md,ticket,skeleton,11C,P36,"P36 11C ""Explorable core"" · part 2, to GATE-G6 (rows 346–420)",PLAN-11C (row 340),1.0,OM-20 row: pre-authorised only if the GATE-G5 list the operator approves verbatim names this row (expiry at the next GATE); otherwise an in-ticket pause,SIG-OPS-008 SIG-REL-011,,,
388,P36.45,388_P36.45__registry-publish-matrix.md,ticket,skeleton,11C,P36,"P36 11C ""Explorable core"" · part 2, to GATE-G6 (rows 346–420)",PLAN-11C (row 340),0.5,not an OM-20 row,,,,
389,P36.46,389_P36.46__execution-keyed-ingestion-history.md,ticket,skeleton,11C,P36,"P36 11C ""Explorable core"" · part 2, to GATE-G6 (rows 346–420)",PLAN-11C (row 340),1.0,OM-20 row: pre-authorised only if the GATE-G5 list the operator approves verbatim names this row (expiry at the next GATE); otherwise an in-ticket pause,,,,
390,P36.47,390_P36.47__source-page-a.md,ticket,skeleton,11C,P36,"P36 11C ""Explorable core"" · part 2, to GATE-G6 (rows 346–420)",PLAN-11C (row 340),1.0,not an OM-20 row,,,,
391,P36.48,391_P36.48__sources-table.md,ticket,skeleton,11C,P36,"P36 11C ""Explorable core"" · part 2, to GATE-G6 (rows 346–420)",PLAN-11C (row 340),1.0,not an OM-20 row,,,,
392,P36.49,392_P36.49__known-issues-and-issues-log.md,ticket,skeleton,11C,P36,"P36 11C ""Explorable core"" · part 2, to GATE-G6 (rows 346–420)",PLAN-11C (row 340),0.5,not an OM-20 row,,,,
393,P36.50,393_P36.50__downloads-center.md,ticket,skeleton,11C,P36,"P36 11C ""Explorable core"" · part 2, to GATE-G6 (rows 346–420)",PLAN-11C (row 340),1.0,not an OM-20 row,SIG-REL-015,,,
394,P36.51,394_P36.51__evidence-anchors-and-view-original.md,ticket,skeleton,11C,P36,"P36 11C ""Explorable core"" · part 2, to GATE-G6 (rows 346–420)",PLAN-11C (row 340),1.0,not an OM-20 row,,,,
395,P36.52,395_P36.52__dossier-sources-explorer.md,ticket,skeleton,11C,P36,"P36 11C ""Explorable core"" · part 2, to GATE-G6 (rows 346–420)",PLAN-11C (row 340),1.0,not an OM-20 row,,,,
396,P36.53,396_P36.53__per-dossier-downloads.md,ticket,skeleton,11C,P36,"P36 11C ""Explorable core"" · part 2, to GATE-G6 (rows 346–420)",PLAN-11C (row 340),1.0,not an OM-20 row,,,,
397,P36.54,397_P36.54__dossier-map-and-locator-figures.md,ticket,skeleton,11C,P36,"P36 11C ""Explorable core"" · part 2, to GATE-G6 (rows 346–420)",PLAN-11C (row 340),1.0,not an OM-20 row,,,,
398,P36.55,398_P36.55__dossier-template-v2.md,ticket,skeleton,11C,P36,"P36 11C ""Explorable core"" · part 2, to GATE-G6 (rows 346–420)",PLAN-11C (row 340),1.0,not an OM-20 row,,,SIG-UI-010,
399,P36.56,399_P36.56__scoped-search-forms.md,ticket,skeleton,11C,P36,"P36 11C ""Explorable core"" · part 2, to GATE-G6 (rows 346–420)",PLAN-11C (row 340),0.5,not an OM-20 row,,,,
400,P36.57,400_P36.57__explore-bar-and-scoped-search.md,ticket,skeleton,11C,P36,"P36 11C ""Explorable core"" · part 2, to GATE-G6 (rows 346–420)",PLAN-11C (row 340),0.5,not an OM-20 row,,,,
401,P36.58,401_P36.58__task-export-v2.md,ticket,skeleton,11C,P36,"P36 11C ""Explorable core"" · part 2, to GATE-G6 (rows 346–420)",PLAN-11C (row 340),1.0,not an OM-20 row,,,,
402,P36.59,402_P36.59__watch-pages-and-item-pages.md,ticket,skeleton,11C,P36,"P36 11C ""Explorable core"" · part 2, to GATE-G6 (rows 346–420)",PLAN-11C (row 340),1.0,not an OM-20 row,,,,
403,P36.60,403_P36.60__evidence-hub-and-artifact-pages.md,ticket,skeleton,11C,P36,"P36 11C ""Explorable core"" · part 2, to GATE-G6 (rows 346–420)",PLAN-11C (row 340),1.0,not an OM-20 row,,,,
404,P36.61,404_P36.61__queue-hub-facets-cards.md,ticket,skeleton,11C,P36,"P36 11C ""Explorable core"" · part 2, to GATE-G6 (rows 346–420)",PLAN-11C (row 340),1.0,not an OM-20 row,,,,
405,P36.62,405_P36.62__task-and-campaign-pages.md,ticket,skeleton,11C,P36,"P36 11C ""Explorable core"" · part 2, to GATE-G6 (rows 346–420)",PLAN-11C (row 340),1.0,not an OM-20 row,,,,
406,P36.63,406_P36.63__records-request-drafts.md,ticket,skeleton,11C,P36,"P36 11C ""Explorable core"" · part 2, to GATE-G6 (rows 346–420)",PLAN-11C (row 340),0.5,not an OM-20 row,,,,
407,P36.64,407_P36.64__home-about-how-it-works-methodology.md,ticket,skeleton,11C,P36,"P36 11C ""Explorable core"" · part 2, to GATE-G6 (rows 346–420)",PLAN-11C (row 340),1.0,not an OM-20 row,,,,C-5 (2026-10-01T04:56:11Z) 'Omit until I write it': no 'who runs SIG' section or placeholder ships until the operator writes it; the WV-01 legal-home disclosure stays where copy batch #1 placed it (ADR-165).
408,P36.65,408_P36.65__onboarding-content.md,ticket,skeleton,11C,P36,"P36 11C ""Explorable core"" · part 2, to GATE-G6 (rows 346–420)",PLAN-11C (row 340),0.5,not an OM-20 row,,,,
409,P36.66a,409_P36.66a__withbase-sweep.md,ticket,skeleton,11C,P36,"P36 11C ""Explorable core"" · part 2, to GATE-G6 (rows 346–420)",PLAN-11C (row 340),1.0,not an OM-20 row,,,,
410,P36.66b,410_P36.66b__site-snapshots-and-edge-selectors.md,ticket,skeleton,11C,P36,"P36 11C ""Explorable core"" · part 2, to GATE-G6 (rows 346–420)",PLAN-11C (row 340),1.0,not an OM-20 row,SIG-REL-008,,,
411,P36.67,411_P36.67__changelog-record-id-diffs-changes-api.md,ticket,skeleton,11C,P36,"P36 11C ""Explorable core"" · part 2, to GATE-G6 (rows 346–420)",PLAN-11C (row 340),1.0,not an OM-20 row,,,,
412,P36.68,412_P36.68__per-source-extracts-and-version-index.md,ticket,skeleton,11C,P36,"P36 11C ""Explorable core"" · part 2, to GATE-G6 (rows 346–420)",PLAN-11C (row 340),1.0,OM-20 row: pre-authorised only if the GATE-G5 list the operator approves verbatim names this row (expiry at the next GATE); otherwise an in-ticket pause,,,,
413,P36.69,413_P36.69__source-page-b.md,ticket,skeleton,11C,P36,"P36 11C ""Explorable core"" · part 2, to GATE-G6 (rows 346–420)",PLAN-11C (row 340),1.0,not an OM-20 row,,,,
414,P36.71,414_P36.71__search-acceptance-and-activation.md,ticket,skeleton,11C,P36,"P36 11C ""Explorable core"" · part 2, to GATE-G6 (rows 346–420)",PLAN-11C (row 340),0.5,not an OM-20 row,,,,
415,P36.72a,415_P36.72a__core-surfaces-crawl-parity-number-truth.md,ticket,skeleton,11C,P36,"P36 11C ""Explorable core"" · part 2, to GATE-G6 (rows 346–420)",PLAN-11C (row 340),1.0,not an OM-20 row,,,,
416,P36.72b,416_P36.72b__core-surfaces-walkthroughs-and-promotion.md,ticket,skeleton,11C,P36,"P36 11C ""Explorable core"" · part 2, to GATE-G6 (rows 346–420)",PLAN-11C (row 340),1.0,never pre-authorised (in-ticket go or pause; see Gate status),,,,
417,P36.70,417_P36.70__second-release-acceptance.md,ticket,skeleton,11C,P36,"P36 11C ""Explorable core"" · part 2, to GATE-G6 (rows 346–420)",PLAN-11C (row 340),0.5,never pre-authorised (in-ticket go or pause; see Gate status),,,,
418,PLAN-11D,418_PLAN-11D__contracts-for-11d-and-tail.md,plan,skeleton,11C,P36,"P36 11C ""Explorable core"" · part 2, to GATE-G6 (rows 346–420)",PLAN-11C (row 340),6.0,not an OM-20 row,,,,
419,P36.73,419_P36.73__sub-round-11c-acceptance.md,capstone,skeleton,11C,P36,"P36 11C ""Explorable core"" · part 2, to GATE-G6 (rows 346–420)",PLAN-11C (row 340),0.5,not an OM-20 row,,,,
420,GATE-G6,420_GATE-G6__11c-check-in.md,gate,skeleton,11C,P36,"P36 11C ""Explorable core"" · part 2, to GATE-G6 (rows 346–420)",PLAN-11C (row 340),0.0,not an OM-20 row (gate marker),,,,
421,P37.3,421_P37.3__evidence-store-hardening.md,ticket,skeleton,11D,P37,"P37 11D ""Explored and proven"" · part 1, to the Wave D activation (rows 421–481)",PLAN-11D (row 418),1.0,OM-20 row: pre-authorised only if the GATE-G6 list the operator approves verbatim names this row (expiry at the next GATE); otherwise an in-ticket pause,SIG-STORE-048,,,
422,P37.4a,422_P37.4a__security-baseline-scan-sbom-signing.md,ticket,skeleton,11D,P37,"P37 11D ""Explored and proven"" · part 1, to the Wave D activation (rows 421–481)",PLAN-11D (row 418),1.0,OM-20 row: pre-authorised only if the GATE-G6 list the operator approves verbatim names this row (expiry at the next GATE); otherwise an in-ticket pause,,,,
423,P37.4b,423_P37.4b__security-baseline-restricted-access-audit-logs.md,ticket,skeleton,11D,P37,"P37 11D ""Explored and proven"" · part 1, to the Wave D activation (rows 421–481)",PLAN-11D (row 418),1.0,OM-20 row: pre-authorised only if the GATE-G6 list the operator approves verbatim names this row (expiry at the next GATE); otherwise an in-ticket pause,,,,
424,P37.5a,424_P37.5a__ingestion-hardening-unwired-function-scan.md,ticket,skeleton,11D,P37,"P37 11D ""Explored and proven"" · part 1, to the Wave D activation (rows 421–481)",PLAN-11D (row 418),1.0,not an OM-20 row,,,,
425,P37.5b,425_P37.5b__manual-acquisition-and-disappearance-events.md,ticket,skeleton,11D,P37,"P37 11D ""Explored and proven"" · part 1, to the Wave D activation (rows 421–481)",PLAN-11D (row 418),1.0,not an OM-20 row,,,,
426,P37.6,426_P37.6__registry-rights-record-hygiene.md,ticket,skeleton,11D,P37,"P37 11D ""Explored and proven"" · part 1, to the Wave D activation (rows 421–481)",PLAN-11D (row 418),1.0,not an OM-20 row,,,,
427,P37.7,427_P37.7__public-editorial-decision-log.md,ticket,skeleton,11D,P37,"P37 11D ""Explored and proven"" · part 1, to the Wave D activation (rows 421–481)",PLAN-11D (row 418),0.5,not an OM-20 row,,,,
428,P37.8,428_P37.8__legal-demand-posture-and-counts.md,ticket,skeleton,11D,P37,"P37 11D ""Explored and proven"" · part 1, to the Wave D activation (rows 421–481)",PLAN-11D (row 418),0.5,not an OM-20 row,,,SIG-SEC-003,
429,P37.71,429_P37.71__single-operator-deletion-and-purge-function.md,ticket,skeleton,11D,P37,"P37 11D ""Explored and proven"" · part 1, to the Wave D activation (rows 421–481)",PLAN-11D (row 418),1.0,not an OM-20 row,,,SIG-GOV-007 SIG-GOV-008 SIG-PUB-002 SIG-STORE-011,
430,P37.9,430_P37.9__lifecycle-into-dossier-timeline.md,ticket,skeleton,11D,P37,"P37 11D ""Explored and proven"" · part 1, to the Wave D activation (rows 421–481)",PLAN-11D (row 418),1.0,not an OM-20 row,,,SIG-ONTO-064 SIG-ONTO-065 SIG-RECON-039 SIG-RECON-040,
431,P37.10,431_P37.10__asset-promotion-gate.md,ticket,skeleton,11D,P37,"P37 11D ""Explored and proven"" · part 1, to the Wave D activation (rows 421–481)",PLAN-11D (row 418),0.5,not an OM-20 row,,,SIG-PUB-012,
432,P37.11,432_P37.11__sam-gov-sweep-resume.md,ticket,skeleton,11D,P37,"P37 11D ""Explored and proven"" · part 1, to the Wave D activation (rows 421–481)",PLAN-11D (row 418),0.5,OM-20 row: pre-authorised only if the GATE-G6 list the operator approves verbatim names this row (expiry at the next GATE); otherwise an in-ticket pause,,,,
433,P37.12,433_P37.12__keyed-us-511-wiring.md,ticket,skeleton,11D,P37,"P37 11D ""Explored and proven"" · part 1, to the Wave D activation (rows 421–481)",PLAN-11D (row 418),1.0,OM-20 row: pre-authorised only if the GATE-G6 list the operator approves verbatim names this row (expiry at the next GATE); otherwise an in-ticket pause,,,,
434,P37.70,434_P37.70__keyed-au-traffic-camera-apis.md,ticket,skeleton,11D,P37,"P37 11D ""Explored and proven"" · part 1, to the Wave D activation (rows 421–481)",PLAN-11D (row 418),1.0,OM-20 row: pre-authorised only if the GATE-G6 list the operator approves verbatim names this row (expiry at the next GATE); otherwise an in-ticket pause,,,,
435,P37.13,435_P37.13__registry-completeness-and-discovery-sweep.md,ticket,skeleton,11D,P37,"P37 11D ""Explored and proven"" · part 1, to the Wave D activation (rows 421–481)",PLAN-11D (row 418),1.0,not an OM-20 row,,,,
436,P37.14,436_P37.14__statute-seeded-records-leads.md,ticket,skeleton,11D,P37,"P37 11D ""Explored and proven"" · part 1, to the Wave D activation (rows 421–481)",PLAN-11D (row 418),1.0,not an OM-20 row,,,SIG-INGEST-025a SIG-INGEST-025b SIG-INGEST-025c,
437,P37.15,437_P37.15__scheduled-parser-canary.md,ticket,skeleton,11D,P37,"P37 11D ""Explored and proven"" · part 1, to the Wave D activation (rows 421–481)",PLAN-11D (row 418),0.5,OM-20 row: pre-authorised only if the GATE-G6 list the operator approves verbatim names this row (expiry at the next GATE); otherwise an in-ticket pause,,,,
438,P37.16a,438_P37.16a__dossier-live-captures-first-two-families.md,ticket,skeleton,11D,P37,"P37 11D ""Explored and proven"" · part 1, to the Wave D activation (rows 421–481)",PLAN-11D (row 418),1.0,never pre-authorised (in-ticket go or pause; see Gate status),,,,
439,P37.16b,439_P37.16b__dossier-live-captures-last-two-families.md,ticket,skeleton,11D,P37,"P37 11D ""Explored and proven"" · part 1, to the Wave D activation (rows 421–481)",PLAN-11D (row 418),1.0,never pre-authorised (in-ticket go or pause; see Gate status),,,,
440,P37.17,440_P37.17__tile-properties-v2-and-map-dictionary.md,ticket,skeleton,11D,P37,"P37 11D ""Explored and proven"" · part 1, to the Wave D activation (rows 421–481)",PLAN-11D (row 418),1.0,not an OM-20 row,,,,
441,P37.18,441_P37.18__map-filters-in-view-list-keyboard.md,ticket,skeleton,11D,P37,"P37 11D ""Explored and proven"" · part 1, to the Wave D activation (rows 421–481)",PLAN-11D (row 418),1.0,not an OM-20 row,,,,
442,P37.72,442_P37.72__my-location-map-pan-control.md,ticket,skeleton,11D,P37,"P37 11D ""Explored and proven"" · part 1, to the Wave D activation (rows 421–481)",PLAN-11D (row 418),0.5,never pre-authorised (in-ticket go or pause; see Gate status),,,SIG-GOV-017,
443,P37.19,443_P37.19__map-place-search.md,ticket,skeleton,11D,P37,"P37 11D ""Explored and proven"" · part 1, to the Wave D activation (rows 421–481)",PLAN-11D (row 418),0.5,not an OM-20 row,,,SIG-GOV-017,
444,P37.20,444_P37.20__release-pinned-bbox-api.md,ticket,skeleton,11D,P37,"P37 11D ""Explored and proven"" · part 1, to the Wave D activation (rows 421–481)",PLAN-11D (row 418),0.5,never pre-authorised (in-ticket go or pause; see Gate status),,,,
445,P37.21,445_P37.21__access-closures-and-degree-only-facts.md,ticket,skeleton,11D,P37,"P37 11D ""Explored and proven"" · part 1, to the Wave D activation (rows 421–481)",PLAN-11D (row 418),1.0,not an OM-20 row,,,,
446,P37.22,446_P37.22__entity-data-contract-b.md,ticket,skeleton,11D,P37,"P37 11D ""Explored and proven"" · part 1, to the Wave D activation (rows 421–481)",PLAN-11D (row 418),1.0,not an OM-20 row,,,,
447,P37.23,447_P37.23__entity-pages-b.md,ticket,skeleton,11D,P37,"P37 11D ""Explored and proven"" · part 1, to the Wave D activation (rows 421–481)",PLAN-11D (row 418),1.0,not an OM-20 row,,,,
448,P37.24,448_P37.24__overview-builder-a.md,ticket,skeleton,11D,P37,"P37 11D ""Explored and proven"" · part 1, to the Wave D activation (rows 421–481)",PLAN-11D (row 418),1.0,not an OM-20 row,,,,
449,P37.25,449_P37.25__overview-builder-b.md,ticket,skeleton,11D,P37,"P37 11D ""Explored and proven"" · part 1, to the Wave D activation (rows 421–481)",PLAN-11D (row 418),1.0,not an OM-20 row,,,SIG-LIC-009a SIG-LIC-010,
450,P37.26,450_P37.26__graph-explorer-a.md,ticket,skeleton,11D,P37,"P37 11D ""Explored and proven"" · part 1, to the Wave D activation (rows 421–481)",PLAN-11D (row 418),1.0,not an OM-20 row,,,,
451,P37.27,451_P37.27__graph-explorer-b.md,ticket,skeleton,11D,P37,"P37 11D ""Explored and proven"" · part 1, to the Wave D activation (rows 421–481)",PLAN-11D (row 418),1.0,not an OM-20 row,,,,
452,P37.28,452_P37.28__dossier-network-figures.md,ticket,skeleton,11D,P37,"P37 11D ""Explored and proven"" · part 1, to the Wave D activation (rows 421–481)",PLAN-11D (row 418),0.5,not an OM-20 row,,,,
453,P37.29,453_P37.29__in-place-map-on-dossiers.md,ticket,skeleton,11D,P37,"P37 11D ""Explored and proven"" · part 1, to the Wave D activation (rows 421–481)",PLAN-11D (row 418),1.0,not an OM-20 row,,,,
454,P37.30,454_P37.30__evidence-recommender-repair.md,ticket,skeleton,11D,P37,"P37 11D ""Explored and proven"" · part 1, to the Wave D activation (rows 421–481)",PLAN-11D (row 418),0.5,not an OM-20 row,,,,
455,P37.31,455_P37.31__dated-decision-predicates.md,ticket,skeleton,11D,P37,"P37 11D ""Explored and proven"" · part 1, to the Wave D activation (rows 421–481)",PLAN-11D (row 418),1.0,OM-20 row: pre-authorised only if the GATE-G6 list the operator approves verbatim names this row (expiry at the next GATE); otherwise an in-ticket pause,,,,
456,P37.32,456_P37.32__contract-expiring-detector.md,ticket,skeleton,11D,P37,"P37 11D ""Explored and proven"" · part 1, to the Wave D activation (rows 421–481)",PLAN-11D (row 418),0.5,OM-20 row: pre-authorised only if the GATE-G6 list the operator approves verbatim names this row (expiry at the next GATE); otherwise an in-ticket pause,,,,
457,P37.33,457_P37.33__watch-lane-and-cadence.md,ticket,skeleton,11D,P37,"P37 11D ""Explored and proven"" · part 1, to the Wave D activation (rows 421–481)",PLAN-11D (row 418),1.0,OM-20 row: pre-authorised only if the GATE-G6 list the operator approves verbatim names this row (expiry at the next GATE); otherwise an in-ticket pause,,,,
458,P37.34,458_P37.34__watch-feeds-v2.md,ticket,skeleton,11D,P37,"P37 11D ""Explored and proven"" · part 1, to the Wave D activation (rows 421–481)",PLAN-11D (row 418),1.0,not an OM-20 row,,,,
459,P37.35,459_P37.35__detector-routing-and-mapping-campaigns.md,ticket,skeleton,11D,P37,"P37 11D ""Explored and proven"" · part 1, to the Wave D activation (rows 421–481)",PLAN-11D (row 418),1.0,OM-20 row: pre-authorised only if the GATE-G6 list the operator approves verbatim names this row (expiry at the next GATE); otherwise an in-ticket pause,,,,
460,P37.36,460_P37.36__raw-archive.md,ticket,skeleton,11D,P37,"P37 11D ""Explored and proven"" · part 1, to the Wave D activation (rows 421–481)",PLAN-11D (row 418),1.0,never pre-authorised (in-ticket go or pause; see Gate status),,,,
461,P37.37,461_P37.37__claim-viewer-v2-and-capture-diff.md,ticket,skeleton,11D,P37,"P37 11D ""Explored and proven"" · part 1, to the Wave D activation (rows 421–481)",PLAN-11D (row 418),1.0,not an OM-20 row,,,SIG-UI-028 SIG-UI-029,
462,P37.38,462_P37.38__disagreements-browser.md,ticket,skeleton,11D,P37,"P37 11D ""Explored and proven"" · part 1, to the Wave D activation (rows 421–481)",PLAN-11D (row 418),1.0,not an OM-20 row,,,,
463,P37.39,463_P37.39__quality-basis-on-ux-surfaces.md,ticket,skeleton,11D,P37,"P37 11D ""Explored and proven"" · part 1, to the Wave D activation (rows 421–481)",PLAN-11D (row 418),1.0,not an OM-20 row,,SIG-CONF-011,,
464,P37.40,464_P37.40__changes-page-and-feeds.md,ticket,skeleton,11D,P37,"P37 11D ""Explored and proven"" · part 1, to the Wave D activation (rows 421–481)",PLAN-11D (row 418),0.5,not an OM-20 row,,,,
465,P37.41,465_P37.41__source-changelog.md,ticket,skeleton,11D,P37,"P37 11D ""Explored and proven"" · part 1, to the Wave D activation (rows 421–481)",PLAN-11D (row 418),0.5,not an OM-20 row,,,,
466,P37.42,466_P37.42__api-parity.md,ticket,skeleton,11D,P37,"P37 11D ""Explored and proven"" · part 1, to the Wave D activation (rows 421–481)",PLAN-11D (row 418),0.5,never pre-authorised (in-ticket go or pause; see Gate status),,,,
467,P37.43,467_P37.43__search-result-export.md,ticket,skeleton,11D,P37,"P37 11D ""Explored and proven"" · part 1, to the Wave D activation (rows 421–481)",PLAN-11D (row 418),0.5,not an OM-20 row,,,,
468,P37.44,468_P37.44__mechanical-evaluation-report.md,ticket,skeleton,11D,P37,"P37 11D ""Explored and proven"" · part 1, to the Wave D activation (rows 421–481)",PLAN-11D (row 418),1.0,not an OM-20 row,SIG-CONF-012,,SIG-EVAL-003 SIG-EVAL-006,
469,P37.45,469_P37.45__public-quality-page-and-basis-fields.md,ticket,skeleton,11D,P37,"P37 11D ""Explored and proven"" · part 1, to the Wave D activation (rows 421–481)",PLAN-11D (row 418),1.0,not an OM-20 row,SIG-CONF-011,SIG-CONF-001 SIG-CONF-010,,
470,P37.46a,470_P37.46a__organisation-crosswalk-intake.md,ticket,skeleton,11D,P37,"P37 11D ""Explored and proven"" · part 1, to the Wave D activation (rows 421–481)",PLAN-11D (row 418),1.0,OM-20 row: pre-authorised only if the GATE-G6 list the operator approves verbatim names this row (expiry at the next GATE); otherwise an in-ticket pause,,SIG-CONF-004,,
471,P37.46b,471_P37.46b__organisation-cascade-materializer.md,ticket,skeleton,11D,P37,"P37 11D ""Explored and proven"" · part 1, to the Wave D activation (rows 421–481)",PLAN-11D (row 418),1.0,OM-20 row: pre-authorised only if the GATE-G6 list the operator approves verbatim names this row (expiry at the next GATE); otherwise an in-ticket pause,,SIG-CONF-004,,
472,P37.47,472_P37.47__tier-2-reuse-wave.md,ticket,skeleton,11D,P37,"P37 11D ""Explored and proven"" · part 1, to the Wave D activation (rows 421–481)",PLAN-11D (row 418),1.0,not an OM-20 row,,,,
473,P37.48,473_P37.48__aggregate-lanes.md,ticket,skeleton,11D,P37,"P37 11D ""Explored and proven"" · part 1, to the Wave D activation (rows 421–481)",PLAN-11D (row 418),1.0,not an OM-20 row,,,,
474,P37.49,474_P37.49__federal-datasets-family.md,ticket,skeleton,11D,P37,"P37 11D ""Explored and proven"" · part 1, to the Wave D activation (rows 421–481)",PLAN-11D (row 418),1.0,not an OM-20 row,,,,
475,P37.50,475_P37.50__agenda-platforms-v2.md,ticket,skeleton,11D,P37,"P37 11D ""Explored and proven"" · part 1, to the Wave D activation (rows 421–481)",PLAN-11D (row 418),1.0,not an OM-20 row,,,,
476,P37.51,476_P37.51__puerto-rico-sutra-ocpr.md,ticket,skeleton,11D,P37,"P37 11D ""Explored and proven"" · part 1, to the Wave D activation (rows 421–481)",PLAN-11D (row 418),0.5,not an OM-20 row,,,,
477,P37.52,477_P37.52__document-list-pages.md,ticket,skeleton,11D,P37,"P37 11D ""Explored and proven"" · part 1, to the Wave D activation (rows 421–481)",PLAN-11D (row 418),1.0,not an OM-20 row,,,,
478,P37.53,478_P37.53__programme-level-lane.md,ticket,skeleton,11D,P37,"P37 11D ""Explored and proven"" · part 1, to the Wave D activation (rows 421–481)",PLAN-11D (row 418),1.0,not an OM-20 row,,,,
479,P37.69a,479_P37.69a__international-open-data-portals.md,ticket,skeleton,11D,P37,"P37 11D ""Explored and proven"" · part 1, to the Wave D activation (rows 421–481)",PLAN-11D (row 418),1.0,not an OM-20 row,,,SIG-LIC-009 SIG-PUB-017,
480,P37.69b,480_P37.69b__ogc-wfs-family.md,ticket,skeleton,11D,P37,"P37 11D ""Explored and proven"" · part 1, to the Wave D activation (rows 421–481)",PLAN-11D (row 418),1.0,not an OM-20 row,,,,
481,P37.54,481_P37.54__wave-d-activation.md,ticket,skeleton,11D,P37,"P37 11D ""Explored and proven"" · part 1, to the Wave D activation (rows 421–481)",PLAN-11D (row 418),1.0,not an OM-20 row,,,,
482,P37.55,482_P37.55__archival-deposits.md,ticket,skeleton,11D,P37,"P37 11D ""Explored and proven"" · part 2, to the CAP-01 journeys (rows 482–500)",PLAN-11D (row 418),1.0,never pre-authorised (in-ticket go or pause; see Gate status),,,,
483,P37.56,483_P37.56__wacz-capture-html-sources.md,ticket,skeleton,11D,P37,"P37 11D ""Explored and proven"" · part 2, to the CAP-01 journeys (rows 482–500)",PLAN-11D (row 418),0.5,OM-20 row: pre-authorised only if the GATE-G6 list the operator approves verbatim names this row (expiry at the next GATE); otherwise an in-ticket pause,,,,
484,P37.57a,484_P37.57a__projection-rebuild-ci-layer-direction-test.md,ticket,skeleton,11D,P37,"P37 11D ""Explored and proven"" · part 2, to the CAP-01 journeys (rows 482–500)",PLAN-11D (row 418),1.0,not an OM-20 row,,,,
485,P37.57b,485_P37.57b__whole-graph-audits.md,ticket,skeleton,11D,P37,"P37 11D ""Explored and proven"" · part 2, to the CAP-01 journeys (rows 482–500)",PLAN-11D (row 418),1.0,not an OM-20 row,,,,
486,P37.58,486_P37.58__schema-conformance-generated-vs-deployed.md,ticket,skeleton,11D,P37,"P37 11D ""Explored and proven"" · part 2, to the CAP-01 journeys (rows 482–500)",PLAN-11D (row 418),0.5,not an OM-20 row,,,SIG-STORE-045,
487,P37.59,487_P37.59__intake-operation-dark.md,ticket,skeleton,11D,P37,"P37 11D ""Explored and proven"" · part 2, to the CAP-01 journeys (rows 482–500)",PLAN-11D (row 418),1.0,OM-20 row: pre-authorised only if the GATE-G6 list the operator approves verbatim names this row (expiry at the next GATE); otherwise an in-ticket pause,,,,
488,P37.60,488_P37.60__visual-regression-and-operator-gallery.md,ticket,skeleton,11D,P37,"P37 11D ""Explored and proven"" · part 2, to the CAP-01 journeys (rows 482–500)",PLAN-11D (row 418),1.0,not an OM-20 row,,,,
489,P37.61,489_P37.61__t1-table-and-filter-enhancements.md,ticket,skeleton,11D,P37,"P37 11D ""Explored and proven"" · part 2, to the CAP-01 journeys (rows 482–500)",PLAN-11D (row 418),1.0,not an OM-20 row,,,,
490,P37.62,490_P37.62__contribution-path-wiring.md,ticket,skeleton,11D,P37,"P37 11D ""Explored and proven"" · part 2, to the CAP-01 journeys (rows 482–500)",PLAN-11D (row 418),0.5,not an OM-20 row,,,,
491,P37.63,491_P37.63__map-acceptance-and-republish.md,ticket,skeleton,11D,P37,"P37 11D ""Explored and proven"" · part 2, to the CAP-01 journeys (rows 482–500)",PLAN-11D (row 418),0.5,not an OM-20 row,,,,
492,P37.64,492_P37.64__entity-graph-dossier-figure-acceptance.md,ticket,skeleton,11D,P37,"P37 11D ""Explored and proven"" · part 2, to the CAP-01 journeys (rows 482–500)",PLAN-11D (row 418),1.0,not an OM-20 row,,,,
493,P37.65a,493_P37.65a__final-release-cut-crawl-scrub-audit.md,ticket,skeleton,11D,P37,"P37 11D ""Explored and proven"" · part 2, to the CAP-01 journeys (rows 482–500)",PLAN-11D (row 418),1.0,not an OM-20 row,,,,
494,P37.65b,494_P37.65b__final-readout-and-promotion.md,ticket,skeleton,11D,P37,"P37 11D ""Explored and proven"" · part 2, to the CAP-01 journeys (rows 482–500)",PLAN-11D (row 418),1.0,never pre-authorised (in-ticket go or pause; see Gate status),,,,
495,P37.66,495_P37.66__coverage-outcome-and-acquisition-closeout.md,ticket,skeleton,11D,P37,"P37 11D ""Explored and proven"" · part 2, to the CAP-01 journeys (rows 482–500)",PLAN-11D (row 418),0.5,not an OM-20 row,,,,
496,P37.67,496_P37.67__stream-l-re-measure.md,ticket,skeleton,11D,P37,"P37 11D ""Explored and proven"" · part 2, to the CAP-01 journeys (rows 482–500)",PLAN-11D (row 418),0.5,not an OM-20 row,,,,
497,P37.68a,497_P37.68a__ux-capstone-advocate-journeys.md,capstone,skeleton,11D,P37,"P37 11D ""Explored and proven"" · part 2, to the CAP-01 journeys (rows 482–500)",PLAN-11D (row 418),1.0,not an OM-20 row,,,,
498,P37.68b,498_P37.68b__ux-capstone-journalist-journeys.md,capstone,skeleton,11D,P37,"P37 11D ""Explored and proven"" · part 2, to the CAP-01 journeys (rows 482–500)",PLAN-11D (row 418),1.0,not an OM-20 row,,,,
499,P37.68c,499_P37.68c__ux-capstone-organizer-journeys.md,capstone,skeleton,11D,P37,"P37 11D ""Explored and proven"" · part 2, to the CAP-01 journeys (rows 482–500)",PLAN-11D (row 418),1.0,not an OM-20 row,,,,
500,P37.68d,500_P37.68d__ux-capstone-per-ask-checks-and-walkthrough-packet.md,capstone,skeleton,11D,P37,"P37 11D ""Explored and proven"" · part 2, to the CAP-01 journeys (rows 482–500)",PLAN-11D (row 418),1.0,not an OM-20 row,,,,
501,P38.1a,501_P38.1a__round11-gap-analysis-11a-11b.md,capstone,skeleton,11D-tail,P38,"P38 tail · rows 501–510, to GATE-ANNOUNCE",PLAN-11D (row 418),1.0,not an OM-20 row,,SIG-CONF-012,,
502,P38.1b,502_P38.1b__round11-gap-analysis-11c-11d-and-composed-verification.md,capstone,skeleton,11D-tail,P38,"P38 tail · rows 501–510, to GATE-ANNOUNCE",PLAN-11D (row 418),1.0,not an OM-20 row,,SIG-CONF-012,,
503,P38.2,503_P38.2__round11-gap-closure-and-acceptance-packet.md,capstone,skeleton,11D-tail,P38,"P38 tail · rows 501–510, to GATE-ANNOUNCE",PLAN-11D (row 418),0.5,not an OM-20 row,,,SIG-EVAL-004,
504,GATE-ACCEPT-R11,504_GATE-ACCEPT-R11__round11-acceptance.md,gate,skeleton,11D-tail,P38,"P38 tail · rows 501–510, to GATE-ANNOUNCE",PLAN-11D (row 418),0.0,not an OM-20 row (gate marker),,,,
505,P38.3a,505_P38.3a__round11-backlog-and-operational-readiness.md,reconcile,skeleton,11D-tail,P38,"P38 tail · rows 501–510, to GATE-ANNOUNCE",PLAN-11D (row 418),1.0,not an OM-20 row,,,,
506,P38.3b,506_P38.3b__round11-spec-reconciliation.md,reconcile,skeleton,11D-tail,P38,"P38 tail · rows 501–510, to GATE-ANNOUNCE",PLAN-11D (row 418),1.0,not an OM-20 row,,,,
507,P38.3c,507_P38.3c__round11-integration-plan.md,reconcile,skeleton,11D-tail,P38,"P38 tail · rows 501–510, to GATE-ANNOUNCE",PLAN-11D (row 418),1.0,not an OM-20 row,,,,
508,P38.4,508_P38.4__round11-docs-refresh.md,docs,skeleton,11D-tail,P38,"P38 tail · rows 501–510, to GATE-ANNOUNCE",PLAN-11D (row 418),1.0,not an OM-20 row,,,,
509,P38.5,509_P38.5__announce-readiness-review.md,capstone,skeleton,11D-tail,P38,"P38 tail · rows 501–510, to GATE-ANNOUNCE",PLAN-11D (row 418),0.5,not an OM-20 row,,,,
510,GATE-ANNOUNCE,510_GATE-ANNOUNCE__announce-decision.md,gate,skeleton,11D-tail,P38,"P38 tail · rows 501–510, to GATE-ANNOUNCE",PLAN-11D (row 418),0.0,not an OM-20 row (gate marker),,,SIG-CHART-033 SIG-CONTRIB-012 SIG-GOV-003 SIG-INGEST-029 SIG-INGEST-030a SIG-INGEST-035 SIG-INGEST-036 SIG-STORE-011,"SEED-12b: list SIG-CHART-033, SIG-INGEST-029/030a, SIG-CONTRIB-012 (outreach, owed later-phase, ADR-171) on the 'spec MUSTs unmet at launch' list. | Waits for REVIEW-R11 (the closing Claude Code review; not a chain row): answered only when each REVIEW-R11 S0/S1 finding is fixed or dispositioned by the operator (S6-F3, 2026-10-01T06:05:22Z). | Re-anchoring rule (plan §8.3, S6R-19): REVIEW-R11 fix rows are appended after row 510 by `decompose-spec mode=extend`, then a new GATE-ANNOUNCE row after the last of them; this row then receives the appended token `superseded-by(row <n>)`."
