observed_at,url,viewport,js,title,h1,http_status,screenshot,screenshot_sha256,text_sha256,console_errors,notes
2026-09-30T17:32:00Z,https://surveillancegraph.org/,desktop,on,Surveillance Infrastructure Graph · SIG,Surveillance Infrastructure Graph,200,docs/build/logs/next-phase/C2/shots/20260930T173200Z_R01_home_desktop.png,85b6137b1b7ffb9e5d0724e7fc3a10881b7dededf0f5a2ffba4e727387ece217,6763793c497808755b62eef15564a55fbe13470a9824461decfac48551583566,1,label=R01_home; inner=1440x900; scripts=0; hscroll=False; scrollWidth=1440; axe=0 violations; kbd_stops=30 (focus ring on all links)
2026-09-30T17:32:08Z,https://surveillancegraph.org/,mobile,on,Surveillance Infrastructure Graph · SIG,Surveillance Infrastructure Graph,200,docs/build/logs/next-phase/C2/shots/20260930T173208Z_R01_home_mobile.png,b67fe0b34420fd3bc1527f470b1960f4baee76cd8c7df1802e4923445473d5e7,6763793c497808755b62eef15564a55fbe13470a9824461decfac48551583566,0,label=R01_home; inner=390x844; scripts=0; hscroll=False; scrollWidth=390
2026-09-30T17:32:36Z,https://surveillancegraph.org/dossier/,desktop,on,Dossiers · SIG,Dossiers,200,docs/build/logs/next-phase/C2/shots/20260930T173236Z_R08_dossier_index_desktop.png,5b847248e1d25fd7d42f9f04a15249239e92cecbdb4383a2356d7e897ae5e7aa,06efb4978acc9b42b88e79fea9aa41da442fec7fbc37ca0438d3cb075c1e6f10,1,label=R08_dossier_index; inner=1440x900; scripts=0; hscroll=False; scrollWidth=1440
2026-09-30T17:32:41Z,https://surveillancegraph.org/dossier/tx/,desktop,on,Surveillance infrastructure — TX · SIG,Surveillance infrastructure — TX,200,docs/build/logs/next-phase/C2/shots/20260930T173241Z_R09_dossier_tx_desktop.png,56740b40802e97b203ce4ddbbb6b05729f17147bc4382d3460abd970f38b9c09,39c8dbd01e09ff53600b423c7294afa5051e79564a2bbee9bbc2908bf043b056,0,label=R09_dossier_tx; inner=1440x900; scripts=0; hscroll=False; scrollWidth=1440; axe=landmark-unique[moderate]x1 | needs-review=color-contrastx4; kbd_stops=30 (focus ring on all links)
2026-09-30T17:32:47Z,https://surveillancegraph.org/search/,desktop,on,Search · SIG,Search,200,docs/build/logs/next-phase/C2/shots/20260930T173247Z_R15_search_desktop.png,23920f2c24731a12733cbf4115f2dab0b5cad8b32af0697135b5b668dc2f0e78,083d5c2bbefa248c42a0b3287d5cc925b60ff0517cfbf2bc12beed498ee6f8b6,0,label=R15_search; inner=1440x900; scripts=2; hscroll=False; scrollWidth=1440
2026-09-30T17:33:59Z,https://surveillancegraph.org/dossier/tx/print/,desktop,on,Surveillance infrastructure — TX — SIG dossier (print),Surveillance infrastructure — TX,200,docs/build/logs/next-phase/C2/shots/20260930T173359Z_R10_print_tx_desktop.png,63fd2f311543d7f47f3fd45332c0d016e1cf8aef1365923cc7d494fb684eb069,6214a9f38775c93f48059a1fd4a67122ab00dcdab968ae17b596456df5b48642,1,"label=R10_print_tx; inner=1440x900; scripts=0; hscroll=False; scrollWidth=1440; axe=landmark-no-duplicate-contentinfo[moderate]x1,landmark-one-main[moderate]x1,landmark-unique[moderate]x1,region[moderate]x13 | needs-review=color-contrastx4; pdf=docs/build/logs/next-phase/C2/pdf/20260930T173402Z_R10_print_tx.pdf sha256=147cdf553211b54a4f0f1625f5d932bb82c31b10331d59f4354f9940cfc7ae5e; kbd_stops=15 (focus ring on all links); targets<24px=4"
2026-09-30T17:34:05Z,https://surveillancegraph.org/watch/,desktop,on,Renewal watch & evidence · SIG,Renewal watch & evidence,200,docs/build/logs/next-phase/C2/shots/20260930T173405Z_R17_watch_desktop.png,5da855e866024b81a52c95c28b6c27708732971e139006f9ed410d3af2953e64,ecfc980a9a4d6c4cb8110692e2af533ef74c2ac2499899873436268bd4ba2628,0,label=R17_watch; inner=1440x900; scripts=0; hscroll=False; scrollWidth=1440
2026-09-30T17:34:11Z,https://surveillancegraph.org/evidence/,desktop,on,Evidence viewer · SIG,Evidence viewer,200,docs/build/logs/next-phase/C2/shots/20260930T173411Z_R07_evidence_desktop.png,2f5162156d28ab69ed540881408b9c8a1395be88d28678517f2ab35c2425ea01,c1bf6685e2c80679f1164075ff1f87f678f217d686bd796e93a7dd1f86f4928d,0,label=R07_evidence; inner=1440x900; scripts=0; hscroll=False; scrollWidth=1440
2026-09-30T17:34:17Z,https://surveillancegraph.org/methodology/,desktop,on,Methodology · SIG,Methodology,200,docs/build/logs/next-phase/C2/shots/20260930T173417Z_R12_methodology_desktop.png,7c946b2de0cba721385c18047b6d9eaa6013c403a29bcc9c3b0bccaf07d27a43,bf170f69f9825bd053d29763c9e6b507714831f8352bb8f0981aad24ccd95bbb,0,label=R12_methodology; inner=1440x900; scripts=0; hscroll=False; scrollWidth=1440; axe=0 violations
2026-09-30T17:35:15Z,https://surveillancegraph.org/contribution-back/,desktop,on,Contribution back · SIG,Contribution back,200,docs/build/logs/next-phase/C2/shots/20260930T173515Z_R02_contribution_back_desktop.png,ce689cacf25151bdb5e0e6d9b59a3bedaf2421f5184c796ce81b44345ad566a8,ab3bf83f5d7cd2c975b74d5f23920c04c7bf359880bdb55eed5bc6769ebc22a8,1,label=R02_contribution_back; inner=1440x900; scripts=0; hscroll=False; scrollWidth=1440
2026-09-30T17:35:21Z,https://surveillancegraph.org/corrections/,desktop,on,Corrections log · SIG,Corrections log,200,docs/build/logs/next-phase/C2/shots/20260930T173521Z_R03_corrections_desktop.png,18d737559f5beb163678c8eaa42ad3da074cfae86dbb70de1eb5d1f2ba5144ba,f26486eb42dd45ac9ef3bde0940fbe3df532361fa6da2d5b9f20f5154018defb,0,label=R03_corrections; inner=1440x900; scripts=0; hscroll=False; scrollWidth=1440
2026-09-30T17:35:27Z,https://surveillancegraph.org/coverage-metrics/,desktop,on,Coverage metrics · SIG,Coverage metrics,200,docs/build/logs/next-phase/C2/shots/20260930T173527Z_R04_coverage_metrics_desktop.png,1d171b97c06b65d355a596896a9160e0e1016cedf6ab5d1fcf602710d33c48d1,5dcade6d2db549614d9f8795391e56b548a89c4c34dda03750d0b6b293a55e4d,0,label=R04_coverage_metrics; inner=1440x900; scripts=0; hscroll=False; scrollWidth=1440; axe=0 violations
2026-09-30T17:35:34Z,https://surveillancegraph.org/data-freshness/,desktop,on,Data freshness · SIG,Data freshness,200,docs/build/logs/next-phase/C2/shots/20260930T173534Z_R05_data_freshness_desktop.png,cf6ab29d0a9eaf9533b3d14ca0620c4e26230fffb4241d8cc91ef36dba60d5c5,2dfc4e69b2b56f75de7c141f2cfbc5482fc0b496199e1929f0cd8b63b60d6e72,0,label=R05_data_freshness; inner=1440x900; scripts=0; hscroll=False; scrollWidth=1440; targets<24px=4
2026-09-30T17:35:40Z,https://surveillancegraph.org/data-freshness/status/,desktop,on,Data freshness · SIG,Data freshness,200,docs/build/logs/next-phase/C2/shots/20260930T173540Z_R05b_data_freshness_status_desktop.png,8b14270a25ec17134e9ae43f265f1196cbdc769b47c0e96ec810047fe4784a03,d7e753d2830c37110fdd8281ccc22fb58f1b1e43f04b4196b56bbf307e50024c,0,label=R05b_data_freshness_status; inner=1440x900; scripts=0; hscroll=False; scrollWidth=1440; targets<24px=4
2026-09-30T17:35:46Z,https://surveillancegraph.org/dispute/,desktop,on,Dispute or correct a record · SIG,Dispute or correct a record,200,docs/build/logs/next-phase/C2/shots/20260930T173546Z_R06_dispute_desktop.png,ac07b950575d780fb44f557744c5e289b09fc3788ea77ff373736e3910933cb7,c17a3be63273be2afba7fdfb1f4db38a5510c8bf1f9582424455279563259f9a,0,label=R06_dispute; inner=1440x900; scripts=0; hscroll=False; scrollWidth=1440; axe=0 violations; kbd_stops=30 (focus ring on all links)
2026-09-30T17:35:52Z,https://surveillancegraph.org/editorial-standards/,desktop,on,Editorial standards · SIG,Editorial standards,200,docs/build/logs/next-phase/C2/shots/20260930T173552Z_R13_editorial_standards_desktop.png,b4566a0a81dab9f6e9614c3950479777b07269ef681c5ea262a16ac076b90aaf,fb78a936d80a2735e248c48c5d89a03b90c591ff5ec550f440ace635fbb60d7e,0,label=R13_editorial_standards; inner=1440x900; scripts=0; hscroll=False; scrollWidth=1440
2026-09-30T17:35:58Z,https://surveillancegraph.org/research-queue/,desktop,on,Research queue · SIG,Research queue,200,docs/build/logs/next-phase/C2/shots/20260930T173558Z_R14_research_queue_desktop.png,19a81b92e6de19cbb2ce333f18ba5b587126d7e0fa1dc3b9011c8b44a6e92f8a,7218e76fb2368a5b916ce2eb48599989071ea0bd53c169329378f19cf6d9cf4e,0,label=R14_research_queue; inner=1440x900; scripts=0; hscroll=False; scrollWidth=1440; axe=0 violations
2026-09-30T17:36:26Z,https://surveillancegraph.org/style-guide/,desktop,on,Editorial style guide · SIG,Editorial style guide,200,docs/build/logs/next-phase/C2/shots/20260930T173626Z_R16_style_guide_desktop.png,a9adb56c992316b0bdb28a9b186e2378393095f9f8439be6dcd6b057da9bc512,7b68167c7e7ce7962ad4de7550559b7399f00977bf22571fe9e1076a3587570e,0,label=R16_style_guide; inner=1440x900; scripts=0; hscroll=False; scrollWidth=1440
2026-09-30T17:36:32Z,https://surveillancegraph.org/visual-language/,desktop,on,The epistemic visual language · SIG,The epistemic visual language,200,docs/build/logs/next-phase/C2/shots/20260930T173632Z_R18_visual_language_desktop.png,123bb2ba70a6d7dbd08a5eb83097777841ba61aceea16262e3d20a4279ee8f91,0ec40a3e2d497fad14eec1110b873ec9dd9848129dd2c09bfce6a579a5609719,0,label=R18_visual_language; inner=1440x900; scripts=0; hscroll=False; scrollWidth=1440; axe=0 violations | needs-review=color-contrastx22
2026-09-30T17:36:38Z,https://surveillancegraph.org/map/,desktop,on,Infrastructure map · SIG,Infrastructure map,200,docs/build/logs/next-phase/C2/shots/20260930T173638Z_R11_map_desktop.png,20119fa1367269f0059b1c8c8d4f7f6ab311e2599f4ae3d309c9c8beb99fc02e,291fb211cef4dd1d6320e329f606f56c0c6445866da1d0e681551ac05428043d,0,label=R11_map; inner=1440x900; scripts=2; hscroll=False; scrollWidth=1440; axe=0 violations | needs-review=color-contrastx7295; kbd_stops=30 (focus ring on all links)
2026-09-30T17:37:54Z,https://surveillancegraph.org/network/,desktop,on,Network explorer · SIG,Network explorer,200,docs/build/logs/next-phase/C2/shots/20260930T173754Z_R19_network_desktop.png,cdf632fa28e4a4796760a7d7414cbb191c0404f7e1e33da7db76dd1b796ee3a8,460a2a143739204ee4b6d44affd7c4f643d4b71ba155ff63bc38a3ce81f0658a,0,label=R19_network; inner=1440x900; scripts=2; hscroll=False; scrollWidth=1440; axe=0 violations | needs-review=color-contrastx532; kbd_stops=30 (focus ring on all links)
2026-09-30T17:38:06Z,https://surveillancegraph.org/search/,desktop,on,Search · SIG,Search,200,docs/build/logs/next-phase/C2/shots/20260930T173806Z_R15_search_desktop.png,23920f2c24731a12733cbf4115f2dab0b5cad8b32af0697135b5b668dc2f0e78,083d5c2bbefa248c42a0b3287d5cc925b60ff0517cfbf2bc12beed498ee6f8b6,0,label=R15_search; inner=1440x900; scripts=2; hscroll=False; scrollWidth=1440; axe=0 violations; kbd_stops=20 (focus ring on all links)
2026-09-30T17:46:42Z,https://surveillancegraph.org/dossier/unresolved/,desktop,on,Surveillance infrastructure — unresolved · SIG,Surveillance infrastructure — unresolved,200,docs/build/logs/next-phase/C2/shots/20260930T174642Z_R09_dossier_unresolved_desktop.png,a363673e9ed4635016e4f1e66c71d9dde635e2a6dc3cdc3f4f11fdeaa8a0f286,85b9a6a98012ff9c199f09ac31be5d2833ea6a68b4b64cd091b8614add1cc8fe,1,label=R09_dossier_unresolved; inner=1440x900; scripts=0; hscroll=False; scrollWidth=1440; axe=landmark-unique[moderate]x1 | needs-review=color-contrastx4
2026-09-30T17:46:50Z,https://surveillancegraph.org/dossier/fl/,desktop,on,Surveillance infrastructure — FL · SIG,Surveillance infrastructure — FL,200,docs/build/logs/next-phase/C2/shots/20260930T174650Z_R09_dossier_fl_desktop.png,579e3b272a6fbfbfd2d8bb9031872d3b53975ed0b77c74df814ad08d408d1d70,54a7bf4ed8cf2ed1febf46e141a84eb4d3694633af400731e568512db043efe0,0,label=R09_dossier_fl; inner=1440x900; scripts=0; hscroll=False; scrollWidth=1440; axe=landmark-unique[moderate]x1 | needs-review=color-contrastx4
2026-09-30T17:46:56Z,https://surveillancegraph.org/dossier/md/,desktop,on,Surveillance infrastructure — MD · SIG,Surveillance infrastructure — MD,200,docs/build/logs/next-phase/C2/shots/20260930T174656Z_R09_dossier_md_desktop.png,d4c62182fb63bd8fb4f83fd1e54269223a8aec113e3e5d0970cb8916c09312e0,5d090b0f3e42c28487806dde57be20913e47c848a0ba63881fb77f72b098c3bd,0,label=R09_dossier_md; inner=1440x900; scripts=0; hscroll=False; scrollWidth=1440
2026-09-30T17:47:01Z,https://surveillancegraph.org/dossier/pt/,desktop,on,Surveillance infrastructure — PT · SIG,Surveillance infrastructure — PT,200,docs/build/logs/next-phase/C2/shots/20260930T174701Z_R09_dossier_pt_desktop.png,51bdada5300c15ce670584b1a18df686333e70cd6ffc90336e9e0fb2c607d4ed,8fc43233c3502132555391ebeec18feaa053fb554ab26605b43c5b5fe2f2c8ed,0,label=R09_dossier_pt; inner=1440x900; scripts=0; hscroll=False; scrollWidth=1440
2026-09-30T17:47:07Z,https://surveillancegraph.org/dossier/gb-eng/,desktop,on,Surveillance infrastructure — GB-ENG · SIG,Surveillance infrastructure — GB-ENG,200,docs/build/logs/next-phase/C2/shots/20260930T174707Z_R09_dossier_gb-eng_desktop.png,c036763268c8a9f16a84298c3d1072762792ccdf87a9916ef867309c4bc4c1be,3856f75dabef3d8b99ae7d4bde05f62962a07bb37a0f37c7eb67db72c7098a8f,0,label=R09_dossier_gb-eng; inner=1440x900; scripts=0; hscroll=False; scrollWidth=1440
2026-09-30T17:47:13Z,https://surveillancegraph.org/dossier/au-act/,desktop,on,Surveillance infrastructure — AU-ACT · SIG,Surveillance infrastructure — AU-ACT,200,docs/build/logs/next-phase/C2/shots/20260930T174713Z_R09_dossier_au-act_desktop.png,6965a3d6a15672ae9b54e90c90f92622c6334857abc017c42241d7e00199270b,f31bb4edbb4a1590f1c9df8dab2a0b920ed64bc6ee7e529f7aa74c6ece0bcf14,0,label=R09_dossier_au-act; inner=1440x900; scripts=0; hscroll=False; scrollWidth=1440
2026-09-30T17:47:19Z,https://surveillancegraph.org/dossier/ca/,desktop,on,Surveillance infrastructure — CA · SIG,Surveillance infrastructure — CA,200,docs/build/logs/next-phase/C2/shots/20260930T174719Z_R09_dossier_ca_desktop.png,20d8fca4f0ee41b10ab896c7b11720552865d8ceccfce236fa16c49dbc5d2149,4e08d6ec756f7da1a7a9d28ee615957e3e891563a04bc92fa1e7ff74b109f397,0,label=R09_dossier_ca; inner=1440x900; scripts=0; hscroll=False; scrollWidth=1440
2026-09-30T17:47:24Z,https://surveillancegraph.org/dossier/ga/,desktop,on,Surveillance infrastructure — GA · SIG,Surveillance infrastructure — GA,200,docs/build/logs/next-phase/C2/shots/20260930T174724Z_R09_dossier_ga_desktop.png,80ce1c0bb5419b21df9e68b1af476ca27d691231b58234748666c94ccbac32fb,a38aa70a2ca2918258c0f5404c6df2097d6f4aaffd3a91469c8da07c3f8e636d,0,label=R09_dossier_ga; inner=1440x900; scripts=0; hscroll=False; scrollWidth=1440
2026-09-30T17:47:30Z,https://surveillancegraph.org/dossier/unresolved/print/,desktop,on,Surveillance infrastructure — unresolved — SIG dossier (print),Surveillance infrastructure — unresolved,200,docs/build/logs/next-phase/C2/shots/20260930T174730Z_R10_print_unresolved_desktop.png,8ba0889bd6c66448fd85773351a767220538d2d1ac53b3d2cf9a952854a2a2f9,5b1a81de165b86ad3575aca4c2c783333b5f02080408ce5b439f60d52e440283,0,label=R10_print_unresolved; inner=1440x900; scripts=0; hscroll=False; scrollWidth=1440; pdf=docs/build/logs/next-phase/C2/pdf/20260930T174733Z_R10_print_unresolved.pdf sha256=ca873dedd79383300282d9be732e2b65ea69b4c0da490041d702bb8677927b31; targets<24px=4
2026-09-30T17:47:36Z,https://surveillancegraph.org/dossier/fl/print/,desktop,on,Surveillance infrastructure — FL — SIG dossier (print),Surveillance infrastructure — FL,200,docs/build/logs/next-phase/C2/shots/20260930T174736Z_R10_print_fl_desktop.png,0e254295da121e89fb268cdba576ea327b67cc7fea116538cacdccd7cabedd6a,9f0a9afd9f0ab309c1d0cbe28e39878d733a75d782042ff8bb5e3e8e3fafa3db,0,label=R10_print_fl; inner=1440x900; scripts=0; hscroll=False; scrollWidth=1440; pdf=docs/build/logs/next-phase/C2/pdf/20260930T174739Z_R10_print_fl.pdf sha256=2c061f8d9bb2036457c5b854445f53a6ddebce09820a86d69cf172480c86eae5; targets<24px=4
2026-09-30T17:47:42Z,https://surveillancegraph.org/dossier/md/print/,desktop,on,Surveillance infrastructure — MD — SIG dossier (print),Surveillance infrastructure — MD,200,docs/build/logs/next-phase/C2/shots/20260930T174742Z_R10_print_md_desktop.png,9cad6de90972f3e1ab11dcf917c4f88b7e4f6dafc94c0486b6f3879be1a4bcc4,60079c943830bb16f9411005e1c931d552fbb0935ef3b6b6a6c74774f0c5a977,0,label=R10_print_md; inner=1440x900; scripts=0; hscroll=False; scrollWidth=1440; pdf=docs/build/logs/next-phase/C2/pdf/20260930T174745Z_R10_print_md.pdf sha256=5e0a124c52703a792677801bd1a038d780e82e3b98d18bbb241865cda2a730f1; targets<24px=4
2026-09-30T17:47:49Z,https://surveillancegraph.org/dossier/pt/print/,desktop,on,Surveillance infrastructure — PT — SIG dossier (print),Surveillance infrastructure — PT,200,docs/build/logs/next-phase/C2/shots/20260930T174749Z_R10_print_pt_desktop.png,ec78677d39e6d05b2730aed61bc9ff0dbecc6c5367ca00d89c789156506b3f09,63b88d3cfd87788db60132b50190850b076e1555046af9a482d19034960e527f,0,label=R10_print_pt; inner=1440x900; scripts=0; hscroll=False; scrollWidth=1440; pdf=docs/build/logs/next-phase/C2/pdf/20260930T174751Z_R10_print_pt.pdf sha256=e06b6dce2d8d48174ef37a410d06dca2b6c8b28e32313352e07b087dcf6c05d1; targets<24px=4
2026-09-30T17:47:54Z,https://surveillancegraph.org/dossier/gb-eng/print/,desktop,on,Surveillance infrastructure — GB-ENG — SIG dossier (print),Surveillance infrastructure — GB-ENG,200,docs/build/logs/next-phase/C2/shots/20260930T174754Z_R10_print_gb-eng_desktop.png,ae6efbf72b3e119f5204241553ce091be74c2074510ed372c3a97c0472b39f50,ffc51d1f73b6da62d68666f1dc9f813e3a5c4419fe716dc6b0d2f246641be6fb,0,label=R10_print_gb-eng; inner=1440x900; scripts=0; hscroll=False; scrollWidth=1440; pdf=docs/build/logs/next-phase/C2/pdf/20260930T174757Z_R10_print_gb-eng.pdf sha256=f01527097f0ed5c0373dc03a9f14f8963632f3cfe747399f42309948075492f1; targets<24px=4
2026-09-30T17:48:00Z,https://surveillancegraph.org/dossier/au-act/print/,desktop,on,Surveillance infrastructure — AU-ACT — SIG dossier (print),Surveillance infrastructure — AU-ACT,200,docs/build/logs/next-phase/C2/shots/20260930T174800Z_R10_print_au-act_desktop.png,d008bf4cdb08143f6a0d1da079b1670def7585f444583652f3dfa6bdd7903e88,9c53ed467b00ee2b6ed720088ef98f96388ce2ffb24c3b6c309cfe55ef494de0,0,label=R10_print_au-act; inner=1440x900; scripts=0; hscroll=False; scrollWidth=1440; pdf=docs/build/logs/next-phase/C2/pdf/20260930T174803Z_R10_print_au-act.pdf sha256=c781e62b99749e6d78e0920100bd86a782e882a8154a8b2f46b448842acfb822; targets<24px=4
2026-09-30T17:48:06Z,https://surveillancegraph.org/dossier/ca/print/,desktop,on,Surveillance infrastructure — CA — SIG dossier (print),Surveillance infrastructure — CA,200,docs/build/logs/next-phase/C2/shots/20260930T174806Z_R10_print_ca_desktop.png,5d60f80b358047922bf0f641275e3485631a966cf13dc36d99b86f9c7d2aec74,b2b4e3e69383362bc075f7afb0d061ef8be42fc34fa1831e44cac985c47d383d,0,label=R10_print_ca; inner=1440x900; scripts=0; hscroll=False; scrollWidth=1440; pdf=docs/build/logs/next-phase/C2/pdf/20260930T174808Z_R10_print_ca.pdf sha256=7c15cf1bf6df7170d92ee685524c1aea26a5809cb68dc6f5dc603a1283d19220; targets<24px=4
2026-09-30T17:48:12Z,https://surveillancegraph.org/dossier/ga/print/,desktop,on,Surveillance infrastructure — GA — SIG dossier (print),Surveillance infrastructure — GA,200,docs/build/logs/next-phase/C2/shots/20260930T174812Z_R10_print_ga_desktop.png,d180b93a4abf787ab8e7afa3e62cd37e2d496ba464183e196c63116e238a7286,fa414dd25636550d6b7df281fbcfbcd1dfe5d8de5863315b0a1e9d9cf17151cf,0,label=R10_print_ga; inner=1440x900; scripts=0; hscroll=False; scrollWidth=1440; pdf=docs/build/logs/next-phase/C2/pdf/20260930T174814Z_R10_print_ga.pdf sha256=a8675b5c459b238dd899285708b546a398fd5d7e57356dc6b7928052405dfd80; targets<24px=4
2026-09-30T17:49:17Z,https://surveillancegraph.org/contribution-back/,mobile,on,Contribution back · SIG,Contribution back,200,docs/build/logs/next-phase/C2/shots/20260930T174917Z_R02_contribution_back_mobile.png,40ffd4ff15f10c957e342226a4aca77d4246592b0bdb82e4734a04e88a8575cd,ab3bf83f5d7cd2c975b74d5f23920c04c7bf359880bdb55eed5bc6769ebc22a8,1,label=R02_contribution_back; inner=390x844; scripts=0; hscroll=False; scrollWidth=390
2026-09-30T17:49:23Z,https://surveillancegraph.org/corrections/,mobile,on,Corrections log · SIG,Corrections log,200,docs/build/logs/next-phase/C2/shots/20260930T174923Z_R03_corrections_mobile.png,93bd90e132bf3da3e9fdd800de9d0f60b7199bb5fc1b744e8356594ed002bc39,f26486eb42dd45ac9ef3bde0940fbe3df532361fa6da2d5b9f20f5154018defb,0,label=R03_corrections; inner=390x844; scripts=0; hscroll=False; scrollWidth=390
2026-09-30T17:49:28Z,https://surveillancegraph.org/coverage-metrics/,mobile,on,Coverage metrics · SIG,Coverage metrics,200,docs/build/logs/next-phase/C2/shots/20260930T174928Z_R04_coverage_metrics_mobile.png,3216ccdfeeeb839b3ff6163f50e3f4043ef73c7d96ead4f12f5c59c6a9956def,5dcade6d2db549614d9f8795391e56b548a89c4c34dda03750d0b6b293a55e4d,0,label=R04_coverage_metrics; inner=446x966; scripts=0; hscroll=False; scrollWidth=446
2026-09-30T17:49:36Z,https://surveillancegraph.org/data-freshness/,mobile,on,Data freshness · SIG,Data freshness,200,docs/build/logs/next-phase/C2/shots/20260930T174936Z_R05_data_freshness_mobile.png,00ad1fb3e3424d333799502989f426a5df0620f1fff40290f8ff6044f77ff302,2dfc4e69b2b56f75de7c141f2cfbc5482fc0b496199e1929f0cd8b63b60d6e72,0,label=R05_data_freshness; inner=390x844; scripts=0; hscroll=False; scrollWidth=390; targets<24px=4
2026-09-30T17:49:42Z,https://surveillancegraph.org/data-freshness/status/,mobile,on,Data freshness · SIG,Data freshness,200,docs/build/logs/next-phase/C2/shots/20260930T174942Z_R05b_data_freshness_status_mobile.png,aa44c3c29c6ec3e497dd344fec8f2dfea1b96f0933f26a1ecfa814950b01e7cc,d7e753d2830c37110fdd8281ccc22fb58f1b1e43f04b4196b56bbf307e50024c,0,label=R05b_data_freshness_status; inner=390x844; scripts=0; hscroll=False; scrollWidth=390; targets<24px=4
2026-09-30T17:49:50Z,https://surveillancegraph.org/dispute/,mobile,on,Dispute or correct a record · SIG,Dispute or correct a record,200,docs/build/logs/next-phase/C2/shots/20260930T174950Z_R06_dispute_mobile.png,1f28cb1f87faaa19b219f8cd6c0e3a5b58e643ec0ac2384d3fc9b68292188807,c17a3be63273be2afba7fdfb1f4db38a5510c8bf1f9582424455279563259f9a,0,label=R06_dispute; inner=390x844; scripts=0; hscroll=False; scrollWidth=390
2026-09-30T17:49:56Z,https://surveillancegraph.org/dossier/,mobile,on,Dossiers · SIG,Dossiers,200,docs/build/logs/next-phase/C2/shots/20260930T174956Z_R08_dossier_index_mobile.png,9d324c778fefdcc9b7b9a9d21fe273818349751e25b807ad195a21783e027350,06efb4978acc9b42b88e79fea9aa41da442fec7fbc37ca0438d3cb075c1e6f10,0,label=R08_dossier_index; inner=390x844; scripts=0; hscroll=False; scrollWidth=390
2026-09-30T17:50:02Z,https://surveillancegraph.org/editorial-standards/,mobile,on,Editorial standards · SIG,Editorial standards,200,docs/build/logs/next-phase/C2/shots/20260930T175002Z_R13_editorial_standards_mobile.png,26257398855cb9b94b75cbc71f81b6341272d752692601471fb7bef9e7c07e11,fb78a936d80a2735e248c48c5d89a03b90c591ff5ec550f440ace635fbb60d7e,0,label=R13_editorial_standards; inner=390x844; scripts=0; hscroll=False; scrollWidth=390
2026-09-30T17:50:08Z,https://surveillancegraph.org/evidence/,mobile,on,Evidence viewer · SIG,Evidence viewer,200,docs/build/logs/next-phase/C2/shots/20260930T175008Z_R07_evidence_mobile.png,d3d81ed379e2f13deca6faece7e30c8dc05f6f3606b22f85ef1e41b24df12e64,c1bf6685e2c80679f1164075ff1f87f678f217d686bd796e93a7dd1f86f4928d,0,label=R07_evidence; inner=390x844; scripts=0; hscroll=False; scrollWidth=390
2026-09-30T17:50:13Z,https://surveillancegraph.org/map/,mobile,on,Infrastructure map · SIG,Infrastructure map,200,docs/build/logs/next-phase/C2/shots/20260930T175013Z_R11_map_mobile.png,c293367a8b8f14489445ebdfed32b70d42582a0c014d952d3bb48693fd8e5887,291fb211cef4dd1d6320e329f606f56c0c6445866da1d0e681551ac05428043d,0,label=R11_map; inner=390x844; scripts=2; hscroll=False; scrollWidth=390
2026-09-30T17:50:22Z,https://surveillancegraph.org/methodology/,mobile,on,Methodology · SIG,Methodology,200,docs/build/logs/next-phase/C2/shots/20260930T175022Z_R12_methodology_mobile.png,fd844bed3a1723af56e963889edda918ff8bcc9e854c0bcf7ca96b25e5cb63b8,bf170f69f9825bd053d29763c9e6b507714831f8352bb8f0981aad24ccd95bbb,0,label=R12_methodology; inner=390x844; scripts=0; hscroll=False; scrollWidth=390
2026-09-30T17:50:28Z,https://surveillancegraph.org/network/,mobile,on,Network explorer · SIG,Network explorer,200,docs/build/logs/next-phase/C2/shots/20260930T175028Z_R19_network_mobile.png,30a3dce3826dd18da1ad09e79d250ac5a6ec958acab9e2b84893e17ca9e930ac,460a2a143739204ee4b6d44affd7c4f643d4b71ba155ff63bc38a3ce81f0658a,0,label=R19_network; inner=390x844; scripts=2; hscroll=False; scrollWidth=390
2026-09-30T17:50:34Z,https://surveillancegraph.org/research-queue/,mobile,on,Research queue · SIG,Research queue,200,docs/build/logs/next-phase/C2/shots/20260930T175034Z_R14_research_queue_mobile.png,bbf702a001d0694b0e2c6410904ef8a66d7ba56104759bb32cd3c17c02e3b59e,7218e76fb2368a5b916ce2eb48599989071ea0bd53c169329378f19cf6d9cf4e,0,label=R14_research_queue; inner=390x844; scripts=0; hscroll=False; scrollWidth=390
2026-09-30T17:50:41Z,https://surveillancegraph.org/search/,mobile,on,Search · SIG,Search,200,docs/build/logs/next-phase/C2/shots/20260930T175041Z_R15_search_mobile.png,8d1e61f353a9158c374c90d8ee52164ff0ef31af47bc72e58c58c291f8027f8d,083d5c2bbefa248c42a0b3287d5cc925b60ff0517cfbf2bc12beed498ee6f8b6,0,label=R15_search; inner=390x844; scripts=2; hscroll=False; scrollWidth=390
2026-09-30T17:50:48Z,https://surveillancegraph.org/style-guide/,mobile,on,Editorial style guide · SIG,Editorial style guide,200,docs/build/logs/next-phase/C2/shots/20260930T175048Z_R16_style_guide_mobile.png,858b703e21f296e8f2fb538908bcf9bf58a6aba3abcb53df7f256f838bb08ff6,7b68167c7e7ce7962ad4de7550559b7399f00977bf22571fe9e1076a3587570e,0,label=R16_style_guide; inner=390x844; scripts=0; hscroll=False; scrollWidth=390
2026-09-30T17:50:54Z,https://surveillancegraph.org/visual-language/,mobile,on,The epistemic visual language · SIG,The epistemic visual language,200,docs/build/logs/next-phase/C2/shots/20260930T175054Z_R18_visual_language_mobile.png,f4fd78c234f8e3d38e17a95c604ee4fcd15014f33b864c8d5574772b317a74ba,0ec40a3e2d497fad14eec1110b873ec9dd9848129dd2c09bfce6a579a5609719,0,label=R18_visual_language; inner=501x1085; scripts=0; hscroll=False; scrollWidth=501
2026-09-30T17:51:00Z,https://surveillancegraph.org/watch/,mobile,on,Renewal watch & evidence · SIG,Renewal watch & evidence,200,docs/build/logs/next-phase/C2/shots/20260930T175100Z_R17_watch_mobile.png,3d893fbdbe5df01846db747d7ee0c92dbb14a12161e20ee8b6315e38a63b7d73,ecfc980a9a4d6c4cb8110692e2af533ef74c2ac2499899873436268bd4ba2628,0,label=R17_watch; inner=390x844; scripts=0; hscroll=False; scrollWidth=390
2026-09-30T17:51:05Z,https://surveillancegraph.org/dossier/tx/,mobile,on,Surveillance infrastructure — TX · SIG,Surveillance infrastructure — TX,200,docs/build/logs/next-phase/C2/shots/20260930T175105Z_R09_dossier_tx_mobile.png,871ef2344f2ea3f6b5ff3354b6170b267b6f9d5c6dd37c3fe4865a8a47dd0c62,39c8dbd01e09ff53600b423c7294afa5051e79564a2bbee9bbc2908bf043b056,0,label=R09_dossier_tx; inner=390x844; scripts=0; hscroll=False; scrollWidth=390
2026-09-30T17:51:11Z,https://surveillancegraph.org/dossier/fl/,mobile,on,Surveillance infrastructure — FL · SIG,Surveillance infrastructure — FL,200,docs/build/logs/next-phase/C2/shots/20260930T175111Z_R09_dossier_fl_mobile.png,4ce41489a5bb708d143df7394e3c6d48395ebaae5aa377482d51de3ec1c9b467,54a7bf4ed8cf2ed1febf46e141a84eb4d3694633af400731e568512db043efe0,0,label=R09_dossier_fl; inner=390x844; scripts=0; hscroll=False; scrollWidth=390
2026-09-30T17:51:17Z,https://surveillancegraph.org/dossier/md/,mobile,on,Surveillance infrastructure — MD · SIG,Surveillance infrastructure — MD,200,docs/build/logs/next-phase/C2/shots/20260930T175117Z_R09_dossier_md_mobile.png,f1c36bee0d587568ce8de1cc931e1d6c6c2d2e4b2d40c23392aec519a274cd15,5d090b0f3e42c28487806dde57be20913e47c848a0ba63881fb77f72b098c3bd,0,label=R09_dossier_md; inner=390x844; scripts=0; hscroll=False; scrollWidth=390
2026-09-30T17:51:22Z,https://surveillancegraph.org/dossier/pt/,mobile,on,Surveillance infrastructure — PT · SIG,Surveillance infrastructure — PT,200,docs/build/logs/next-phase/C2/shots/20260930T175122Z_R09_dossier_pt_mobile.png,7b654461288c3b0ced57924163a900602f9a45e37dfeb8b60fdd8bfc148ad06b,8fc43233c3502132555391ebeec18feaa053fb554ab26605b43c5b5fe2f2c8ed,0,label=R09_dossier_pt; inner=390x844; scripts=0; hscroll=False; scrollWidth=390
2026-09-30T17:51:28Z,https://surveillancegraph.org/dossier/gb-eng/,mobile,on,Surveillance infrastructure — GB-ENG · SIG,Surveillance infrastructure — GB-ENG,200,docs/build/logs/next-phase/C2/shots/20260930T175128Z_R09_dossier_gb-eng_mobile.png,f660f3a4691ce8cc9e17f4ffdb026ab318fc5c5817481fbc4b356d8d63928561,3856f75dabef3d8b99ae7d4bde05f62962a07bb37a0f37c7eb67db72c7098a8f,0,label=R09_dossier_gb-eng; inner=390x844; scripts=0; hscroll=False; scrollWidth=390
2026-09-30T17:51:34Z,https://surveillancegraph.org/dossier/au-act/,mobile,on,Surveillance infrastructure — AU-ACT · SIG,Surveillance infrastructure — AU-ACT,200,docs/build/logs/next-phase/C2/shots/20260930T175134Z_R09_dossier_au-act_mobile.png,359b7ce4ef00335a574d7c7a3028f23a521dd7f2995a5d0b9452cb3589028fe1,f31bb4edbb4a1590f1c9df8dab2a0b920ed64bc6ee7e529f7aa74c6ece0bcf14,0,label=R09_dossier_au-act; inner=390x844; scripts=0; hscroll=False; scrollWidth=390
2026-09-30T17:51:41Z,https://surveillancegraph.org/dossier/ca/,mobile,on,Surveillance infrastructure — CA · SIG,Surveillance infrastructure — CA,200,docs/build/logs/next-phase/C2/shots/20260930T175141Z_R09_dossier_ca_mobile.png,544fb28e1ef1dd23e78a9d243ebc2fe257bf686f7704fd6f4f8b8e31fb2068b6,4e08d6ec756f7da1a7a9d28ee615957e3e891563a04bc92fa1e7ff74b109f397,0,label=R09_dossier_ca; inner=390x844; scripts=0; hscroll=False; scrollWidth=390
2026-09-30T17:51:46Z,https://surveillancegraph.org/dossier/unresolved/,mobile,on,Surveillance infrastructure — unresolved · SIG,Surveillance infrastructure — unresolved,200,docs/build/logs/next-phase/C2/shots/20260930T175146Z_R09_dossier_unresolved_mobile.png,ebac1f28e8f366813a41f8d3fdc30202ac71b88949baa6647b70ce305a4de0d8,85b9a6a98012ff9c199f09ac31be5d2833ea6a68b4b64cd091b8614add1cc8fe,0,label=R09_dossier_unresolved; inner=390x844; scripts=0; hscroll=False; scrollWidth=390
2026-09-30T17:51:52Z,https://surveillancegraph.org/dossier/tx/print/,mobile,on,Surveillance infrastructure — TX — SIG dossier (print),Surveillance infrastructure — TX,200,docs/build/logs/next-phase/C2/shots/20260930T175152Z_R10_print_tx_mobile.png,f4c1e60da9ee66e51b973b6c112f11af48873374e9d63faabed5b3375b028354,6214a9f38775c93f48059a1fd4a67122ab00dcdab968ae17b596456df5b48642,0,label=R10_print_tx; inner=390x844; scripts=0; hscroll=False; scrollWidth=390
2026-09-30T17:52:19Z,https://surveillancegraph.org/,reflow320,on,Surveillance Infrastructure Graph · SIG,Surveillance Infrastructure Graph,200,docs/build/logs/next-phase/C2/shots/20260930T175219Z_R01_home_reflow320.png,8a4b31b0bd3eeaa523d5cd17283c3e759e9d27ed835afe92cbdb4aa4757726c6,6763793c497808755b62eef15564a55fbe13470a9824461decfac48551583566,1,label=R01_home; inner=320x800; scripts=0; hscroll=False; scrollWidth=320
2026-09-30T17:52:25Z,https://surveillancegraph.org/dossier/tx/,reflow320,on,Surveillance infrastructure — TX · SIG,Surveillance infrastructure — TX,200,docs/build/logs/next-phase/C2/shots/20260930T175225Z_R09_dossier_tx_reflow320.png,14d74139d776feb55a2da4bf31bf7c05185ed7f9605120320d29d2635bae6c11,39c8dbd01e09ff53600b423c7294afa5051e79564a2bbee9bbc2908bf043b056,0,label=R09_dossier_tx; inner=320x800; scripts=0; hscroll=True; scrollWidth=328
2026-09-30T17:52:30Z,https://surveillancegraph.org/dossier/tx/print/,reflow320,on,Surveillance infrastructure — TX — SIG dossier (print),Surveillance infrastructure — TX,200,docs/build/logs/next-phase/C2/shots/20260930T175230Z_R10_print_tx_reflow320.png,b851febf55b9fad99eee5a036728e2b49fe042e4476147b23767fbfe976cd3d9,6214a9f38775c93f48059a1fd4a67122ab00dcdab968ae17b596456df5b48642,0,label=R10_print_tx; inner=320x800; scripts=0; hscroll=False; scrollWidth=320
2026-09-30T17:52:36Z,https://surveillancegraph.org/map/,reflow320,on,Infrastructure map · SIG,Infrastructure map,200,docs/build/logs/next-phase/C2/shots/20260930T175236Z_R11_map_reflow320.png,f797db24054529c438810e7ff4139f16d586fe16591b79c311cf4699bb3d025c,291fb211cef4dd1d6320e329f606f56c0c6445866da1d0e681551ac05428043d,0,label=R11_map; inner=320x800; scripts=2; hscroll=False; scrollWidth=320
2026-09-30T17:52:48Z,https://surveillancegraph.org/network/,reflow320,on,Network explorer · SIG,Network explorer,200,docs/build/logs/next-phase/C2/shots/20260930T175248Z_R19_network_reflow320.png,63564b69605a1ada20f6e2cc9621ae4ee49e4094a2996e6d472c9672d4f40a20,460a2a143739204ee4b6d44affd7c4f643d4b71ba155ff63bc38a3ce81f0658a,0,label=R19_network; inner=320x800; scripts=2; hscroll=False; scrollWidth=320
2026-09-30T17:52:54Z,https://surveillancegraph.org/search/,reflow320,on,Search · SIG,Search,200,docs/build/logs/next-phase/C2/shots/20260930T175254Z_R15_search_reflow320.png,85e713472ed32c27d325d34bd532b4f570b7aa0f39a42030c6fe6a4ce3435336,083d5c2bbefa248c42a0b3287d5cc925b60ff0517cfbf2bc12beed498ee6f8b6,0,label=R15_search; inner=320x800; scripts=2; hscroll=False; scrollWidth=320
2026-09-30T17:53:00Z,https://surveillancegraph.org/dispute/,reflow320,on,Dispute or correct a record · SIG,Dispute or correct a record,200,docs/build/logs/next-phase/C2/shots/20260930T175300Z_R06_dispute_reflow320.png,a054814c84d42fdf9b61d6ff3f7e67a204a76bfd683d201da4f402fbfe988a98,c17a3be63273be2afba7fdfb1f4db38a5510c8bf1f9582424455279563259f9a,0,label=R06_dispute; inner=320x800; scripts=0; hscroll=False; scrollWidth=320
2026-09-30T17:53:06Z,https://surveillancegraph.org/coverage-metrics/,reflow320,on,Coverage metrics · SIG,Coverage metrics,200,docs/build/logs/next-phase/C2/shots/20260930T175306Z_R04_coverage_metrics_reflow320.png,87bece9e64bdbcb70943a7f1f39a372ddb00f09b026ffe158d16f9b9c63641ad,5dcade6d2db549614d9f8795391e56b548a89c4c34dda03750d0b6b293a55e4d,0,label=R04_coverage_metrics; inner=320x800; scripts=0; hscroll=True; scrollWidth=446
2026-09-30T17:53:12Z,https://surveillancegraph.org/visual-language/,reflow320,on,The epistemic visual language · SIG,The epistemic visual language,200,docs/build/logs/next-phase/C2/shots/20260930T175312Z_R18_visual_language_reflow320.png,ebc8e4fcdd2441b9c4b80f19df13b1f35f961aa8c04f08a3b1e59f1ec4c81c95,0ec40a3e2d497fad14eec1110b873ec9dd9848129dd2c09bfce6a579a5609719,0,label=R18_visual_language; inner=320x800; scripts=0; hscroll=True; scrollWidth=501
2026-09-30T17:53:17Z,https://surveillancegraph.org/map/,desktop,off,Infrastructure map · SIG,Infrastructure map,200,docs/build/logs/next-phase/C2/shots/20260930T175317Z_R11_map_desktop_nojs.png,843a1bbe54ed3d25b7c9b9921880a126674ac5d32efa10cd98105b4406d26b8d,4e8b0f4a802e0a28f7f0af2f65f24524524f48e98e85b196a7f0406057effe36,0,label=R11_map; inner=1440x900; scripts=2; hscroll=False; scrollWidth=1440
2026-09-30T17:53:23Z,https://surveillancegraph.org/network/,desktop,off,Network explorer · SIG,Network explorer,200,docs/build/logs/next-phase/C2/shots/20260930T175323Z_R19_network_desktop_nojs.png,272ed27b88f20d5bc59f5d52e90320981d5326c45e38758465f75f44ca99ae5e,3429cdfbea2fc38df9f8debf354aee5fe939608c9c7937129159215c9a396745,0,label=R19_network; inner=1440x900; scripts=2; hscroll=False; scrollWidth=1440
2026-09-30T17:53:30Z,https://surveillancegraph.org/search/,desktop,off,Search · SIG,Search,200,docs/build/logs/next-phase/C2/shots/20260930T175330Z_R15_search_desktop_nojs.png,80e07ae59961e2fee0dabf42c31eb0f9eb1f1ac86fd0f652018568229b13b860,6c318d6984a1d636eb096cdff8764d217d5cdf810846b60f9c78c82e3682afe8,0,label=R15_search; inner=1440x900; scripts=2; hscroll=False; scrollWidth=1440
2026-09-30T17:53:35Z,https://surveillancegraph.org/dossier/tx/,desktop,off,Surveillance infrastructure — TX · SIG,Surveillance infrastructure — TX,200,docs/build/logs/next-phase/C2/shots/20260930T175335Z_R09_dossier_tx_desktop_nojs.png,56740b40802e97b203ce4ddbbb6b05729f17147bc4382d3460abd970f38b9c09,39c8dbd01e09ff53600b423c7294afa5051e79564a2bbee9bbc2908bf043b056,0,label=R09_dossier_tx; inner=1440x900; scripts=0; hscroll=False; scrollWidth=1440
2026-09-30T17:55:56Z,https://surveillancegraph.org/task/new/WyJqdXJpc2RpY3Rpb246bWQiLCJzaGFyaW5nX3BhcnRuZXJzIiwiTk9UX1JFU0VBUkNIRUQiLCJEYXRhLXNoYXJpbmcgcGFydG5lcnMiXQ/,desktop,on,Generate a research task · SIG,Generate a research task,200,docs/build/logs/next-phase/C2/shots/20260930T175556Z_R20_task_md_notresearched_desktop.png,3fbbe5e6dc7a10e40c2b505562232f3f680ea55e82819f030bca960981397969,563b5a86c629fb7ecc1ac21c372ea7414cb75c5d1534cdcf51f192e1c931bda3,1,label=R20_task_md_notresearched; inner=1440x900; scripts=0; hscroll=False; scrollWidth=1440; axe=0 violations
2026-09-30T17:56:02Z,https://surveillancegraph.org/task/new/WyJqdXJpc2RpY3Rpb246ZmwiLCJjYW1lcmFfbGF0aXR1ZGUiLCJVTlJFU09MVkVEIiwiU3ViamVjdHMgd2l0aCBjb25mbGljdGluZyBjb29yZGluYXRlIGV2aWRlbmNlIl0/,desktop,on,Generate a research task · SIG,Generate a research task,200,docs/build/logs/next-phase/C2/shots/20260930T175602Z_R20_task_fl_unresolved_desktop.png,927255e7f57ba3d5c42f52ad4019ac7a2eca3e24d74725c0823be04be9244999,c394413817d6d24ec2499794e144c81538855000eece4c909c0d33eb7e16c660,0,label=R20_task_fl_unresolved; inner=1440x900; scripts=0; hscroll=True; scrollWidth=1555
2026-09-30T17:56:08Z,https://surveillancegraph.org/task/new/WyJhZ2VuY3k6b2tjcGQiLCJkZW1vX25vX2V2aWRlbmNlX2ZvdW5kIiwiTk9fRVZJREVOQ0VfRk9VTkQiLCJObyBldmlkZW5jZSBmb3VuZCJd/,desktop,on,Generate a research task · SIG,Generate a research task,200,docs/build/logs/next-phase/C2/shots/20260930T175608Z_R20_task_agency_okcpd_demo_no_evidence_found_desktop.png,9e3330745f6ce516b44362c9c6f11fa93d1dab672cd628564bcc58685dd88b23,21208ae2de6647473c7a2d6e6f2da238f3f5c861fe1a8b33444a8b6b8d2688d6,0,label=R20_task_agency_okcpd_demo_no_evidence_found; inner=1440x900; scripts=0; hscroll=False; scrollWidth=1440
2026-09-30T17:56:14Z,https://surveillancegraph.org/task/new/WyJhZ2VuY3k6b2tjcGQiLCJkZW1vX25vdF9yZXNlYXJjaGVkIiwiTk9UX1JFU0VBUkNIRUQiLCJOb3QgcmVzZWFyY2hlZCJd/,desktop,on,Generate a research task · SIG,Generate a research task,200,docs/build/logs/next-phase/C2/shots/20260930T175614Z_R20_task_agency_okcpd_demo_not_researched_desktop.png,652b1e1920f7243f36bb3ffd974858450d841ca6d8c1787c5b5ae42c59c7b000,3d573550a1b1431c2d41616e9fe9f498749db39cc68e678ce08388bab7c9f2eb,0,label=R20_task_agency_okcpd_demo_not_researched; inner=1440x900; scripts=0; hscroll=False; scrollWidth=1440
2026-09-30T17:56:20Z,https://surveillancegraph.org/task/new/WyJhZ2VuY3k6b2tjcGQiLCJkZW1vX2V2aWRlbmNlX29mX2Fic2VuY2UiLCJFVklERU5DRV9PRl9BQlNFTkNFIiwiRXZpZGVuY2Ugb2YgYWJzZW5jZSJd/,desktop,on,Generate a research task · SIG,Generate a research task,200,docs/build/logs/next-phase/C2/shots/20260930T175620Z_R20_task_agency_okcpd_demo_evidence_of_absence_desktop.png,4eb1002700e313f9bafffa525caed02b81b3ad3096c38e532cdb6450e3fbb8a1,768283124755484c028eb356c658582bb6696a634484e10266116493043bc0f7,0,label=R20_task_agency_okcpd_demo_evidence_of_absence; inner=1440x900; scripts=0; hscroll=True; scrollWidth=1470
2026-09-30T17:56:26Z,https://surveillancegraph.org/task/new/WyJhZ2VuY3k6b2tjcGQiLCJkZW1vX3VucmVzb2x2ZWQiLCJVTlJFU09MVkVEIiwiVW5yZXNvbHZlZCJd/,desktop,on,Generate a research task · SIG,Generate a research task,200,docs/build/logs/next-phase/C2/shots/20260930T175626Z_R20_task_agency_okcpd_demo_unresolved_desktop.png,d655cb6e3042c7dc47eef9677cb6dd58cb7760724ffd4f4e1a99dce93ebfa172,de19b3b051d9a8cf097a449e0af933028d00df775847c52f5b398ff9a121779a,0,label=R20_task_agency_okcpd_demo_unresolved; inner=1440x900; scripts=0; hscroll=False; scrollWidth=1440
2026-09-30T17:56:31Z,https://surveillancegraph.org/task/new/WyJhZ2VuY3k6b2tjcGQiLCJyZXRlbnRpb25fZGF5cyIsIk5PX0VWSURFTkNFX0ZPVU5EIiwiUmV0ZW50aW9uIHdpbmRvdyAoZGF5cykiXQ/,desktop,on,Generate a research task · SIG,Generate a research task,200,docs/build/logs/next-phase/C2/shots/20260930T175631Z_R20_task_agency_okcpd_retention_days_desktop.png,041abe142b618fe4c4e3bbb12cdcd9ca3550e8fb2e8aaf8f67c183d2ff5096ef,325244dcb194e767311d1e4e06bbb987dac8714a384e1f4b0cee13df9a4b3e4c,0,label=R20_task_agency_okcpd_retention_days; inner=1440x900; scripts=0; hscroll=False; scrollWidth=1440
2026-09-30T17:56:37Z,https://surveillancegraph.org/task/new/WyJhZ2VuY3k6b2tjcGQiLCJzaGFyaW5nX3BhcnRuZXJzIiwiTk9UX1JFU0VBUkNIRUQiLCJEYXRhLXNoYXJpbmcgcGFydG5lcnMiXQ/,desktop,on,Generate a research task · SIG,Generate a research task,200,docs/build/logs/next-phase/C2/shots/20260930T175637Z_R20_task_agency_okcpd_sharing_partners_desktop.png,54696b1cb34c7407882828cd519fdd4b924fa991c87d09d7dedb9816d591685d,e3b056ed31ede2b00190bd6efc0f8c0035a8c5552e75076336d9e771ca1bce3f,0,label=R20_task_agency_okcpd_sharing_partners; inner=1440x900; scripts=0; hscroll=False; scrollWidth=1440
2026-09-30T17:56:43Z,https://surveillancegraph.org/task/new/WyJkZXZpY2U6b2tjLTAwMyIsImxvY2F0aW9uIiwiTk9UX1JFU0VBUkNIRUQiLCJMb2NhdGlvbiJd/,desktop,on,Generate a research task · SIG,Generate a research task,200,docs/build/logs/next-phase/C2/shots/20260930T175643Z_R20_task_device_okc-003_location_desktop.png,78087f9a6f6e1210ec9091a77dc0f7a484e8bcabbb9b0e452ea5910f868ba2b1,f1a76a161403b22b8b325cc2b0e8664721a61cd4fa2840aa11a8120276abb938,0,label=R20_task_device_okc-003_location; inner=1440x900; scripts=0; hscroll=False; scrollWidth=1440
2026-09-30T17:56:48Z,https://surveillancegraph.org/task/new/WyJqdXJpc2RpY3Rpb246bWQiLCJzaGFyaW5nX3BhcnRuZXJzIiwiTk9UX1JFU0VBUkNIRUQiLCJEYXRhLXNoYXJpbmcgcGFydG5lcnMiXQ/,mobile,on,Generate a research task · SIG,Generate a research task,200,docs/build/logs/next-phase/C2/shots/20260930T175648Z_R20_task_md_notresearched_mobile.png,dd233e24bd9a468774e2a8d2682ccd5949bb23cea6b99d03b821df120640432e,563b5a86c629fb7ecc1ac21c372ea7414cb75c5d1534cdcf51f192e1c931bda3,0,label=R20_task_md_notresearched; inner=1171x2535; scripts=0; hscroll=False; scrollWidth=1171
2026-09-30T17:33:39Z,https://surveillancegraph.org/search/ (typed: Austin),desktop,on,Search · SIG,Search,200,docs/build/logs/next-phase/C2/shots/20260930T173340Z_R15_search_Austin_desktop.png,5cf723fbbc7c044f74351e14a655d9e96f87ae1829d8d826ced41cd08221a76b,8f99895101351f3c6bb548fb50cc9af2a3e90832967fa999af42e94d95a1144c,1,status=status|polite|1 result for “Austin”.
2026-09-30T17:33:39Z,https://surveillancegraph.org/search/ (typed: zzqx-nonexistent),desktop,on,Search · SIG,Search,200,docs/build/logs/next-phase/C2/shots/20260930T173342Z_R15_search_zzqx_nonexistent_desktop.png,94315e245dc1b9093fac52eab0b32adceb0c10f715deaca3e0a3de01e1d14356,d3af656ebb2cf198a5899bd81905450f6fd6682fd96a0c9c47d465eb35e14b92,1,status=status|polite|0 results for “zzqx-nonexistent”.
2026-09-30T17:33:39Z,https://surveillancegraph.org/search/ (typed: TX),desktop,on,Search · SIG,Search,200,docs/build/logs/next-phase/C2/shots/20260930T173343Z_R15_search_TX_desktop.png,4f5416cd0afd22349cf7abb9bbb8fe86b3e7b1c58f633d7dc5361be018cc28bd,fe765ba278282fef2518111344a41b9ed0c64cfe0faa3d347eb3d8361f474192,1,status=status|polite|5 results for “TX”.
2026-09-30T17:33:39Z,https://surveillancegraph.org/search/ (typed: Canberra),desktop,on,Search · SIG,Search,200,docs/build/logs/next-phase/C2/shots/20260930T173345Z_R15_search_Canberra_desktop.png,e78aae432907260edb8aa305225af296732477b70db6ec58ad525e4490bcc48d,db1061536147f38e4e2c2a153fa328491b0a1410a1f0b07f701623add64b58ef,1,status=status|polite|0 results for “Canberra”.
2026-09-30T17:33:39Z,https://surveillancegraph.org/search/ (typed: Maryland),desktop,on,Search · SIG,Search,200,docs/build/logs/next-phase/C2/shots/20260930T173346Z_R15_search_Maryland_desktop.png,0e8ef50d291d80727307f9afc21afda70c0da63d21ec424542c895bfd09ec12c,90425b8a6b70ddced5e6277461791babcee780003d8f7e9206ac137624b5c4dd,1,status=status|polite|0 results for “Maryland”.
2026-09-30T17:42:40Z,"https://surveillancegraph.org/map/ (zoom to canberra [149.13, -35.2809])",desktop,on,Infrastructure map · SIG,Infrastructure map,200,docs/build/logs/next-phase/C2/shots/20260930T174305Z_R11_map_canberra_popup_desktop.png,8c7dd2062fefd69dd8859872a0ec0e6dd7d3d6d4edebedda1699485c5edbceab,,1,site_pixels_at_final_zoom=143; popup=yes; steps=4
2026-09-30T17:43:28Z,"https://surveillancegraph.org/map/ (zoom to canberra [149.13, -35.2809])",desktop,on,Infrastructure map · SIG,Infrastructure map,200,docs/build/logs/next-phase/C2/shots/20260930T174353Z_R11_map_canberra_zoom12_desktop.png,477fc8c2874cddccb276666228e526495b8b0ba1fa436683063ead2cd22b98ef,,1,site_pixels_at_final_zoom=0; popup=no; steps=3
2026-09-30T17:44:12Z,"https://surveillancegraph.org/map/ (zoom to canberra [149.13, -35.2809])",desktop,on,Infrastructure map · SIG,Infrastructure map,200,docs/build/logs/next-phase/C2/shots/20260930T174437Z_R11_map_canberra_zoom12_desktop.png,477fc8c2874cddccb276666228e526495b8b0ba1fa436683063ead2cd22b98ef,,1,site_pixels_at_final_zoom=0; popup=no; steps=3
2026-09-30T17:44:52Z,"https://surveillancegraph.org/map/ (zoom to austin [-97.7431, 30.2672])",desktop,on,Infrastructure map · SIG,Infrastructure map,200,docs/build/logs/next-phase/C2/shots/20260930T174516Z_R11_map_austin_zoom11_desktop.png,d04057fafe31b3d7d263675222ec05ce3552a4029fcc4d19dd386d41948f8f7b,,1,site_pixels_at_final_zoom=0; popup=no; steps=3
2026-09-30T17:45:25Z,"https://surveillancegraph.org/map/ (zoom to austin [-97.7431, 30.2672])",desktop,on,Infrastructure map · SIG,Infrastructure map,200,docs/build/logs/next-phase/C2/shots/20260930T174552Z_R11_map_austin_popup_desktop.png,e711a23ce4e1d66dab0d67771bd4b757b27ff0b72083c81acaed34e293d4c11c,,1,site_pixels_at_final_zoom=34; popup=yes; steps=13
2026-09-30T18:02:45Z,https://surveillancegraph.org/ and /map/ (keyboard),desktop,on,,,200,docs/build/logs/next-phase/C2/shots/20260930T180253Z_R11_map_kbd_zoomin_focus_desktop.png,291bc38428297548dccdb6733447928f4eae194cbbe43b0497d66a8f7beb3b7f,,,"skip link -> https://surveillancegraph.org/#main; next tab a#:coverage metrics; zoom-in focus box-shadow rgb(0, 150, 255) 0px 0px 2px 2px; Escape on canvas keeps focus, Tab continues (no trap)"
2026-09-30T18:06:28Z,"https://surveillancegraph.org/map/ (zoom to iowa_i80_mm82 [-94.520469, 41.495936])",desktop,on,Infrastructure map · SIG,Infrastructure map,200,docs/build/logs/next-phase/C2/shots/20260930T180657Z_R11_map_iowa_i80_mm82_zoom12_desktop.png,477fc8c2874cddccb276666228e526495b8b0ba1fa436683063ead2cd22b98ef,,1,site_pixels_at_final_zoom=0; popup=no; steps=15
2026-09-30T17:54:09Z,https://surveillancegraph.org/curate/,curl,n/a,,,404,,,,,content-type: text/html; charset=utf-8; content-length: 146
2026-09-30T17:54:12Z,https://surveillancegraph.org/releases/,curl,n/a,,,404,,,,,content-type: text/html; charset=utf-8; content-length: 146
2026-09-30T17:54:15Z,https://surveillancegraph.org/research-dossier/,curl,n/a,,,404,,,,,content-type: text/html; charset=utf-8; content-length: 146
2026-09-30T17:54:19Z,https://surveillancegraph.org/sitemap.xml,curl,n/a,,,404,,,,,content-type: text/html; charset=utf-8; content-length: 146
2026-09-30T17:54:22Z,https://surveillancegraph.org/sitemap-index.xml,curl,n/a,,,404,,,,,content-type: text/html; charset=utf-8; content-length: 146
2026-09-30T17:54:25Z,https://surveillancegraph.org/robots.txt,curl,n/a,,,200,,,,,content-type: text/plain; charset=utf-8; content-length: 245
2026-09-30T17:54:28Z,https://surveillancegraph.org/nonexistent-c2-probe/,curl,n/a,,,404,,,,,content-type: text/html; charset=utf-8; content-length: 146
2026-09-30T17:54:31Z,https://surveillancegraph.org/dossier/zz/,curl,n/a,,,404,,,,,content-type: text/html; charset=utf-8; content-length: 146
2026-09-30T17:54:34Z,https://surveillancegraph.org/dossier/texas/,curl,n/a,,,404,,,,,content-type: text/html; charset=utf-8; content-length: 146
2026-09-30T17:54:38Z,https://surveillancegraph.org/task/,curl,n/a,,,403,,,,,content-type: text/html; charset=utf-8; content-length: 146
2026-09-30T17:54:41Z,https://surveillancegraph.org/dossier/gb-eng,curl,n/a,,,301,,,,,content-type: text/html; location: /dossier/gb-eng/; content-length: 162
2026-09-30T17:54:44Z,https://surveillancegraph.org/favicon.ico,curl,n/a,,,404,,,,,content-type: text/html; charset=utf-8; content-length: 146
2026-09-30T17:54:47Z,https://surveillancegraph.org/map/style.json,curl,n/a,,,200,,,,,content-type: application/json; content-length: 4254
2026-09-30T17:54:50Z,https://surveillancegraph.org/watch/citations.txt,curl,n/a,,,200,,,,,content-type: text/plain; charset=utf-8; content-length: 87
2026-09-30T17:54:53Z,https://surveillancegraph.org/dossier/oklahoma-city/,curl,n/a,,,404,,,,,content-type: text/html; charset=utf-8; content-length: 146
2026-09-30T17:54:57Z,https://surveillancegraph.org/v1/claim/contract,curl,n/a,,,404,,,,,content-type: text/html; charset=utf-8; content-length: 146
2026-09-30T17:55:00Z,https://surveillancegraph.org/dossier/au-act.json,curl,n/a,,,200,,,,,content-type: application/json; content-length: 3376
2026-09-30T17:55:03Z,https://surveillancegraph.org/dossier/tx/?as_of_world=2020-01-01&as_of_belief=2020-01-01&ruleset=bogus,curl,n/a,,,200,,,,,content-type: text/html; charset=utf-8; content-length: 12653
2026-09-30T17:55:06Z,https://surveillancegraph.org/404.html,curl,n/a,,,404,,,,,content-type: text/html; charset=utf-8; content-length: 146
2026-09-30T17:55:09Z,http://surveillancegraph.org/,curl,n/a,,,301,,,,,Location: https://surveillancegraph.org:443/
2026-09-30T17:55:12Z,tile range,curl,n/a,,,206,,,,,content-type: application/vnd.pmtiles; content-range: bytes 0-99/27877075; content-length: 100
2026-09-30T18:04:34Z,https://surveillancegraph.org/terms,curl,n/a,,,404,,,,,content-type: text/html; charset=utf-8; content-length: 146
2026-09-30T18:04:38Z,https://sig-api-e5ctyx36jq-uc.a.run.app/terms,curl,n/a,,,200,,,,,content-type: application/json; content-length: 1632
2026-09-30T18:04:41Z,https://sig-api-e5ctyx36jq-uc.a.run.app/openapi.json,curl,n/a,,,200,,,,,content-type: application/json; content-length: 40263
