id,section,level,owner,contract,status,verification
SIG-MEM-001,55.7,MUST,P32.1,docs/tickets/161_P32.1__baseline-and-memory-audit.md,MISSING,"Malformed/duplicate obligation ids, OPEN-first/DONE-later conflicts and legacy filename forward dependencies are detected by adversarial fixtures. | No existing human gate or deferral is closed by parsing; baseline inventory names dates, domains, evidence refs and all unresolved delta decisions."
SIG-TRUST-001,55.2,MUST,P32.2,docs/tickets/162_P32.2__typed-claims-and-capture-bindings.md,MISSING,"An end-to-end PG fixture compares every asserted field and locator to persisted values, including nonzero sensitivity and legal-date qualifiers. | Two different captures in one execution remain individually attributable; bad digest, unknown predicate/type and missing required binding fail closed or quarantine with reason. | Repeated ingest is idempotent; replay preserves original observation time; old rows remain readable with honest legacy status. | Identical bytes acquired twice produce one deduplicated blob and two immutable occurrence identities; each binding resolves the correct immutable occurrence metadata/version, not a mutable latest sidecar. | A PG-backed entity containing registered and unregistered claims returns its eligible registered facts instead of a whole-entity 404; a truly absent entity still returns 404, restricted claims remain withheld, and the unknown claim remains auditable without exposing its unreviewed content."
SIG-TRUST-002,55.2,MUST,P32.2,docs/tickets/162_P32.2__typed-claims-and-capture-bindings.md,MISSING,"An end-to-end PG fixture compares every asserted field and locator to persisted values, including nonzero sensitivity and legal-date qualifiers. | Two different captures in one execution remain individually attributable; bad digest, unknown predicate/type and missing required binding fail closed or quarantine with reason. | Repeated ingest is idempotent; replay preserves original observation time; old rows remain readable with honest legacy status. | Identical bytes acquired twice produce one deduplicated blob and two immutable occurrence identities; each binding resolves the correct immutable occurrence metadata/version, not a mutable latest sidecar. | A PG-backed entity containing registered and unregistered claims returns its eligible registered facts instead of a whole-entity 404; a truly absent entity still returns 404, restricted claims remain withheld, and the unknown claim remains auditable without exposing its unreviewed content."
SIG-TRUST-003,55.2,MUST,P32.3,docs/tickets/163_P32.3__roles-counts-and-organization-identity.md,MISSING,"OSM-contributor publisher label creates no evidenced camera operator; authoritative operator field still does. | Identical organization names in different jurisdictions do not automatically union; strong same scoped external id still joins; uncertain identity stays a candidate. | 299 metro versus approximate 90+100 city is scope mismatch, while same-scope contradictory captures remain a contradiction; template/subscription/recommendation negative cases pass."
SIG-TRUST-004,55.2,MUST,P32.3,docs/tickets/163_P32.3__roles-counts-and-organization-identity.md,MISSING,"OSM-contributor publisher label creates no evidenced camera operator; authoritative operator field still does. | Identical organization names in different jurisdictions do not automatically union; strong same scoped external id still joins; uncertain identity stays a candidate. | 299 metro versus approximate 90+100 city is scope mismatch, while same-scope contradictory captures remain a contradiction; template/subscription/recommendation negative cases pass."
SIG-TRUST-005,55.2,MUST,P32.4,docs/tickets/164_P32.4__shared-temporal-read-contract.md,MISSING,"A→B→A selects A now, B at the intermediate belief time, and the original A at the earlier time across every consumer. | A later capture/replay/correction cannot change frozen past-belief output; equal timestamps have stable ordering; future-effective law is not effective early. | Fixture and PG parity includes empty history, explicit world intervals and undated fallback; query plan is bounded on representative data. | Two independent sources disagreeing at one time remain concurrent candidates; coordinate pairs cannot mix occurrences across captures. | A→B→A that reuses an earlier result digest still appends one latest-execution completion/result reference; retry is +0 and no reader remains on B. | Annotation/shaping requests no longer scan the full claim spine merely to determine freshness. On a named P31-scale fixture, record the query plan and cold/warm/concurrent latency against an explicit serving budget; a new assertion/correction/completion invalidates exactly the affected cached state without cross-tier or historical-belief leakage. The D-P31.1-1 closure includes measured evidence, not only a cache-presence unit test."
SIG-TRUST-006,55.2,MUST,P32.5,docs/tickets/165_P32.5__publication-dispositions-and-filtering.md,MISSING,"A review-pending org is absent from public labels, search, tiles and edges but remains available to authorized review; allowed identities remain visible. | Disposition at a later belief time leaves earlier permissible history intact, while safety/rights withdrawal yields a truthful tombstone under the approved policy. | No public entry point can bypass the common selector; additive migration verifies least privilege and no historical UPDATE/DELETE path. | Withhold in R2 then attempt rollback to R1: all record/search/tile/archive/compressed-origin paths still deny the affected data under current policy."
SIG-TRUST-007,55.2,MUST,P32.6,docs/tickets/166_P32.6__legacy-evidence-audit-and-recovery-plan.md,MISSING,"Audit denominators reconcile to selected input populations; no exact-replayability score is derived solely from source_id. | Recovery proposes zero writes for ambiguous lineage, preserves unrecoverable status, and restarts without duplicate dispositions. | Plan estimates row/disk/time growth and cites actual resource ceilings; live mutation is reserved for P32.22. | Report semantic support over all sampled eligible claims (unresolved counted as not established), plus conditional adjudicated fidelity and adjudication yield separately; missing/ambiguous evidence cannot inflate fidelity by disappearing."
SIG-TRUST-008,55.8,MUST,P32.22,docs/tickets/183_P32.22__bounded-recovery-and-activation.md,MISSING,"Dry-run and applied scope match; missing bytes never trigger undeclared refetch; checkpoint interruption and restart produce no duplicate repair. | Resource plan fits approved disk/runtime, no person/plate data appear, and every new fact/disposition binds evidence and authority. | Snapshot digest and population frame are frozen for HUMAN-H4; preview remains explicitly provisional. No public pointer or HG-11 decision is changed; final candidate belongs to P32.23a."
SIG-TRUST-009,55.8,MUST,P32.25,docs/tickets/191_P32.25__accepted-release-public-verification.md,MISSING,"Unauthenticated public reads match approved digests across compartments and citations; no partial release is observable. | Withheld records/edges remain suppressed, old citations preserve bytes or truthful tombstones, and receiver unavailability has an honest public state. | If deployment fails, previous release remains/reverts atomically and ticket is not green; no main merge/tag/push occurs."
SIG-MEM-002,55.7,MUST,P32.7,docs/tickets/167_P32.7__memory-events-and-current-projection.md,MISSING,"Duplicate event, missing predecessor, competing transitions, missing evidence and fixture-pass-over-hosted-failure cases fail. | Every owed obligation appears with owner/landing; stale digest is detected and oversized view spills without dropping obligations. | Historical coverage CSV assessments remain identifiable; new implementation requirements are never marked MET from a planning document."
SIG-MEM-003,55.7,MUST,P32.8,docs/tickets/168_P32.8__memory-concurrency-and-recovery.md,MISSING,Two worktree validations do not overwrite each other; report and exit severity agree. | Failure injection at each code/PR/run/index/deferral/ledger boundary resumes to exactly one closeout; stale expected-state fails without partial advancement. | Different implementation identity for an already-closed ticket is rejected unless a new recorded attempt explains it. | Two stale worktrees racing compare against one authoritative chain head; ambiguous remote PR success is reconciled before retry; legacy-only/event-only divergence blocks activation.
SIG-MEM-004,55.7,MUST,P33.8,docs/tickets/200_P33.8__round10-agent-docs-refresh.md,MISSING,Nearest-file guidance has no contradictory architecture promise; agent-docs/build-memory/plan validators pass. | Every landed ticket has run/index evidence; accepted readout exists; incomplete external work remains owned and precisely scheduled.
SIG-EVAL-001,55.4,MUST,P32.9,docs/tickets/169_P32.9__human-evaluation-protocol-and-packets.md,MISSING,"Seeded repeated sampling is identical; no entity/component/republisher lineage crosses train-test split; manifest tampering is detected. | Two reviewers cannot see each other’s first-pass labels or model predictions; insufficient labels persist and cannot auto-accept a pair. | Zero human labels leaves campaign prepared/provisional; P31 operational review remains compatible. | Real PG tests prove role-isolated reads/writes, append-only supersession, denominator persistence and zero access to sealed reference labels from clustering; reversible deployment follows sqitch constraints without deleting history."
SIG-EVAL-002,55.4,MUST,P32.9,docs/tickets/169_P32.9__human-evaluation-protocol-and-packets.md,MISSING,"Seeded repeated sampling is identical; no entity/component/republisher lineage crosses train-test split; manifest tampering is detected. | Two reviewers cannot see each other’s first-pass labels or model predictions; insufficient labels persist and cannot auto-accept a pair. | Zero human labels leaves campaign prepared/provisional; P31 operational review remains compatible. | Real PG tests prove role-isolated reads/writes, append-only supersession, denominator persistence and zero access to sealed reference labels from clustering; reversible deployment follows sqitch constraints without deleting history."
SIG-EVAL-003,55.4,MUST,P32.10,docs/tickets/170_P32.10__resolution-evaluator-and-confidence-gates.md,MISSING,"70/70 agent labels cannot certify a human 0.98 lower-bound gate; correct all-success independent sample calculations and two-tier multiplicity examples are tested. | Correlated/enriched samples cannot select an unjustified iid method; missing labels reduce strict performance or leave evaluation inconclusive, never disappear. | Sealed test reuse, optional-stopping overrides and zero-sample activation fail; deterministic metric vectors and independent numerical cross-checks pass."
SIG-EVAL-004,55.4,MUST,P32.10,docs/tickets/170_P32.10__resolution-evaluator-and-confidence-gates.md,MISSING,"70/70 agent labels cannot certify a human 0.98 lower-bound gate; correct all-success independent sample calculations and two-tier multiplicity examples are tested. | Correlated/enriched samples cannot select an unjustified iid method; missing labels reduce strict performance or leave evaluation inconclusive, never disappear. | Sealed test reuse, optional-stopping overrides and zero-sample activation fail; deterministic metric vectors and independent numerical cross-checks pass."
SIG-EVAL-005,55.4,MUST,P32.23,docs/tickets/187_P32.23__human-evaluation-and-rules-decision.md,MISSING,"Metrics identify tier/frame/time/source mix, fixed denominators, intervals, multiplicity and labelability; no model/holdout tuning leakage. | Failed lower-bound gate demotes or retains provisional/review-only status; small/missing sample cannot silently promote. | A passed limited tier assessment does not certify org identity or all edges; public disclosure changes only in the gated release."
SIG-EVAL-006,55.4,MUST,P32.23,docs/tickets/187_P32.23__human-evaluation-and-rules-decision.md,MISSING,"Metrics identify tier/frame/time/source mix, fixed denominators, intervals, multiplicity and labelability; no model/holdout tuning leakage. | Failed lower-bound gate demotes or retains provisional/review-only status; small/missing sample cannot silently promote. | A passed limited tier assessment does not certify org identity or all edges; public disclosure changes only in the gated release."
SIG-ACQ-001,55.6,MUST,P32.11,docs/tickets/171_P32.11__gap-driven-source-discovery.md,MISSING,A mirror cannot score as independent corroboration; an existing P31 source cannot be onboarded twice. | High usefulness cannot override unknown rights or sensitive-data rejection; municipal publication is not auto-CC0. | Score changes are explainable from versioned inputs; output includes uncertainty and measured-vs-estimated cost.
SIG-ACQ-002,55.6,MUST,P32.11,docs/tickets/171_P32.11__gap-driven-source-discovery.md,MISSING,A mirror cannot score as independent corroboration; an existing P31 source cannot be onboarded twice. | High usefulness cannot override unknown rights or sensitive-data rejection; municipal publication is not auto-CC0. | Score changes are explainable from versioned inputs; output includes uncertainty and measured-vs-estimated cost.
SIG-ACQ-003,55.6,MUST,P32.12,docs/tickets/172_P32.12__dossier-document-adapters.md,MISSING,Tulsa template produces no executed agreement; San Diego subscription produces no local hardware; OKC future-effective provision/exception keeps scope and date. | Same fixture replay is deterministic and no-network; malformed/oversized/encrypted document yields an explicit failure without a partial affirmative claim. | Loader refuses unreviewed source and preserves compartment; existing P31 adapters regressions pass.
SIG-ACQ-004,55.6,MUST,P32.21,docs/tickets/182_P32.21__source-pilot-and-maintenance-decision.md,MISSING,No P31 duplicate onboarding or mirror-as-independent credit; before/after gap ledger reconciles unique contributions. | Failed/403/rights-blocked targets remain visible with reasons and retry budget; no broad blind crawler runs. | Rights-gated live work has actual approval refs or explicit OPEN return-pass rows; fixture success cannot close live outcomes. | Candidate selection enforces all family/document/protocol ceilings and keeps rejected metadata-only SRC-027 outside the acquired batch.
SIG-FIND-001,55.5,MUST,P32.13,docs/tickets/173_P32.13__immutable-releases-and-records.md,MISSING,"Rebuild identical inputs produces identical namespace and final bytes; altering parser/policy/projection inputs changes identity, and different bytes under an existing namespace are rejected. | A cited record beyond the old 500 slice resolves its exact released content offline/no-JS; invalid dates/rulesets do not return an unchanged page labeled historical. | Incomplete artifact/index compartment fails publication staging; prior-release rollback and tombstone behavior have deterministic tests; measured cost report covers full corpus. | Hash dependency graph is acyclic and final integrity digest is never embedded in an artifact it hashes; current withdrawal barrier applies before origin/CDN access."
SIG-FIND-002,55.5,MUST,P32.13,docs/tickets/173_P32.13__immutable-releases-and-records.md,MISSING,"Rebuild identical inputs produces identical namespace and final bytes; altering parser/policy/projection inputs changes identity, and different bytes under an existing namespace are rejected. | A cited record beyond the old 500 slice resolves its exact released content offline/no-JS; invalid dates/rulesets do not return an unchanged page labeled historical. | Incomplete artifact/index compartment fails publication staging; prior-release rollback and tombstone behavior have deterministic tests; measured cost report covers full corpus. | Hash dependency graph is acyclic and final integrity digest is never embedded in an artifact it hashes; current withdrawal barrier applies before origin/CDN access."
SIG-FIND-003,55.5,MUST,P32.14,docs/tickets/174_P32.14__full-corpus-release-search.md,MISSING,"Export/index/route totals reconcile by record type and compartment; every sampled tail record and every exact id is reachable without truncation. | Search response <=50 rows and <=100 KiB compressed; target p95 <=500 ms warm with 2 s hard query limit, measured separately from network transfer and index download. | Cross-compartment/withheld labels cannot leak; page navigation has no duplicates/omissions for a fixed release; empty/unsupported queries are explicit."
SIG-FIND-004,55.5,MUST,P32.15,docs/tickets/175_P32.15__coordinated-investigation-workspace.md,MISSING,Deep link/back/forward/reload restores selected record and release across all three views; unlocated records remain navigable. | Static pages meet zero-script/150-KiB budget on full-sized fixtures; existing island budgets and P31 tile contracts hold; keyboard and WCAG 2.2 AA checks pass. | Graph edge detail distinguishes configured access from observed use and exposes supporting claims; compartment switching updates data and attribution.
SIG-FIND-005,55.5,MUST,P32.15,docs/tickets/175_P32.15__coordinated-investigation-workspace.md,MISSING,Deep link/back/forward/reload restores selected record and release across all three views; unlocated records remain navigable. | Static pages meet zero-script/150-KiB budget on full-sized fixtures; existing island budgets and P31 tile contracts hold; keyboard and WCAG 2.2 AA checks pass. | Graph edge detail distinguishes configured access from observed use and exposes supporting claims; compartment switching updates data and attribution.
SIG-FIND-006,55.5,MUST,P32.16,docs/tickets/176_P32.16__anonymous-correction-intake.md,MISSING,Submit→restart→receipt→authorized moderation survives durably; duplicate retries are idempotent and receipt ids do not enumerate others. | Oversized/spam/script/plate-person payload fixtures cannot enter a public log or claim; rejected fields and moderator redaction have defined safe behavior. | Receiver credential cannot write claims/review decisions; public status exposes no raw text/contact/network identifiers; unstaffed/unapproved receiver cannot be advertised as operational.
SIG-FIND-007,55.5,MUST,P32.24,docs/tickets/189_P32.24__investigation-journey-verification.md,MISSING,"Every eligible selected record is reachable and citable; relationship interpretation and unknown-state tasks have evidence-grounded expected answers. | Durable receipt reaches authorized moderation after restart; an approved synthetic proposal traverses P32.16a to one canonical disposition and a staged public correction, while receiver cannot directly change facts. Static and enhanced views agree. | All material failures receive exact owners/landings and prevent false portfolio PASS; benchmark/readout ties to release digests."
SIG-DOS-001,55.3,MUST,P32.17,docs/tickets/178_P32.17__dossier-schema-and-completion.md,MISSING,Every question appears with a valid state and evidence/search basis; blank fields cannot inflate completeness or imply absence. | Unsupported affirmative claim or misclassified instrument fails dossier release validation; honest researched unknowns pass with specific follow-up. | Print/no-JS output preserves qualifiers and citations; same-scope conflicting evidence remains visible. | Fixed twelve-question rubric yields >=28/36 with questions 1/5/7/8 >=2 for pilot completeness; lower results stay incomplete and cannot satisfy the portfolio gate.
SIG-DOS-002,55.3,MUST,P32.17,docs/tickets/178_P32.17__dossier-schema-and-completion.md,MISSING,Every question appears with a valid state and evidence/search basis; blank fields cannot inflate completeness or imply absence. | Unsupported affirmative claim or misclassified instrument fails dossier release validation; honest researched unknowns pass with specific follow-up. | Print/no-JS output preserves qualifiers and citations; same-scope conflicting evidence remains visible. | Fixed twelve-question rubric yields >=28/36 with questions 1/5/7/8 >=2 for pilot completeness; lower results stay incomplete and cannot satisfy the portfolio gate.
SIG-DOS-003,55.3,MUST,P32.18,docs/tickets/179_P32.18__oklahoma-city-evidence-dossier.md,MISSING,Independent reviewer can trace every affirmative/derived answer to qualified source spans or sees an unresolved limitation. | 299 versus 190 is not rendered a genuine count contradiction; 90 owned is not automatically 90 active; journalism is not executed-contract evidence. | Future-effective UVED language is not generalized to unrelated Flock use; no legal conclusion is inferred from the page alone.
SIG-DOS-004,55.3,MUST,P32.19,docs/tickets/180_P32.19__tulsa-evidence-dossier.md,MISSING,"Unsigned/template document creates no executed contract or actual sharing edge; policy effective and retrieval dates remain separate. | Unsupported counts/spend/partner/use are unknown with search evidence and precise next action, not zero or inferred affirmative. | No request is sent; review and publication packets preserve all gate-pending facts."
SIG-DOS-005,55.3,MUST,P32.20,docs/tickets/181_P32.20__san-diego-evidence-dossier.md,MISSING,Subscription-only program yields no local SDPD hardware assertion; prime contractor and component vendor remain distinguishable. | Oversight recommendation remains proposed unless enactment evidence exists; unverifiable signature is never called executed. | Metadata-only preflight cannot fetch raw workbook/plate/person/per-search content; safe annual aggregates can support the dossier. Independent question-level review documents exact acquisition scope.
SIG-TRUST-010,55.8,MUST,P32.23a,docs/tickets/188_P32.23a__post-evaluation-release-candidate.md,MISSING,No artifact still cites pre-evaluation preview identities; cross-artifact manifests agree and +0 rematerialization is proven. | Failed/inconclusive evaluation produces safe provisional/review-only disclosures and cannot reuse a previously optimistic resolved count. | Changed input affecting the sample population or semantics stops for reassessment rather than silently carrying old eligibility; publication pointer remains unchanged.
SIG-FIND-008,55.5,MUST,P32.16a,docs/tickets/177_P32.16a__reviewed-correction-application.md,MISSING,"Approve→apply→restart→retry yields one canonical disposition and one stable applied receipt; failed/uncertain transaction reconciles by operation id. | Unauthorized, stale-record, changed-evidence and unsafe-payload proposals fail without graph mutation; moderator denial does not silently change facts. | A published correction points to old/new assertion and release identities or safe tombstones; received/reviewed/applied/unpublished states are visibly distinct."
SIG-EVAL-007,55.4,MUST,P32.22a,docs/tickets/185_P32.22a__candidate-and-confirmatory-frame-freeze.md,MISSING,A changed candidate adding new positives cannot reuse an earlier candidate-specific sample; test rejects stale frame and requires a fresh preregistration/draw. | Candidate rules and frame/population digests precede sample draw and all final labels; development examples cannot cross into final holdout. | Fixed sample plan matches chosen finite-population/independent/grouped design; no unaffordable/unavailable human budget is assumed approved.
