register_commit,file,classification,restored_block_path,anchor,sha256
c180c748,docs/tickets/DEFERRALS.md,loss,docs/tickets/DEFERRALS.md,RCH-01|c180c748^ L39-41|## Restored cell history (append-only; B2; P34.27)|p34.27__deferrals__c180c748__L39-41.txt,0de273a76d1aa39b23304b2c604d8d4b49bea3c5fad3b9dd89c3bb910f92ef88
3259ca81,docs/build/readouts/GATE-G1.md,loss,docs/build/readouts/GATE-G1.md,R-READ-01|3259ca81^ L17-17|## Readout history (restored from 3259ca81^)|p34.27__gate-g1__3259ca81__L17.txt,6446659fbfcf1443ef17d2b30e2cb4616aa00e74e12ba7607dafd5531eff8439
c37daa71,docs/tickets/DEFERRALS.md,loss,docs/tickets/DEFERRALS.md,RCH-02|c37daa71^ L43-44|## Restored cell history (append-only; B2; P34.27)|p34.27__deferrals__c37daa71__L43-44.txt,07579d83158555849462c242076fa01b9b69ff98c1d798365c340f6390a17870
761bbb30,docs/tickets/DEFERRALS.md,loss,docs/tickets/DEFERRALS.md,RCH-03|761bbb30^ L45-46|## Restored cell history (append-only; B2; P34.27)|p34.27__deferrals__761bbb30__L45-46.txt,201527357f15b68e814706c598a00aa7e6499c6c0211a2e26895d9c9da6f8c7f
dc8688ba,docs/tickets/DEFERRALS.md,loss,docs/tickets/DEFERRALS.md,RCH-04|dc8688ba^ L74-74|## Restored cell history (append-only; B2; P34.27)|p34.27__deferrals__dc8688ba__L74.txt,8acbd4adbaba0cb3eff30b44bca492e13941b9261865774aefa4942c945ab851
b87c279c,docs/tickets/P25.4__live-data-driven-and-international.md,loss,docs/tickets/P25.4__live-data-driven-and-international.md,AM-P25.4a|b87c279c^ L18-21|> Amended 2026-10-04 (appended; B2 §5.3)|p34.27__p25.4--live-data-driven-and-international__b87c279c__L18-21.txt,7ec4e6555e55ae4d617601d26f370e90261818ac3d2d647846897400557e35a2
b87c279c,docs/tickets/P25.4__live-data-driven-and-international.md,loss,docs/tickets/P25.4__live-data-driven-and-international.md,AM-P25.4b|b87c279c^ L11-12|> Amended 2026-10-04 (appended; B2 §5.3)|p34.27__p25.4--live-data-driven-and-international__b87c279c__L11-12.txt,015f41e909790fe7cb7297b3de87b2407ea230479aed0db3392f01d31cd65dc7
b87c279c,docs/tickets/P25.5__live-pathways-france-belgium-ccops.md,loss,docs/tickets/P25.5__live-pathways-france-belgium-ccops.md,AM-P25.5a|b87c279c^ L26-26|> Amended 2026-10-04 (appended; B2 §5.3)|p34.27__p25.5--live-pathways-france-belgium-ccops__b87c279c__L26.txt,bd2dee45b606f0e21abc09419280ce1376055cc177625b6edf37df4cbd7f190e
b87c279c,docs/tickets/P25.5__live-pathways-france-belgium-ccops.md,loss,docs/tickets/P25.5__live-pathways-france-belgium-ccops.md,AM-P25.5b|b87c279c^ L18-20|> Amended 2026-10-04 (appended; B2 §5.3)|p34.27__p25.5--live-pathways-france-belgium-ccops__b87c279c__L18-20.txt,613d0b9ba8a8716ec2949ea4348ba18be353cce44a3e52e293e9eedeb2377c3d
b87c279c,docs/tickets/P25.5__live-pathways-france-belgium-ccops.md,loss,docs/tickets/P25.5__live-pathways-france-belgium-ccops.md,AM-P25.5c|b87c279c^ L11-12|> Amended 2026-10-04 (appended; B2 §5.3)|p34.27__p25.5--live-pathways-france-belgium-ccops__b87c279c__L11-12.txt,a7c82e232e5416a86d194882242e7d5d45da2a6991906cbf9895c8d7f12d5a18
b542f236,docs/tickets/DEFERRALS.md,loss,docs/tickets/DEFERRALS.md,RCH-05|b542f236^ L71-71|## Restored cell history (append-only; B2; P34.27)|p34.27__deferrals__b542f236__L71.txt,8073a8061e0b20bfdb64ca3812486a3d38000f610a17e44e809e66bda84fa9a0
b542f236,docs/tickets/DEFERRALS.md,loss,docs/tickets/DEFERRALS.md,RCH-06|b542f236^ L103-103|## Restored cell history (append-only; B2; P34.27)|p34.27__deferrals__b542f236__L103.txt,070d17d924a178e5b2c6db91e3a7a00f2d5983ab9da62ce40a6a166ac18a4f3d
b542f236,docs/tickets/DEFERRALS.md,loss,docs/tickets/DEFERRALS.md,RCH-07|b542f236^ L118-118|## Restored cell history (append-only; B2; P34.27)|p34.27__deferrals__b542f236__L118.txt,76626265407c1bc1792ad66c07008d13d565c8fe09cd0ddfdfad6f63bd3b8c87
b542f236,docs/tickets/DEFERRALS.md,loss,docs/tickets/DEFERRALS.md,"RCH-08|b542f236^ L36-36,L40-42,L44-44|## Restored cell history (append-only; B2; P34.27)|p34.27__deferrals__b542f236__L36-L40-42-L44.txt",da489910353ae155fbab0921a085a2bda52efb9e488a4f176aa5dd8c1c32dfb6
7671b511,docs/build/runs/P26.16.md,loss,docs/build/runs/P26.16.md,SUP-P26.16a|7671b511^ L186-189|## Superseded record (restored from 7671b511^)|p34.27__p26.16__7671b511__L186-189.txt,f02b5ff379d711c59de64ac0a725bc9c30cd56a53ef54ee4078d5b9db6fa0b54
7671b511,docs/build/runs/P26.16.md,loss,docs/build/runs/P26.16.md,SUP-P26.16b|7671b511^ L180-180|## Superseded record (restored from 7671b511^)|p34.27__p26.16__7671b511__L180.txt,fbfa2172a661af70fbe1466606f471ddfb39be80268fa1b3d39b0785f9168edf
7671b511,docs/build/runs/P26.16.md,loss,docs/build/runs/P26.16.md,SUP-P26.16c|7671b511^ L140-161|## Superseded record (restored from 7671b511^)|p34.27__p26.16__7671b511__L140-161.txt,5b554021cb03223348d855dd810a2fcbd57210f02c8bdac627bcd9dfa509f7ed
f52bc7ac,docs/build/BUILD_INDEX.md,loss,docs/build/BUILD_INDEX.md,BI-01|f52bc7ac^ L185-185|## Row corrections (append-only; B2; P34.27)|p34.27__build-index__f52bc7ac__L185.txt,854792b8f64af30e5b821984bfd3764eb3f91dbeb540ca2ac2f8690fc9e0f39a
f52bc7ac,docs/build/LEDGER.md,loss,docs/build/LEDGER.md,PL-01|f52bc7ac^ L273-273|## PHASE LOG — P34.27 correction entries|p34.27__ledger__f52bc7ac__L273.txt,beff0d22fc78f195f999c28d95af90f5c652d8de91e229c79a70f55fc5cafb49
f52bc7ac,docs/tickets/DEFERRALS.md,loss,docs/tickets/DEFERRALS.md,RCH-09|f52bc7ac^ L210-210|## Restored cell history (append-only; B2; P34.27)|p34.27__deferrals__f52bc7ac__L210.txt,26d422a9d61709d9cfedd5ed0f18df849ea07f28d6a152aff4a2102d58be7ae2
99a7794b,docs/build/BUILD_INDEX.md,loss,docs/build/BUILD_INDEX.md,BI-02|99a7794b^ L185-185|## Row corrections (append-only; B2; P34.27)|p34.27__build-index__99a7794b__L185.txt,dbeceff473048965387dc299a7721fe60897234228f56bc206abb73ce0a99dc3
99a7794b,docs/build/LEDGER.md,loss,docs/build/LEDGER.md,PL-02|99a7794b^ L273-273|## PHASE LOG — P34.27 correction entries|p34.27__ledger__99a7794b__L273.txt,5ce37484495168424936287ac4cbb93bcae32d10356b411e60feeabd4e2352fb
99a7794b,docs/tickets/DEFERRALS.md,loss,docs/tickets/DEFERRALS.md,RCH-10|99a7794b^ L210-210|## Restored cell history (append-only; B2; P34.27)|p34.27__deferrals__99a7794b__L210.txt,2c352b25cd6f4c1a0c954ae78e2f305983c1b0e047f2e29941ea18c6ea3c1cdf
cba41b2b,docs/build/BUILD_INDEX.md,loss,docs/build/BUILD_INDEX.md,BI-03|cba41b2b^ L185-185|## Row corrections (append-only; B2; P34.27)|p34.27__build-index__cba41b2b__L185.txt,f8c87b4252c2da3c558a30de11ac5713353b2982613b5cf837e182f894ece3e2
cba41b2b,docs/build/LEDGER.md,loss,docs/build/LEDGER.md,PL-03|cba41b2b^ L273-273|## PHASE LOG — P34.27 correction entries|p34.27__ledger__cba41b2b__L273.txt,b6abecfe4c08d75f5b00c8f3219b42e6311b7c6e43e4752e1654c5105d5b7749
cba41b2b,docs/tickets/DEFERRALS.md,loss,docs/tickets/DEFERRALS.md,RCH-11|cba41b2b^ L210-210|## Restored cell history (append-only; B2; P34.27)|p34.27__deferrals__cba41b2b__L210.txt,30cea3634e361ae06ec5415afce0a3ed82695901c4c191de9c832f66d7e4d33d
99517730,docs/build/LEDGER.md,loss,docs/build/LEDGER.md,PL-04|99517730^ L273-273|## PHASE LOG — P34.27 correction entries|p34.27__ledger__99517730__L273.txt,d24be6fdfcfd626a9af592145468d98a1da80de00f6e6c7d48b9977160845cae
99517730,docs/tickets/DEFERRALS.md,loss,docs/tickets/DEFERRALS.md,RCH-12|99517730^ L210-210|## Restored cell history (append-only; B2; P34.27)|p34.27__deferrals__99517730__L210.txt,e4026bbbc25a57853124b0de6746b22f8f15707297e493f99583de2689b253d4
b4bd0068,docs/tickets/P29.3__targeted-source-breadth.md,loss,docs/tickets/P29.3__targeted-source-breadth.md,AM-P29.3|b4bd0068^ L36-38|> Amended 2026-10-04 (appended; B2 §5.3)|p34.27__p29.3--targeted-source-breadth__b4bd0068__L36-38.txt,76923b1ddeefb89247053b344c06fae339643f711e1fbff23e6671d35d54b163
0a715fcc,docs/build/readouts/ACCEPT-R8.md,loss,docs/build/readouts/ACCEPT-R8.md,R-READ-02|0a715fcc^ L45-46|## Readout history (restored from 0a715fcc^)|p34.27__accept-r8__0a715fcc__L45-46.txt,fb23520d13408e5e7435dc25a7e1aefb4dcfab4ebedbd59aa02c24d31e69d27b
0a715fcc,docs/build/readouts/ACCEPT-R8.md,loss,docs/build/readouts/ACCEPT-R8.md,"R-READ-03|0a715fcc^ L1-1,L3-4|## Readout history (restored from 0a715fcc^)|p34.27__accept-r8__0a715fcc__L1-L3-4.txt",7b9b33eafbc2ab8b1a5be9ddb5c18060de62c731cf682c7608f216fa4dad2fe6
4e0dd070,docs/tickets/DEFERRALS.md,transition-unjustified,docs/tickets/DEFERRALS.md,"TC-01|4e0dd070^ L388-388,L390-390|### Transition corrections (B2 §5.2; P34.27)|p34.27__deferrals__4e0dd070__L388-L390.txt",85fd16cd597ebcc64aa4d6c65cb74302278a21a8fe51151e0345a83f210ad153
4e0dd070,docs/tickets/DEFERRALS.md,loss,docs/tickets/DEFERRALS.md,"RCH-13|4e0dd070^ L446-446,L448-448|### P30.4 sweep — Restored as-of rows|p34.27__deferrals__4e0dd070__L446-L448.txt",5f4b720eaace531c5cbff2289ad97f924f816e9e25600eb3a6c34a9b5d5fd46d
be7bab69,docs/tickets/DEFERRALS.md,transition-unjustified,docs/tickets/DEFERRALS.md,TC-02|be7bab69^ L305-305|### Transition corrections (B2 §5.2; P34.27)|p34.27__deferrals__be7bab69__L305.txt,a5531ebc66474d10fb6df8285bf8e264a81e8c5dc70f206273f0ebe707067bdf
be7bab69,docs/tickets/DEFERRALS.md,loss,docs/tickets/DEFERRALS.md,RCH-14|be7bab69^ L435-435|### P30.4 sweep — Restored as-of rows|p34.27__deferrals__be7bab69__L435.txt,3dfba540462d0f9a0530199b85fb964dd678dd4274f898981ab1c6b8b5715c46
3fd71041,docs/build/runs/P31.16.md,loss,docs/build/runs/P31.16.md,"SUP-P31.16a|3fd71041^ L180-181,L183-186|## Superseded record (restored from 3fd71041^)|p34.27__p31.16__3fd71041__L180-181-L183-186.txt",766997fc05f9372a9e229e24571e1e67cb84bf49614d75bcb3cf7ae3205ccf7c
3fd71041,docs/build/runs/P31.16.md,loss,docs/build/runs/P31.16.md,SUP-P31.16b|3fd71041^ L1-1|## Superseded record (restored from 3fd71041^)|p34.27__p31.16__3fd71041__L1.txt,6cb79e8c3c394f105e4c3e7e2410aebe1efb8e463ab2d87cb3f26f051e5d999b
6bade66e,docs/tickets/DEFERRALS.md,transition-unjustified,docs/tickets/DEFERRALS.md,"TC-03|6bade66e^ L465-465,L467-467|### Transition corrections (B2 §5.2; P34.27)|p34.27__deferrals__6bade66e__L465-L467.txt",c2ab01c0c6bcf3a878339207a0f4399f1dff4eb4feee8161cefc646e367245ff
6bade66e,docs/tickets/DEFERRALS.md,transition-unjustified,docs/tickets/DEFERRALS.md,TC-04|6bade66e^ L509-509|### Transition corrections (B2 §5.2; P34.27)|p34.27__deferrals__6bade66e__L509.txt,06ffcab5dfd40b8e8811da1b85dde2089ce3d427856e6dbd092d7e022ba1301d
b132bbbb,docs/build/reports/obligations/events.jsonl,loss,docs/build/reports/obligations/events.jsonl,EV-01|b132bbbb^ all-removed|appended obligation-event correction records|p34.27__events__b132bbbb__all.txt,352b33edc1930502372a92c82ed0d2e22770ba156594de836ecf3fca414522ff
30d401dc,docs/build/reports/obligations/events.jsonl,loss,docs/build/reports/obligations/events.jsonl,EV-02|30d401dc^ all-removed|appended obligation-event correction records|p34.27__events__30d401dc__all.txt,cbbfede59eccf2b29fe9919a23a9b68e15b22b802e19ee2342771125af19c955
95c8a73f,docs/build/readouts/GATE-G3.md,loss,docs/build/readouts/GATE-G3.md,"R-READ-04|95c8a73f^ L1-1,L3-3,L8-10,L12-12,L14-14|## Readout history (restored from 95c8a73f^)|p34.27__gate-g3__95c8a73f__L1-L3-L8-10-L12-L14.txt",ed73c16b2509eb0f270c71d6846c900cc545b9c79e358952847e3cd52fcc0cb2
7a2ff9fa,docs/build/reports/obligations/events.jsonl,loss,docs/build/reports/obligations/events.jsonl,EV-03|7a2ff9fa^ all-removed|appended obligation-event correction records|p34.27__events__7a2ff9fa__all.txt,df9b2a78354e9a68813a26bbda9701192a2d65cced168efa57a01a4fc0f995d6
4127dbf3,docs/build/readouts/ACCEPT-R10.md,loss,docs/build/readouts/ACCEPT-R10.md,"R-READ-05|4127dbf3^ L1-1,L3-3,L8-8,L10-10,L12-12|## Readout history (restored from 4127dbf3^)|p34.27__accept-r10__4127dbf3__L1-L3-L8-L10-L12.txt",d71efa95fc16af3946dd989e3e1bb0a1cd1a4780a67bbf3f0a78f31b5a9f294a
c2055d96,docs/build/LEDGER.md,loss,docs/build/LEDGER.md,"SEED-06-GD-01|c2055d96^ L114-166|## GATE DECISIONS — RESTORED block (SEED-06, P34.7 wave)|git-kept",baec891da75e0e082d37cc69639fdf6e4910133dde1ebd9f32c9e04eef182bd8
e2175c93,docs/build/LEDGER.md,loss,docs/build/LEDGER.md,"SEED-06-GD-02|e2175c93^ (merge carrying the same deletion)|## GATE DECISIONS — RESTORED block (SEED-06, P34.7 wave)|git-kept",baec891da75e0e082d37cc69639fdf6e4910133dde1ebd9f32c9e04eef182bd8
