rank,candidate_id,family,jurisdiction,primary_url,secondary_url,novelty,existing_registry_or_plan,accessed_on,review_status,reviewed_scope,claims_supported,not_supported,lineage_notes,rights_access_unknowns,effort,priority,dependencies
1,SRC-001,OKC Flock council amendment policy packet,Oklahoma City OK,https://www.okc.gov/Services/Public-Safety/Police/Flock-Safety-license-plate-reader-LPR-usage-in-Oklahoma-City,https://www.okc.gov/files/assets/city/v/1/police/documents/flock/flock-amendment-august-2026.pdf,existing_target_deepening,Existing OKC documents and generic purchasing target; no new connector family implied,2026-09-25,opened_text_and_intermittent_403,HTML plus two-page council memo and amendment text; signatures not visually verified,Owned versus partner scope; announced retention change; named contract and actor-specific clauses,Named partner edges; execution from incomplete signature text; future change already operating,Memo amendment manual and FAQ have distinct roles but common City provenance,Exact target approval and artifact rights must be reviewed; amendment later returned 403,M,P0 dossier,S1 semantic temporal traces; S2-A; scoped existing decisions
2,SRC-002,Tulsa Flock policies integration and executed contract search,Tulsa OK,https://www.tulsapolice.org/flock-safety,https://www.tulsapolice.org/policies-and-procedures,net_new_specific_documentary_target,Tulsa Granicus tenant discovery exists; no specific Tulsa source row found,2026-09-25,opened_text,HTML; three-page blank MOU; policies 113C and 113E three pages each,Fixed Flock versus Axon Fleet; registration versus live integration; policy terms,Actual business participants from blank template; executed City contract; current numeric retention,TPD HTML and MOU same publisher; policy versions separate; agenda copies link to origin,Municipal/vendor rights and current versions unreviewed; executed procurement not found in bounded search,M,P0 dossier,S1; S2-A; rights review; bounded contract discovery
3,SRC-003,San Diego technology inventory and annual reports,San Diego CA,https://www.sandiego.gov/police/data-transparency/technology,https://www.sandiego.gov/sites/default/files/2026-02/sdpd-annual-surveillance-report-2025.pdf,net_new_specific_documentary_target,No specific City surveillance-report source row found; county/port agenda tenants are different,2026-09-25,opened_selected_text,HTML indexes and 2025 PDF selected Vigilant ALPR UAS sections; not all 132 pages,Agency-described technologies; reporting-period activity; subscription-only database access,Independent causal efficacy; current counts at arbitrary date; local sensors for database access,Year/revision lineage; report excerpts are not independent sources,Municipal and embedded third-party rights; linked latest use policy returned 403,M,P0 dossier,S1; S2-A; scoped rights; PDF trace support
4,SRC-004,San Diego Sunshine Act goods/services contracts,San Diego CA,https://www.sandiego.gov/purchasing/bids-contracts/contracts2024,https://www.sandiego.gov/sites/default/files/cosd-public-safety-agreement-ubicquia.pdf,net_new_specific_documentary_target,No matching San Diego procurement source row found; reuse generic procurement machinery,2026-09-25,opened_selected_text,FY2024 HTML table; selected main agreement signature page and initial scope of 85-page Ubicquia PDF,Buyer prime supplier subcontractor product chain; amount type and precedence; contract candidates,Fully verified execution; ceiling as spending; every security purchase in scope,Index contract agenda copies and vendor attachments require linked origin/version IDs,City bytes and vendor exhibits need separate rights review; signatures not visually verified,M,P0 dossier,S1 procurement semantics; S2-A; rights and signature review
5,SRC-005,San Diego Privacy Advisory Board recommendations,San Diego CA,https://www.sandiego.gov/pab/reports,https://www.sandiego.gov/sites/default/files/2026-05/pab-final-recommendation-alpr-2025-asr-00235352xbde34.pdf,net_new_oversight_target,Distinct from SDPD reports; no specific PAB source row found,2026-09-25,index_opened_pdf_search_only_fetch_failed,Reports index; recommendation search excerpt; PDF direct open exceeded tool size limit,Recommendation existence and targeted review discovery,Council adoption; operational ban; full recommendation contents as reviewed,Board report response and Council action are separate genres under municipal provenance,Full artifact not read; acquisition path and municipal/attachment rights need review,M,P0 dossier,S1 actor/genre; S2-A; approved complete retrieval
6,SRC-006,Oklahoma OMES statewide contracts and solicitations,Oklahoma US,https://oklahoma.gov/omes/divisions/central-purchasing/agency-resources/statewide-contracts.html,https://oklahoma.gov/omes/services/purchasing/solicitations/0900000569.html,net_new_specific_publisher,No OMES source row found; existing procurement adapters may be reusable,2026-09-25,index_opened_other_search_only,Official contract-search index; security solicitation and SW1048O search excerpts,State contract identifiers vendors procurement channel and documentary leads,Local orders or deployed quantities from master availability,Concourse search index and contract attachments share origin; distinguish versions,Portal access terms and state/vendor document rights unreviewed,M,P1 local,S5-B; select named local gap; portal feasibility
7,SRC-007,Oklahoma DAC UVED program and authority chain,Oklahoma US,https://oklahoma.gov/dac/about/staff/about-the-uved-program.html,https://www.oscn.net/applications/oscn/DeliverDocument.asp?CiteID=478582,new_program_target_existing_legal_overlap,Existing OKC statute target; separate program and applicability review needed,2026-09-25,opened_text,DAC page and OSCN page; displayed statutory version effective 2027-01-01,Program administrator stated purpose and legal-version discovery,Universal OKCPD applicability; deployment everywhere; plate or insurance records,Statute versions distinct; DAC description is not independent legal adjudication,Historical version and program procurement not yet reviewed; no personal records,M,P0 dossier,S1 valid time/applicability; S2-A; correct statute version
8,SRC-008,Safe Oklahoma Grant program awards and reports discovery,Oklahoma US,https://www.oklahoma.gov/oag/resources/grants/safe-oklahoma-grant.html,,net_new_specific_publisher,No Safe Oklahoma source row found; potential overlap with federal/state award records,2026-09-25,opened_text,Program page FY2026 funding and grant-system links,Funding program and eligible technology categories; award-document leads,Specific recipient or equipment purchase without award/order; grant portal publicly accessible,Program notice award recipient report and procurement are separate chain elements,OGX report availability and state rights unknown; no login bypass,M,P1 local,S5-B; named local procurement gap; award discovery
9,SRC-009,Oklahoma JAG-LLE local equipment funding,Oklahoma US,https://oklahoma.gov/dac/grants/grants-available/jag-lle.html,,net_new_local_subaward_target,USAspending exists; state/local allocation and procurement would deepen it,2026-09-25,opened_text,Official eligibility and equipment guidance page,Funding program eligibility and route to local authorities,Actual award or camera purchase from eligibility alone,Crosswalk federal award state pass-through and local order IDs; avoid grant double counting,Public award/report availability and state rights unreviewed,M,P1 local,S5-B; USAspending identity linkage; named award
10,SRC-010,Sourcewell public safety cooperative contracts,US Canada participating agencies,https://www.sourcewell-mn.gov/cooperative-purchasing/101223-AXN,https://files.sourcewell.org/public/Shared%20Documents/Solicitations/10765/00005124/Contract%20Documents/Axon%20Contract%20101223.pdf,existing_reference_promotion_candidate,Sourcewell reference-only row already exists; not net-new,2026-09-25,opened_selected_text,Axon index and initial contract sections of 112-page PDF; not full signature verification,Master identifier term product categories participation and ordering framework,Any local purchase or expenditure without local order; all eligible agencies as customers,Many council packets mirror master; group one origin contract and preserve local addenda,Sourcewell state/local status and vendor exhibits require rights review; not federal public domain assumption,M,P1 bounded pilot,S5-B; Contract parent_cooperative_contract; local order evidence
11,SRC-011,California State Auditor ALPR audit survey and follow-up,California US,https://information.auditor.ca.gov/reports/2019-118/index.html,https://information.auditor.ca.gov/reports/2019-118/surveys.html,net_new_independent_oversight,No California Auditor specific row found,2026-09-25,primary_search_excerpts,2020 audit and 2019 agency survey index/table plus recommendations page search excerpts,Historical audit findings and sampled agency disclosures; follow-up discovery,Current statewide deployment census; survey responses independently verified,Survey derives from respondent agencies; audit findings add separate analytical role,Open access verified via search only; full selected report and state rights review pending,L-M,P1 bounded pilot,S5-B; temporal and authorship mapping; S3 review
12,SRC-012,Seattle OIG annual surveillance usage reviews,Seattle WA,https://seattle.gov/inspector-general/reports,,new_oversight_publisher_existing_city,Existing ccops_seattle Legistar camera sources; OIG reports distinct,2026-09-25,primary_search_excerpts,Reports index names dated ALPR parking/patrol and Callyo reviews,Annual independent review and agency response lineage,Latest operational facts from prior-year review alone,Report period publication date and response each tracked; common city provenance visible,Selected report bytes and terms not reviewed; no automatic municipal CC0,L-M,P1 alternative,S5-B; P31 completion inventory; S3 independent review
13,SRC-013,San Jose privacy decisions and algorithm register,San Jose CA,https://www.sanjoseca.gov/your-government/departments-offices/information-technology/digital-privacy/ai-reviews-algorithm-register,https://www.sanjoseca.gov/your-government/departments-offices/information-technology/digital-privacy/past-privacy-decisions,new_documentary_target_existing_city,Existing San Jose Legistar tenant; no specific algorithm/privacy source row found,2026-09-25,primary_search_excerpts,Official register privacy decisions and parking ALPR page excerpts,Named system assessments approval context and purpose distinctions,Every municipal AI tool as surveillance; approval as actual operation,Register and decision attachments may repeat one assessment; retain technology-specific lineage,City/vendor rights and current record links need selected-document review,M,P2,S5-B; SIG scope filter; privacy decision mapping
14,SRC-014,Norman police ALPR policy and amendment discovery,Norman OK,https://www.normanok.gov/sites/default/files/documents/2024-02/release_20240131_t162605_norman_police_department_policy_manual.pdf,,new_specific_policy_target,Norman agenda tenant and generic PowerDMS capability exist; no specific policy source row found,2026-09-25,primary_search_excerpts,2024 manual ALPR section 427; Lexipol notice in search text,Historical policy and local document lead,Current enforceable version; permission to redistribute full Lexipol manual,Local policy adoption versus licensed boilerplate; copies do not independently corroborate,Explicit third-party Lexipol rights; latest version unverified,M,P2 local alternative,S5-B; current-version discovery; literal/derivative rights separation
15,SRC-015,NYC DOI OIG-NYPD surveillance oversight,New York NY,https://www.nyc.gov/site/doi/oignypd/web/report.page,,new_oversight_publisher_existing_city,ccops_nyc_post and NYC procurement/camera sources exist; DOI separate,2026-09-25,primary_search_excerpts,Official index including 2024 POST assessment and 2025 NYPD response,Oversight findings recommendations agency responses,Recommendation as enacted rule; agency response as independent confirmation,OIG report and NYPD reply linked but distinct authorship,Selected report bytes state/local and embedded third-party rights unreviewed,L-M,P2,S5-B; P31 dedup inventory; role/response model
16,SRC-016,NYC Comptroller surveillance procurement and audits,New York NY,https://comptroller.nyc.gov/reports/review-of-the-new-york-city-police-departments-body-worn-camera-program/,https://comptroller.nyc.gov/newsroom/comptroller-lander-declines-to-register-shotspotter-contract-renewal/,new_oversight_publisher_existing_city,NYC POST/procurement exist; Comptroller distinct,2026-09-25,primary_search_excerpts,2025 BWC review and 2025 contract-registration action summaries,Independent review and precise procurement status,Registration refusal automatically terminates deployment or all contracts,Audit findings response and registration decision separate from City procurement copy,Full reports and municipal/third-party rights pending,M,P2,S5-B; contract lifecycle model; S3
17,SRC-017,Chicago OIG ShotSpotter evaluation and follow-up,Chicago IL,https://igchicago.org/2021/08/24/oig-finds-that-shotspotter-alerts-rarely-lead-to-evidence-of-a-gun-related-crime-and-that-presence-of-the-technology-changes-police-behavior/,,new_oversight_publisher_existing_city,Chicago Legistar procurement/camera sources exist; OIG distinct,2026-09-25,primary_search_excerpts,Official 2021 evaluation summary,Historical oversight methodology/findings discovery,Current operational status; causal efficacy conclusion beyond study design,Summary derives from report; findings and police response separate,Historical full report and rights pending; no incident-level logs,L-M,P2,S5-B; valid-time and study-claim attribution
18,SRC-018,BART surveillance reports policies and public decisions,San Francisco Bay Area CA,https://www.bart.gov/about/reports/surveillance,https://www.bart.gov/news/articles/2026/news20260904,net_new_transit_documentary_target,No actual BART source row found; unrelated substring matches excluded,2026-09-25,primary_search_excerpts,Official index with annual reports and September 2026 meeting notice,Transit agency technology governance and report lineage,Posted proposed impact report as approved system; meeting notice as vote outcome,Annual report policy impact assessment and Board action distinct,Full documents and agency/vendor rights pending,M,P2,S5-B; organization geography and proposal status
19,SRC-019,Berkeley surveillance annual reports policies MOUs,Berkeley CA,https://berkeleyca.gov/safety-health/police/policy-training-materials,,existing_unpermitted_target_deepening,ccops_berkeley already reference/unpermitted; do not create duplicate source,2026-09-25,primary_search_excerpts,Official policy index with 2025 report update and 2026 MOU collection,Governance versioning MOU discovery and cross-agency roles,Executed participation from generic MOU; current deployment from policy list,Report update and compendium components need individual lineage,Existing gate closed; Lexipol/third-party content possible; exact documents unreviewed,M,P2 alternative,S5-B existing source review; S2 replacement criteria
20,SRC-020,Boston annual surveillance report and supplements,Boston MA,https://www.boston.gov/sites/default/files/file/2025/07/2024%20City%20of%20Boston%20Annual%20Surveillance%20Report.pdf,,existing_unpermitted_target_deepening,ccops_boston exists reference/unpermitted,2026-09-25,primary_search_excerpts,Report table of contents and section leads; not full report,Bounded technology/policy annual-report discovery,Current operational completeness or full report review,Report and later supplement versions distinct; common institutional origin,Existing gate closed; municipal/attachment rights and selected pages pending,L-M,P2 alternative,S5-B existing source review; selected section capture
21,SRC-021,Santa Clara County surveillance impact and oversight,Santa Clara County CA,https://privacy.santaclaracounty.gov/balancing-privacy-impacts-effective-oversight,,net_new_specific_county_publisher,No matching Santa Clara surveillance/oversight row found,2026-09-25,primary_search_excerpts,Official privacy oversight index and annual review references,Ordinance-driven assessment and review chain,Assessment approval as purchase or actual use,Privacy office law enforcement oversight and agency reports retain roles,Individual reports access and state/local rights pending,M,P2,S5-B; scoped legal applicability and report dates
22,SRC-022,DOJ COPS technology/equipment award documents,US with local recipient focus,https://cops.usdoj.gov/node/449,https://cops.usdoj.gov/tep,net_new_award_detail_target_with_overlap,USAspending exists; COPS award/program detail is complementary,2026-09-25,primary_search_excerpts,Official year-labelled document landing and program page,Award discovery recipient purpose and award-ID linkage where documents establish it,Funding opportunity as award; award as deployed equipment,Federal award entries and local grant acceptance/order may duplicate same transaction,Federal authorship and contractor attachments assessed per artifact; selected awards unread,M,P2 funding pilot alternative,S5-B; USAspending crosswalk; recipient resolution
23,SRC-023,DHS privacy impact assessments commercial LPR,US federal and local sharing context,https://www.dhs.gov/sites/default/files/publications/privacy-pia30b-ice-acquisitionanduseoflprdatafromacommercialservice-june2021_0.pdf,,new_documentary_family_existing_department,DHS OIG/fusion assessments already P31.12/13; PIA is distinct do not duplicate them,2026-09-25,primary_search_excerpts,June 2021 PIA title and purpose excerpt; full PDF not read,Federal acquisition/access governance and dated program context,Current practice from historical policy; local sharing edges without named evidence,PIA updates and OIG evaluations differ; same agency announcements not independent,Federal/third-party authorship and latest revision require review,M,P2 after P31,P31.12/13 inventory; S5-B; temporal scope
24,SRC-024,DLA LESO 1033 equipment holdings/transfers subset,US counties and agencies,https://www.dla.mil/Disposition-Services/FOIA/EFOIALibrary/,,net_new_structured_federal_target,No DLA/LESO source row found,2026-09-25,primary_search_excerpts,Official quarterly-data index and completeness caveat,Agency acquisition/holding leads for narrowly scoped surveillance equipment,Acquisition value as spending; omitted noncontrolled items as no historical transfer; full operational deployment,Quarterly snapshot lineage; IDs and receipt rules required before time series,File schema not inspected; exclude weapons unrelated to SIG and personal fields; federal authorship review,M-H,P2 structured alternative,S5-B; equipment taxonomy and holdings-versus-flow semantics
25,SRC-025,FAA Part 107 waiver issued records,US public safety subset,https://www.faa.gov/uas/commercial_operators/part_107_waivers/waivers_issued,https://www.faa.gov/uas/public_safety_gov/drone_program,existing_reference_target_deepening,FAA drone waivers reference-only row already exists,2026-09-25,primary_search_excerpts,Official waiver table and public-safety authorization explanation,Named organization authorization regulation and issue/expiry lead,Waiver as actual flight/system; no waiver as no drone program because other authorization routes exist,Waiver amendments and alternate authorization pathways separate,Responsible-person fields must be excluded; organization resolution and federal authorship review pending,M,P2,S5-B; privacy preflight; authorization versus deployment model
26,SRC-026,UK Algorithmic Transparency Recording Standard public-safety subset,United Kingdom,https://www.gov.uk/algorithmic-transparency-records,https://www.gov.uk/government/collections/algorithmic-transparency-recording-standard-hub,new_structured_documentary_family,UK surveillance camera commissioner already P31.12/13; ATRS distinct,2026-09-25,primary_search_excerpts,Official record index and standard hub,Structured system purpose supplier risk and governance for in-scope records,Every AI record as surveillance; self-disclosure as independent validation,Individual records revisions and copied catalog summaries grouped,OGL and third-party exceptions per artifact; jurisdiction/language mapping review,M,P3 later geographic expansion,P31.12/13 inventory; S5-B; strict public-safety scope
27,SRC-027,San Diego ALPR network audit metadata and safe aggregate feasibility,San Diego CA,https://www.sandiego.gov/police/data-transparency/technology/view?tech=Automated+License+Plate+Recognition+(ALPR),,new_access_shape_same_publisher,No specific network-audit source row found; same SDPD lineage as SRC-003,2026-09-25,index_metadata_only_files_not_fetched,Index links label 2024 2025 and 2026 network audit spreadsheets,Existence of audit-document links and candidate period metadata,Any actual sharing edge or personal query content before safe permitted review,Same publisher as annual reports; aggregate and underlying audit not independent corroboration,Potential plates queries officer identities; redacted label insufficient; acquisition prohibited until preflight/approval,H,P3 metadata only,Explicit content admissibility and rights decisions; privacy-safe aggregate path
